SET @OLD_UNIQUE_CHECKS=@@UNIQUE_CHECKS, UNIQUE_CHECKS=0;
SET @OLD_FOREIGN_KEY_CHECKS=@@FOREIGN_KEY_CHECKS, FOREIGN_KEY_CHECKS=0;
SET @OLD_SQL_MODE=@@SQL_MODE, SQL_MODE='TRADITIONAL';

CREATE SCHEMA IF NOT EXISTS `archivos` DEFAULT CHARACTER SET latin1 ;
USE `archivos` ;

-- -----------------------------------------------------
-- Table `archivos`.`dependencia`
-- -----------------------------------------------------
CREATE  TABLE IF NOT EXISTS `archivos`.`dependencia` (
  `idDep` TINYINT UNSIGNED NOT NULL AUTO_INCREMENT ,
  `Descripcion` VARCHAR(30) NOT NULL ,
  `Usuario` VARCHAR(12) NOT NULL ,
  `Fecha_Creacion` DATE NOT NULL ,
  PRIMARY KEY (`idDep`) )
ENGINE = InnoDB
DEFAULT CHARACTER SET = latin1;


-- -----------------------------------------------------
-- Table `archivos`.`departamento`
-- -----------------------------------------------------
CREATE  TABLE IF NOT EXISTS `archivos`.`departamento` (
  `idDpto` TINYINT UNSIGNED NOT NULL AUTO_INCREMENT ,
  `Descripcion` VARCHAR(20) NOT NULL ,
  `Usuario` VARCHAR(12) NOT NULL ,
  `Fecha_Creacion` DATE NOT NULL ,
  PRIMARY KEY (`idDpto`) )
ENGINE = InnoDB
DEFAULT CHARACTER SET = latin1;


-- -----------------------------------------------------
-- Table `archivos`.`dpto_dep`
-- -----------------------------------------------------
CREATE  TABLE IF NOT EXISTS `archivos`.`dpto_dep` (
  `idDpto_Dep` TINYINT UNSIGNED NOT NULL AUTO_INCREMENT ,
  `idDpto` TINYINT UNSIGNED NOT NULL ,
  `idDep` TINYINT UNSIGNED NOT NULL ,
  `Usuario` VARCHAR(12) NOT NULL ,
  `Fecha_Creacion` DATE NOT NULL ,
  PRIMARY KEY (`idDpto_Dep`) ,
  INDEX `FK_DD_idDpto` (`idDpto` ASC) ,
  INDEX `FK_DD_idDep` (`idDep` ASC) ,
  CONSTRAINT `FK_DD_idDep`
    FOREIGN KEY (`idDep` )
    REFERENCES `archivos`.`dependencia` (`idDep` )
    ON DELETE NO ACTION
    ON UPDATE NO ACTION,
  CONSTRAINT `FK_DD_idDpto`
    FOREIGN KEY (`idDpto` )
    REFERENCES `archivos`.`departamento` (`idDpto` )
    ON DELETE NO ACTION
    ON UPDATE NO ACTION)
ENGINE = InnoDB
DEFAULT CHARACTER SET = latin1;


-- -----------------------------------------------------
-- Table `archivos`.`localizacion`
-- -----------------------------------------------------
CREATE  TABLE IF NOT EXISTS `archivos`.`localizacion` (
  `idLocalizacion` MEDIUMINT UNSIGNED NOT NULL AUTO_INCREMENT ,
  `idDpto` TINYINT NOT NULL ,
  `Fila` SMALLINT UNSIGNED NOT NULL ,
  `Estante` VARCHAR(5) NOT NULL ,
  `Usuario` VARCHAR(12) NOT NULL ,
  `Fecha_Creacion` DATE NOT NULL ,
  PRIMARY KEY (`idLocalizacion`) )
ENGINE = InnoDB
AUTO_INCREMENT = 1
DEFAULT CHARACTER SET = latin1;


-- -----------------------------------------------------
-- Table `archivos`.`ubicacion`
-- -----------------------------------------------------
CREATE  TABLE IF NOT EXISTS `archivos`.`ubicacion` (
  `idUbicacion` MEDIUMINT UNSIGNED NOT NULL AUTO_INCREMENT ,
  `idLocalizacion` MEDIUMINT UNSIGNED NOT NULL ,
  `Disponibilidad` VARCHAR(15) NOT NULL ,
  `Usuario` VARCHAR(12) NOT NULL ,
  `Fecha_Creacion` DATE NOT NULL ,
  PRIMARY KEY (`idUbicacion`) ,
  INDEX `FK_Local_idLoc` (`idLocalizacion` ASC) ,
  CONSTRAINT `FK_Local_idLoc`
    FOREIGN KEY (`idLocalizacion` )
    REFERENCES `archivos`.`localizacion` (`idLocalizacion` )
    ON DELETE NO ACTION
    ON UPDATE NO ACTION)
ENGINE = InnoDB;


-- -----------------------------------------------------
-- Table `archivos`.`valordoc`
-- -----------------------------------------------------
CREATE  TABLE IF NOT EXISTS `archivos`.`valordoc` (
  `idValorDoc` TINYINT UNSIGNED NOT NULL AUTO_INCREMENT ,
  `Descripcion` VARCHAR(15) NOT NULL ,
  `Anos_Ret` TINYINT UNSIGNED NOT NULL ,
  `Usuario` VARCHAR(12) NOT NULL ,
  `Fecha_Creacion` DATE NOT NULL ,
  PRIMARY KEY (`idValorDoc`) )
ENGINE = InnoDB;


-- -----------------------------------------------------
-- Table `archivos`.`caja`
-- -----------------------------------------------------
CREATE  TABLE IF NOT EXISTS `archivos`.`caja` (
  `idCaja` MEDIUMINT UNSIGNED NOT NULL AUTO_INCREMENT ,
  `idDpto_Dep` TINYINT UNSIGNED NOT NULL ,
  `idUbicacion` MEDIUMINT UNSIGNED NOT NULL ,
  `idValorDoc` TINYINT UNSIGNED NOT NULL ,
  `Disponibilidad` VARCHAR(15) NOT NULL ,
  `Capacidad` TINYINT(1) NOT NULL ,
  `Usuario` VARCHAR(12) NOT NULL ,
  `Fecha_Creacion` DATE NOT NULL ,
  PRIMARY KEY (`idCaja`) ,
  INDEX `FK_Caja_idDptoDep` (`idDpto_Dep` ASC) ,
  INDEX `FK_Ubic_idUbic` (`idUbicacion` ASC) ,
  INDEX `FK_idValorDoc` (`idValorDoc` ASC) ,
  CONSTRAINT `FK_Caja_idDptoDep`
    FOREIGN KEY (`idDpto_Dep` )
    REFERENCES `archivos`.`dpto_dep` (`idDpto_Dep` )
    ON DELETE NO ACTION
    ON UPDATE NO ACTION,
  CONSTRAINT `FK_Ubic_idUbic`
    FOREIGN KEY (`idUbicacion` )
    REFERENCES `archivos`.`ubicacion` (`idUbicacion` )
    ON DELETE NO ACTION
    ON UPDATE NO ACTION,
  CONSTRAINT `FK_idValorDoc`
    FOREIGN KEY (`idValorDoc` )
    REFERENCES `archivos`.`valordoc` (`idValorDoc` )
    ON DELETE NO ACTION
    ON UPDATE NO ACTION)
ENGINE = InnoDB
DEFAULT CHARACTER SET = latin1;


-- -----------------------------------------------------
-- Table `archivos`.`TipoCarpeta`
-- -----------------------------------------------------
CREATE  TABLE IF NOT EXISTS `archivos`.`TipoCarpeta` (
  `idTipoCarpeta` TINYINT UNSIGNED NOT NULL AUTO_INCREMENT ,
  `Descripcion` VARCHAR(20) NOT NULL ,
  `Usuario` VARCHAR(12) NOT NULL ,
  `Fecha_Creacion` DATE NOT NULL ,
  PRIMARY KEY (`idTipoCarpeta`) )
ENGINE = InnoDB;


-- -----------------------------------------------------
-- Table `archivos`.`carpeta`
-- -----------------------------------------------------
CREATE  TABLE IF NOT EXISTS `archivos`.`carpeta` (
  `idCarpeta` MEDIUMINT UNSIGNED NOT NULL AUTO_INCREMENT ,
  `idCaja` MEDIUMINT UNSIGNED NULL ,
  `idTipoCarpeta` TINYINT UNSIGNED NOT NULL ,
  `idUsuario` VARCHAR(12) NOT NULL ,
  `Fecha_Ini` DATE NOT NULL ,
  `Fecha_Fin` DATE NOT NULL ,
  `Serie` VARCHAR(30) NOT NULL ,
  `Subserie` VARCHAR(100) NOT NULL ,
  `nSerieInf` MEDIUMINT UNSIGNED NOT NULL ,
  `nSerieSup` MEDIUMINT UNSIGNED NOT NULL ,
  `FechaMaxRet` DATE NOT NULL ,
  `Fecha_Creacion` DATE NOT NULL ,
  PRIMARY KEY (`idCarpeta`) ,
  INDEX `FK_Carpeta_idCaja` (`idCaja` ASC) ,
  INDEX `FK_idTipoCarpeta` (`idTipoCarpeta` ASC) ,
  CONSTRAINT `FK_Carpeta_idCaja`
    FOREIGN KEY (`idCaja` )
    REFERENCES `archivos`.`caja` (`idCaja` )
    ON DELETE NO ACTION
    ON UPDATE NO ACTION,
  CONSTRAINT `FK_idTipoCarpeta`
    FOREIGN KEY (`idTipoCarpeta` )
    REFERENCES `archivos`.`TipoCarpeta` (`idTipoCarpeta` )
    ON DELETE NO ACTION
    ON UPDATE NO ACTION)
ENGINE = InnoDB
DEFAULT CHARACTER SET = latin1;


-- -----------------------------------------------------
-- Table `archivos`.`usuario`
-- -----------------------------------------------------
CREATE  TABLE IF NOT EXISTS `archivos`.`usuario` (
  `idUsuario` VARCHAR(12) NOT NULL ,
  `Clave` VARCHAR(12) NOT NULL ,
  `Nombre` VARCHAR(25) NOT NULL ,
  `Apellido` VARCHAR(25) NOT NULL ,
  `Cedula` VARCHAR(10) NOT NULL ,
  `Usuario_Creador` VARCHAR(12) NOT NULL ,
  `Fecha_Creacion` DATE NOT NULL ,
  PRIMARY KEY (`idUsuario`) )
ENGINE = InnoDB
DEFAULT CHARACTER SET = latin1;


-- -----------------------------------------------------
-- Table `archivos`.`destruccion`
-- -----------------------------------------------------
CREATE  TABLE IF NOT EXISTS `archivos`.`destruccion` (
  `idDestruccion` MEDIUMINT UNSIGNED NOT NULL AUTO_INCREMENT ,
  `idUsuario` VARCHAR(12) NOT NULL ,
  `idCarpeta` MEDIUMINT UNSIGNED NOT NULL ,
  `Dpto` VARCHAR(20) NOT NULL ,
  `Fecha_Destr` DATETIME NOT NULL ,
  `Fecha_Creacion` DATE NOT NULL ,
  PRIMARY KEY (`idDestruccion`) ,
  INDEX `FK_Dest_Carpeta` (`idCarpeta` ASC) ,
  INDEX `FK_Dest_Usuario` (`idUsuario` ASC) ,
  CONSTRAINT `FK_Dest_Carpeta`
    FOREIGN KEY (`idCarpeta` )
    REFERENCES `archivos`.`carpeta` (`idCarpeta` )
    ON DELETE NO ACTION
    ON UPDATE NO ACTION,
  CONSTRAINT `FK_Dest_Usuario`
    FOREIGN KEY (`idUsuario` )
    REFERENCES `archivos`.`usuario` (`idUsuario` )
    ON DELETE NO ACTION
    ON UPDATE NO ACTION)
ENGINE = InnoDB
DEFAULT CHARACTER SET = latin1;


-- -----------------------------------------------------
-- Table `archivos`.`parametro`
-- -----------------------------------------------------
CREATE  TABLE IF NOT EXISTS `archivos`.`parametro` (
  `idParametro` TINYINT UNSIGNED NOT NULL AUTO_INCREMENT ,
  `Descripcion` VARCHAR(40) NOT NULL ,
  `Valor` SMALLINT UNSIGNED NOT NULL ,
  `idDpto_Dep` TINYINT UNSIGNED NOT NULL ,
  `Usuario` VARCHAR(12) NOT NULL ,
  `Fecha_Creacion` DATE NOT NULL ,
  PRIMARY KEY (`idParametro`) )
ENGINE = InnoDB
AUTO_INCREMENT = 1
DEFAULT CHARACTER SET = latin1;


-- -----------------------------------------------------
-- Table `archivos`.`prestamo`
-- -----------------------------------------------------
CREATE  TABLE IF NOT EXISTS `archivos`.`prestamo` (
  `idPrestamo` MEDIUMINT UNSIGNED NOT NULL AUTO_INCREMENT ,
  `idUsuario` VARCHAR(12) NOT NULL ,
  `idCaja` MEDIUMINT UNSIGNED NOT NULL ,
  `Fecha_prestamo` DATETIME NOT NULL ,
  `Entrega_estimada` DATETIME NOT NULL ,
  `Entrega_prestamo` DATETIME NULL DEFAULT NULL ,
  `Observacion` VARCHAR(70) NULL ,
  `idUsuario_Receptor` VARCHAR(12) NULL ,
  `Fecha_Creacion` DATE NOT NULL ,
  PRIMARY KEY (`idPrestamo`) ,
  INDEX `FK_Consulta_idUsuario` (`idUsuario` ASC) ,
  INDEX `FK_Consulta_idCaja` (`idCaja` ASC) ,
  CONSTRAINT `FK_Consulta_idCaja`
    FOREIGN KEY (`idCaja` )
    REFERENCES `archivos`.`caja` (`idCaja` )
    ON DELETE NO ACTION
    ON UPDATE NO ACTION,
  CONSTRAINT `FK_Consulta_idUsuario`
    FOREIGN KEY (`idUsuario` )
    REFERENCES `archivos`.`usuario` (`idUsuario` )
    ON DELETE NO ACTION
    ON UPDATE NO ACTION)
ENGINE = InnoDB
DEFAULT CHARACTER SET = latin1;


-- -----------------------------------------------------
-- Table `archivos`.`traslado`
-- -----------------------------------------------------
CREATE  TABLE IF NOT EXISTS `archivos`.`traslado` (
  `idTraslado` MEDIUMINT UNSIGNED NOT NULL AUTO_INCREMENT ,
  `idCarpeta` MEDIUMINT UNSIGNED NOT NULL ,
  `Usuario` VARCHAR(12) NOT NULL ,
  `Fecha_Traslado` DATETIME NOT NULL ,
  `Fecha_Creacion` DATE NOT NULL ,
  PRIMARY KEY (`idTraslado`) ,
  INDEX `FK_Traslado_idCaja` (`idCarpeta` ASC) ,
  CONSTRAINT `FK_Traslado_idCarpeta`
    FOREIGN KEY (`idCarpeta` )
    REFERENCES `archivos`.`carpeta` (`idCarpeta` )
    ON DELETE NO ACTION
    ON UPDATE NO ACTION)
ENGINE = InnoDB
DEFAULT CHARACTER SET = latin1;


-- -----------------------------------------------------
-- Table `archivos`.`Usuario_Dpto`
-- -----------------------------------------------------
CREATE  TABLE IF NOT EXISTS `archivos`.`Usuario_Dpto` (
  `idUsuario_Dpto` MEDIUMINT UNSIGNED NOT NULL AUTO_INCREMENT ,
  `idDpto_Dep` TINYINT UNSIGNED NOT NULL ,
  `idUsuario` VARCHAR(12) NOT NULL ,
  `Usuario_Creador` VARCHAR(12) NOT NULL ,
  `Fecha_Creacion` DATE NOT NULL ,
  PRIMARY KEY (`idUsuario_Dpto`) ,
  INDEX `FK_idUsuario_UD` (`idUsuario` ASC) ,
  INDEX `FK_idDpto_Dep_DD` (`idDpto_Dep` ASC) ,
  CONSTRAINT `FK_idUsuario_UD`
    FOREIGN KEY (`idUsuario` )
    REFERENCES `archivos`.`usuario` (`idUsuario` )
    ON DELETE NO ACTION
    ON UPDATE NO ACTION,
  CONSTRAINT `FK_idDpto_Dep_DD`
    FOREIGN KEY (`idDpto_Dep` )
    REFERENCES `archivos`.`dpto_dep` (`idDpto_Dep` )
    ON DELETE NO ACTION
    ON UPDATE NO ACTION)
ENGINE = InnoDB;


-- -----------------------------------------------------
-- Table `archivos`.`rol`
-- -----------------------------------------------------
CREATE  TABLE IF NOT EXISTS `archivos`.`rol` (
  `idRol` SMALLINT UNSIGNED NOT NULL AUTO_INCREMENT ,
  `Nombre_Rol` VARCHAR(20) NOT NULL ,
  `Usuario_Creador` VARCHAR(12) NOT NULL ,
  `Fecha_Creacion` DATE NOT NULL ,
  PRIMARY KEY (`idRol`) )
ENGINE = InnoDB;


-- -----------------------------------------------------
-- Table `archivos`.`rol_usuario`
-- -----------------------------------------------------
CREATE  TABLE IF NOT EXISTS `archivos`.`rol_usuario` (
  `idRol_Usuario` SMALLINT UNSIGNED NOT NULL AUTO_INCREMENT ,
  `idUsuario` VARCHAR(12) NOT NULL ,
  `idRol` SMALLINT UNSIGNED NOT NULL ,
  `Usuario_Creador` VARCHAR(12) NOT NULL ,
  `Fecha_Creacion` DATE NOT NULL ,
  INDEX `fk_rol_usuario1` (`idUsuario` ASC) ,
  PRIMARY KEY (`idRol_Usuario`) ,
  INDEX `FK_Rol_idRol` (`idRol` ASC) ,
  CONSTRAINT `fk_rol_usuario1`
    FOREIGN KEY (`idUsuario` )
    REFERENCES `archivos`.`usuario` (`idUsuario` )
    ON DELETE NO ACTION
    ON UPDATE NO ACTION,
  CONSTRAINT `FK_Rol_idRol`
    FOREIGN KEY (`idRol` )
    REFERENCES `archivos`.`rol` (`idRol` )
    ON DELETE NO ACTION
    ON UPDATE NO ACTION)
ENGINE = InnoDB;


-- -----------------------------------------------------
-- Table `archivos`.`menu`
-- -----------------------------------------------------
CREATE  TABLE IF NOT EXISTS `archivos`.`menu` (
  `idMenus` SMALLINT UNSIGNED NOT NULL AUTO_INCREMENT ,
  `Menu` VARCHAR(15) NOT NULL ,
  `Submenu` VARCHAR(20) NOT NULL ,
  `Usuario_Creador` VARCHAR(12) NOT NULL ,
  `Fecha_Creacion` DATE NOT NULL ,
  PRIMARY KEY (`idMenus`) )
ENGINE = InnoDB;


-- -----------------------------------------------------
-- Table `archivos`.`menu_rol`
-- -----------------------------------------------------
CREATE  TABLE IF NOT EXISTS `archivos`.`menu_rol` (
  `idMenu_Rol` SMALLINT UNSIGNED NOT NULL AUTO_INCREMENT ,
  `idMenus` SMALLINT UNSIGNED NOT NULL ,
  `idRol` SMALLINT UNSIGNED NOT NULL ,
  `Usuario_Creador` VARCHAR(12) NOT NULL ,
  `Fecha_Creacion` DATE NOT NULL ,
  PRIMARY KEY (`idMenu_Rol`) ,
  INDEX `FK_MR_idMenus` (`idMenus` ASC) ,
  INDEX `FK_MR_idRol` (`idRol` ASC) ,
  CONSTRAINT `FK_MR_idMenus`
    FOREIGN KEY (`idMenus` )
    REFERENCES `archivos`.`menu` (`idMenus` )
    ON DELETE NO ACTION
    ON UPDATE NO ACTION,
  CONSTRAINT `FK_MR_idRol`
    FOREIGN KEY (`idRol` )
    REFERENCES `archivos`.`rol` (`idRol` )
    ON DELETE NO ACTION
    ON UPDATE NO ACTION)
ENGINE = InnoDB;


-- -----------------------------------------------------
-- Table `archivos`.`digitalizacion`
-- -----------------------------------------------------
CREATE  TABLE IF NOT EXISTS `archivos`.`digitalizacion` (
  `idDigitalizacion` INT UNSIGNED NOT NULL AUTO_INCREMENT ,
  `idCarpeta` MEDIUMINT UNSIGNED NOT NULL ,
  `Nombre_Archivo` VARCHAR(25) NOT NULL ,
  `Tipo_Archivo` VARCHAR(25) NOT NULL ,
  `Tamano_Archivo` INT UNSIGNED NOT NULL ,
  `Ruta` VARCHAR(260) NOT NULL ,
  `Dpto` VARCHAR(20) NOT NULL ,
  `Usuario` VARCHAR(12) NOT NULL ,
  `Fecha_Creacion` DATE NOT NULL ,
  PRIMARY KEY (`idDigitalizacion`) ,
  INDEX `FK_Dig_idCarpeta` (`idCarpeta` ASC) ,
  CONSTRAINT `FK_Dig_idCarpeta`
    FOREIGN KEY (`idCarpeta` )
    REFERENCES `archivos`.`carpeta` (`idCarpeta` )
    ON DELETE NO ACTION
    ON UPDATE NO ACTION)
ENGINE = InnoDB
DEFAULT CHARACTER SET = latin1;



SET SQL_MODE=@OLD_SQL_MODE;
SET FOREIGN_KEY_CHECKS=@OLD_FOREIGN_KEY_CHECKS;
SET UNIQUE_CHECKS=@OLD_UNIQUE_CHECKS;

-- -----------------------------------------------------
-- Data for table `archivos`.`dependencia`
-- -----------------------------------------------------
START TRANSACTION;
USE `archivos`;
INSERT INTO `archivos`.`dependencia` (`idDep`, `Descripcion`, `Usuario`, `Fecha_Creacion`) VALUES (1, 'Sistemas', 'admin', '2012-09-25');
INSERT INTO `archivos`.`dependencia` (`idDep`, `Descripcion`, `Usuario`, `Fecha_Creacion`) VALUES (2, 'Trafico y aduanas', 'admin', '2012-09-25');
INSERT INTO `archivos`.`dependencia` (`idDep`, `Descripcion`, `Usuario`, `Fecha_Creacion`) VALUES (3, 'Garantia', 'admin', '2012-09-25');
INSERT INTO `archivos`.`dependencia` (`idDep`, `Descripcion`, `Usuario`, `Fecha_Creacion`) VALUES (4, 'Recursos humanos', 'admin', '2012-09-25');
INSERT INTO `archivos`.`dependencia` (`idDep`, `Descripcion`, `Usuario`, `Fecha_Creacion`) VALUES (5, 'PDI', 'admin', '2012-09-25');
INSERT INTO `archivos`.`dependencia` (`idDep`, `Descripcion`, `Usuario`, `Fecha_Creacion`) VALUES (6, 'Repuestos', 'admin', '2012-09-25');
INSERT INTO `archivos`.`dependencia` (`idDep`, `Descripcion`, `Usuario`, `Fecha_Creacion`) VALUES (7, 'Distribucion', 'admin', '2012-09-25');
INSERT INTO `archivos`.`dependencia` (`idDep`, `Descripcion`, `Usuario`, `Fecha_Creacion`) VALUES (8, 'Cuentas por pagar', 'admin', '2012-09-25');
INSERT INTO `archivos`.`dependencia` (`idDep`, `Descripcion`, `Usuario`, `Fecha_Creacion`) VALUES (9, 'Cuentas por cobrar', 'admin', '2012-09-25');
INSERT INTO `archivos`.`dependencia` (`idDep`, `Descripcion`, `Usuario`, `Fecha_Creacion`) VALUES (10, 'Facturacion', 'admin', '2012-09-25');
INSERT INTO `archivos`.`dependencia` (`idDep`, `Descripcion`, `Usuario`, `Fecha_Creacion`) VALUES (11, 'Contabilidad', 'admin', '2012-09-25');
INSERT INTO `archivos`.`dependencia` (`idDep`, `Descripcion`, `Usuario`, `Fecha_Creacion`) VALUES (12, 'Fiscal', 'admin', '2012-09-25');
INSERT INTO `archivos`.`dependencia` (`idDep`, `Descripcion`, `Usuario`, `Fecha_Creacion`) VALUES (13, 'Por definir', 'admin', '2012-09-25');

COMMIT;

-- -----------------------------------------------------
-- Data for table `archivos`.`departamento`
-- -----------------------------------------------------
START TRANSACTION;
USE `archivos`;
INSERT INTO `archivos`.`departamento` (`idDpto`, `Descripcion`, `Usuario`, `Fecha_Creacion`) VALUES (1, 'Sistemas', 'admin', '2012-09-25');
INSERT INTO `archivos`.`departamento` (`idDpto`, `Descripcion`, `Usuario`, `Fecha_Creacion`) VALUES (2, 'Trafico y aduanas', 'admin', '2012-09-25');
INSERT INTO `archivos`.`departamento` (`idDpto`, `Descripcion`, `Usuario`, `Fecha_Creacion`) VALUES (3, 'Garantia', 'admin', '2012-09-25');
INSERT INTO `archivos`.`departamento` (`idDpto`, `Descripcion`, `Usuario`, `Fecha_Creacion`) VALUES (4, 'Recursos humanos', 'admin', '2012-09-25');
INSERT INTO `archivos`.`departamento` (`idDpto`, `Descripcion`, `Usuario`, `Fecha_Creacion`) VALUES (5, 'PDI', 'admin', '2012-09-25');
INSERT INTO `archivos`.`departamento` (`idDpto`, `Descripcion`, `Usuario`, `Fecha_Creacion`) VALUES (6, 'Repuestos', 'admin', '2012-09-25');
INSERT INTO `archivos`.`departamento` (`idDpto`, `Descripcion`, `Usuario`, `Fecha_Creacion`) VALUES (7, 'Distribucion', 'admin', '2012-09-25');
INSERT INTO `archivos`.`departamento` (`idDpto`, `Descripcion`, `Usuario`, `Fecha_Creacion`) VALUES (8, 'Administracion', 'admin', '2012-09-25');
INSERT INTO `archivos`.`departamento` (`idDpto`, `Descripcion`, `Usuario`, `Fecha_Creacion`) VALUES (9, 'Por definir', 'admin', '2012-09-25');

COMMIT;

-- -----------------------------------------------------
-- Data for table `archivos`.`dpto_dep`
-- -----------------------------------------------------
START TRANSACTION;
USE `archivos`;
INSERT INTO `archivos`.`dpto_dep` (`idDpto_Dep`, `idDpto`, `idDep`, `Usuario`, `Fecha_Creacion`) VALUES (1, 1, 1, 'admin', '2012-09-25');
INSERT INTO `archivos`.`dpto_dep` (`idDpto_Dep`, `idDpto`, `idDep`, `Usuario`, `Fecha_Creacion`) VALUES (2, 2, 2, 'admin', '2012-09-25');
INSERT INTO `archivos`.`dpto_dep` (`idDpto_Dep`, `idDpto`, `idDep`, `Usuario`, `Fecha_Creacion`) VALUES (3, 3, 3, 'admin', '2012-09-25');
INSERT INTO `archivos`.`dpto_dep` (`idDpto_Dep`, `idDpto`, `idDep`, `Usuario`, `Fecha_Creacion`) VALUES (4, 4, 4, 'admin', '2012-09-25');
INSERT INTO `archivos`.`dpto_dep` (`idDpto_Dep`, `idDpto`, `idDep`, `Usuario`, `Fecha_Creacion`) VALUES (5, 5, 5, 'admin', '2012-09-25');
INSERT INTO `archivos`.`dpto_dep` (`idDpto_Dep`, `idDpto`, `idDep`, `Usuario`, `Fecha_Creacion`) VALUES (6, 6, 6, 'admin', '2012-09-25');
INSERT INTO `archivos`.`dpto_dep` (`idDpto_Dep`, `idDpto`, `idDep`, `Usuario`, `Fecha_Creacion`) VALUES (7, 7, 7, 'admin', '2012-09-25');
INSERT INTO `archivos`.`dpto_dep` (`idDpto_Dep`, `idDpto`, `idDep`, `Usuario`, `Fecha_Creacion`) VALUES (8, 8, 8, 'admin', '2012-09-25');
INSERT INTO `archivos`.`dpto_dep` (`idDpto_Dep`, `idDpto`, `idDep`, `Usuario`, `Fecha_Creacion`) VALUES (9, 8, 9, 'admin', '2012-09-25');
INSERT INTO `archivos`.`dpto_dep` (`idDpto_Dep`, `idDpto`, `idDep`, `Usuario`, `Fecha_Creacion`) VALUES (10, 8, 10, 'admin', '2012-09-25');
INSERT INTO `archivos`.`dpto_dep` (`idDpto_Dep`, `idDpto`, `idDep`, `Usuario`, `Fecha_Creacion`) VALUES (11, 8, 11, 'admin', '2012-09-25');
INSERT INTO `archivos`.`dpto_dep` (`idDpto_Dep`, `idDpto`, `idDep`, `Usuario`, `Fecha_Creacion`) VALUES (12, 8, 12, 'admin', '2012-09-25');
INSERT INTO `archivos`.`dpto_dep` (`idDpto_Dep`, `idDpto`, `idDep`, `Usuario`, `Fecha_Creacion`) VALUES (13, 8, 13, 'admin', '2012-09-25');
INSERT INTO `archivos`.`dpto_dep` (`idDpto_Dep`, `idDpto`, `idDep`, `Usuario`, `Fecha_Creacion`) VALUES (14, 9, 13, 'admin', '2012-09-25');

COMMIT;

-- -----------------------------------------------------
-- Data for table `archivos`.`valordoc`
-- -----------------------------------------------------
START TRANSACTION;
USE `archivos`;
INSERT INTO `archivos`.`valordoc` (`idValorDoc`, `Descripcion`, `Anos_Ret`, `Usuario`, `Fecha_Creacion`) VALUES (1, 'Administrativo', 10, 'admin', '2012-09-25');
INSERT INTO `archivos`.`valordoc` (`idValorDoc`, `Descripcion`, `Anos_Ret`, `Usuario`, `Fecha_Creacion`) VALUES (2, 'Legal', 10, 'admin', '2012-09-25');
INSERT INTO `archivos`.`valordoc` (`idValorDoc`, `Descripcion`, `Anos_Ret`, `Usuario`, `Fecha_Creacion`) VALUES (3, 'Fiscal', 10, 'admin', '2012-09-25');
INSERT INTO `archivos`.`valordoc` (`idValorDoc`, `Descripcion`, `Anos_Ret`, `Usuario`, `Fecha_Creacion`) VALUES (4, 'Juridico', 10, 'admin', '2012-09-25');
INSERT INTO `archivos`.`valordoc` (`idValorDoc`, `Descripcion`, `Anos_Ret`, `Usuario`, `Fecha_Creacion`) VALUES (5, 'Tecnico', 5, 'admin', '2012-09-25');
INSERT INTO `archivos`.`valordoc` (`idValorDoc`, `Descripcion`, `Anos_Ret`, `Usuario`, `Fecha_Creacion`) VALUES (6, 'Contable', 10, 'admin', '2012-09-25');
INSERT INTO `archivos`.`valordoc` (`idValorDoc`, `Descripcion`, `Anos_Ret`, `Usuario`, `Fecha_Creacion`) VALUES (7, 'Historico', 5, 'admin', '2012-09-25');
INSERT INTO `archivos`.`valordoc` (`idValorDoc`, `Descripcion`, `Anos_Ret`, `Usuario`, `Fecha_Creacion`) VALUES (8, 'Por definir', 10, 'admin', '2012-09-25');

COMMIT;

-- -----------------------------------------------------
-- Data for table `archivos`.`TipoCarpeta`
-- -----------------------------------------------------
START TRANSACTION;
USE `archivos`;
INSERT INTO `archivos`.`TipoCarpeta` (`idTipoCarpeta`, `Descripcion`, `Usuario`, `Fecha_Creacion`) VALUES (1, 'Mayka - Dos aros', 'admin', '2012-09-25');

COMMIT;

-- -----------------------------------------------------
-- Data for table `archivos`.`usuario`
-- -----------------------------------------------------
START TRANSACTION;
USE `archivos`;
INSERT INTO `archivos`.`usuario` (`idUsuario`, `Clave`, `Nombre`, `Apellido`, `Cedula`, `Usuario_Creador`, `Fecha_Creacion`) VALUES ('admin', '12345**kia', 'admin', 'dukia', 'V-12345678', 'admin', '2012-09-25');

COMMIT;

-- -----------------------------------------------------
-- Data for table `archivos`.`parametro`
-- -----------------------------------------------------
START TRANSACTION;
USE `archivos`;
INSERT INTO `archivos`.`parametro` (`idParametro`, `Descripcion`, `Valor`, `idDpto_Dep`, `Usuario`, `Fecha_Creacion`) VALUES (1, 'Espacios por fila', 3, 1, 'admin', '2012-09-13');
INSERT INTO `archivos`.`parametro` (`idParametro`, `Descripcion`, `Valor`, `idDpto_Dep`, `Usuario`, `Fecha_Creacion`) VALUES (2, 'Cantidad de filas por estante', 6, 1, 'admin', '2012-09-13');

COMMIT;

-- -----------------------------------------------------
-- Data for table `archivos`.`Usuario_Dpto`
-- -----------------------------------------------------
START TRANSACTION;
USE `archivos`;
INSERT INTO `archivos`.`Usuario_Dpto` (`idUsuario_Dpto`, `idDpto_Dep`, `idUsuario`, `Usuario_Creador`, `Fecha_Creacion`) VALUES (1, 1, 'admin', 'admin', '2012-09-25');
INSERT INTO `archivos`.`Usuario_Dpto` (`idUsuario_Dpto`, `idDpto_Dep`, `idUsuario`, `Usuario_Creador`, `Fecha_Creacion`) VALUES (2, 2, 'admin', 'admin', '2012-09-25');
INSERT INTO `archivos`.`Usuario_Dpto` (`idUsuario_Dpto`, `idDpto_Dep`, `idUsuario`, `Usuario_Creador`, `Fecha_Creacion`) VALUES (3, 3, 'admin', 'admin', '2012-09-25');
INSERT INTO `archivos`.`Usuario_Dpto` (`idUsuario_Dpto`, `idDpto_Dep`, `idUsuario`, `Usuario_Creador`, `Fecha_Creacion`) VALUES (4, 4, 'admin', 'admin', '2012-09-25');
INSERT INTO `archivos`.`Usuario_Dpto` (`idUsuario_Dpto`, `idDpto_Dep`, `idUsuario`, `Usuario_Creador`, `Fecha_Creacion`) VALUES (5, 5, 'admin', 'admin', '2012-09-25');
INSERT INTO `archivos`.`Usuario_Dpto` (`idUsuario_Dpto`, `idDpto_Dep`, `idUsuario`, `Usuario_Creador`, `Fecha_Creacion`) VALUES (6, 6, 'admin', 'admin', '2012-09-25');
INSERT INTO `archivos`.`Usuario_Dpto` (`idUsuario_Dpto`, `idDpto_Dep`, `idUsuario`, `Usuario_Creador`, `Fecha_Creacion`) VALUES (7, 7, 'admin', 'admin', '2012-09-25');
INSERT INTO `archivos`.`Usuario_Dpto` (`idUsuario_Dpto`, `idDpto_Dep`, `idUsuario`, `Usuario_Creador`, `Fecha_Creacion`) VALUES (8, 8, 'admin', 'admin', '2012-09-25');
INSERT INTO `archivos`.`Usuario_Dpto` (`idUsuario_Dpto`, `idDpto_Dep`, `idUsuario`, `Usuario_Creador`, `Fecha_Creacion`) VALUES (9, 9, 'admin', 'admin', '2012-09-25');
INSERT INTO `archivos`.`Usuario_Dpto` (`idUsuario_Dpto`, `idDpto_Dep`, `idUsuario`, `Usuario_Creador`, `Fecha_Creacion`) VALUES (10, 10, 'admin', 'admin', '2012-09-25');
INSERT INTO `archivos`.`Usuario_Dpto` (`idUsuario_Dpto`, `idDpto_Dep`, `idUsuario`, `Usuario_Creador`, `Fecha_Creacion`) VALUES (11, 11, 'admin', 'admin', '2012-09-25');
INSERT INTO `archivos`.`Usuario_Dpto` (`idUsuario_Dpto`, `idDpto_Dep`, `idUsuario`, `Usuario_Creador`, `Fecha_Creacion`) VALUES (12, 12, 'admin', 'admin', '2012-09-25');
INSERT INTO `archivos`.`Usuario_Dpto` (`idUsuario_Dpto`, `idDpto_Dep`, `idUsuario`, `Usuario_Creador`, `Fecha_Creacion`) VALUES (13, 13, 'admin', 'admin', '2012-09-25');
INSERT INTO `archivos`.`Usuario_Dpto` (`idUsuario_Dpto`, `idDpto_Dep`, `idUsuario`, `Usuario_Creador`, `Fecha_Creacion`) VALUES (14, 14, 'admin', 'admin', '2012-09-25');

COMMIT;

-- -----------------------------------------------------
-- Data for table `archivos`.`rol`
-- -----------------------------------------------------
START TRANSACTION;
USE `archivos`;
INSERT INTO `archivos`.`rol` (`idRol`, `Nombre_Rol`, `Usuario_Creador`, `Fecha_Creacion`) VALUES (1, 'Acceso total', 'admin', '2012-09-25');

COMMIT;

-- -----------------------------------------------------
-- Data for table `archivos`.`rol_usuario`
-- -----------------------------------------------------
START TRANSACTION;
USE `archivos`;
INSERT INTO `archivos`.`rol_usuario` (`idRol_Usuario`, `idUsuario`, `idRol`, `Usuario_Creador`, `Fecha_Creacion`) VALUES (1, 'admin', 1, 'admin', '2012-09-25');

COMMIT;

-- -----------------------------------------------------
-- Data for table `archivos`.`menu`
-- -----------------------------------------------------
START TRANSACTION;
USE `archivos`;
INSERT INTO `archivos`.`menu` (`idMenus`, `Menu`, `Submenu`, `Usuario_Creador`, `Fecha_Creacion`) VALUES (1, 'Mantenimiento', 'Parametros', 'admin', '2012-09-25');
INSERT INTO `archivos`.`menu` (`idMenus`, `Menu`, `Submenu`, `Usuario_Creador`, `Fecha_Creacion`) VALUES (2, 'Mantenimiento', 'Departamentos', 'admin', '2012-09-25');
INSERT INTO `archivos`.`menu` (`idMenus`, `Menu`, `Submenu`, `Usuario_Creador`, `Fecha_Creacion`) VALUES (3, 'Mantenimiento', 'Localizaciones', 'admin', '2012-09-25');
INSERT INTO `archivos`.`menu` (`idMenus`, `Menu`, `Submenu`, `Usuario_Creador`, `Fecha_Creacion`) VALUES (4, 'Mantenimiento', 'Valor documental', 'admin', '2012-09-25');
INSERT INTO `archivos`.`menu` (`idMenus`, `Menu`, `Submenu`, `Usuario_Creador`, `Fecha_Creacion`) VALUES (5, 'Mantenimiento', 'Tipo de carpetas', 'admin', '2012-09-25');
INSERT INTO `archivos`.`menu` (`idMenus`, `Menu`, `Submenu`, `Usuario_Creador`, `Fecha_Creacion`) VALUES (6, 'Procesos', 'Ingresar TRD', 'admin', '2012-09-25');
INSERT INTO `archivos`.`menu` (`idMenus`, `Menu`, `Submenu`, `Usuario_Creador`, `Fecha_Creacion`) VALUES (7, 'Procesos', 'Modificar TRD', 'admin', '2012-09-25');
INSERT INTO `archivos`.`menu` (`idMenus`, `Menu`, `Submenu`, `Usuario_Creador`, `Fecha_Creacion`) VALUES (8, 'Procesos', 'Desincorporar', 'admin', '2012-09-25');
INSERT INTO `archivos`.`menu` (`idMenus`, `Menu`, `Submenu`, `Usuario_Creador`, `Fecha_Creacion`) VALUES (9, 'Procesos', 'Registrar prestamo', 'admin', '2012-09-25');
INSERT INTO `archivos`.`menu` (`idMenus`, `Menu`, `Submenu`, `Usuario_Creador`, `Fecha_Creacion`) VALUES (10, 'Procesos', 'Devolucion prestamo', 'admin', '2012-09-25');
INSERT INTO `archivos`.`menu` (`idMenus`, `Menu`, `Submenu`, `Usuario_Creador`, `Fecha_Creacion`) VALUES (11, 'Consultas', 'Prestamos', 'admin', '2012-09-25');
INSERT INTO `archivos`.`menu` (`idMenus`, `Menu`, `Submenu`, `Usuario_Creador`, `Fecha_Creacion`) VALUES (12, 'Consultas', 'Carpetas', 'admin', '2012-09-25');
INSERT INTO `archivos`.`menu` (`idMenus`, `Menu`, `Submenu`, `Usuario_Creador`, `Fecha_Creacion`) VALUES (13, 'Consultas', 'Localizaciones', 'admin', '2012-09-25');
INSERT INTO `archivos`.`menu` (`idMenus`, `Menu`, `Submenu`, `Usuario_Creador`, `Fecha_Creacion`) VALUES (14, 'Seguridad', 'Admon. usuarios', 'admin', '2012-09-25');
INSERT INTO `archivos`.`menu` (`idMenus`, `Menu`, `Submenu`, `Usuario_Creador`, `Fecha_Creacion`) VALUES (15, 'Seguridad', 'Mant. de menus', 'admin', '2012-09-25');
INSERT INTO `archivos`.`menu` (`idMenus`, `Menu`, `Submenu`, `Usuario_Creador`, `Fecha_Creacion`) VALUES (16, 'Seguridad', 'Definir roles', 'admin', '2012-09-25');
INSERT INTO `archivos`.`menu` (`idMenus`, `Menu`, `Submenu`, `Usuario_Creador`, `Fecha_Creacion`) VALUES (17, 'Seguridad', 'Asignar roles', 'admin', '2012-09-25');

COMMIT;

-- -----------------------------------------------------
-- Data for table `archivos`.`menu_rol`
-- -----------------------------------------------------
START TRANSACTION;
USE `archivos`;
INSERT INTO `archivos`.`menu_rol` (`idMenu_Rol`, `idMenus`, `idRol`, `Usuario_Creador`, `Fecha_Creacion`) VALUES (1, 1, 1, 'admin', '2012-09-25');
INSERT INTO `archivos`.`menu_rol` (`idMenu_Rol`, `idMenus`, `idRol`, `Usuario_Creador`, `Fecha_Creacion`) VALUES (2, 2, 1, 'admin', '2012-09-25');
INSERT INTO `archivos`.`menu_rol` (`idMenu_Rol`, `idMenus`, `idRol`, `Usuario_Creador`, `Fecha_Creacion`) VALUES (3, 3, 1, 'admin', '2012-09-25');
INSERT INTO `archivos`.`menu_rol` (`idMenu_Rol`, `idMenus`, `idRol`, `Usuario_Creador`, `Fecha_Creacion`) VALUES (4, 4, 1, 'admin', '2012-09-25');
INSERT INTO `archivos`.`menu_rol` (`idMenu_Rol`, `idMenus`, `idRol`, `Usuario_Creador`, `Fecha_Creacion`) VALUES (5, 5, 1, 'admin', '2012-09-25');
INSERT INTO `archivos`.`menu_rol` (`idMenu_Rol`, `idMenus`, `idRol`, `Usuario_Creador`, `Fecha_Creacion`) VALUES (6, 6, 1, 'admin', '2012-09-25');
INSERT INTO `archivos`.`menu_rol` (`idMenu_Rol`, `idMenus`, `idRol`, `Usuario_Creador`, `Fecha_Creacion`) VALUES (7, 7, 1, 'admin', '2012-09-25');
INSERT INTO `archivos`.`menu_rol` (`idMenu_Rol`, `idMenus`, `idRol`, `Usuario_Creador`, `Fecha_Creacion`) VALUES (8, 8, 1, 'admin', '2012-09-25');
INSERT INTO `archivos`.`menu_rol` (`idMenu_Rol`, `idMenus`, `idRol`, `Usuario_Creador`, `Fecha_Creacion`) VALUES (9, 9, 1, 'admin', '2012-09-25');
INSERT INTO `archivos`.`menu_rol` (`idMenu_Rol`, `idMenus`, `idRol`, `Usuario_Creador`, `Fecha_Creacion`) VALUES (10, 10, 1, 'admin', '2012-09-25');
INSERT INTO `archivos`.`menu_rol` (`idMenu_Rol`, `idMenus`, `idRol`, `Usuario_Creador`, `Fecha_Creacion`) VALUES (11, 11, 1, 'admin', '2012-09-25');
INSERT INTO `archivos`.`menu_rol` (`idMenu_Rol`, `idMenus`, `idRol`, `Usuario_Creador`, `Fecha_Creacion`) VALUES (12, 12, 1, 'admin', '2012-09-25');
INSERT INTO `archivos`.`menu_rol` (`idMenu_Rol`, `idMenus`, `idRol`, `Usuario_Creador`, `Fecha_Creacion`) VALUES (13, 13, 1, 'admin', '2012-09-25');
INSERT INTO `archivos`.`menu_rol` (`idMenu_Rol`, `idMenus`, `idRol`, `Usuario_Creador`, `Fecha_Creacion`) VALUES (14, 14, 1, 'admin', '2012-09-25');
INSERT INTO `archivos`.`menu_rol` (`idMenu_Rol`, `idMenus`, `idRol`, `Usuario_Creador`, `Fecha_Creacion`) VALUES (15, 15, 1, 'admin', '2012-09-25');
INSERT INTO `archivos`.`menu_rol` (`idMenu_Rol`, `idMenus`, `idRol`, `Usuario_Creador`, `Fecha_Creacion`) VALUES (16, 16, 1, 'admin', '2012-09-25');
INSERT INTO `archivos`.`menu_rol` (`idMenu_Rol`, `idMenus`, `idRol`, `Usuario_Creador`, `Fecha_Creacion`) VALUES (17, 17, 1, 'admin', '2012-09-25');

COMMIT;

INSERT INTO `localizacion` (`idLocalizacion`, `idDpto`, `Fila`, `Estante`, `Usuario`, `Fecha_Creacion`) VALUES
(1, 8, 1, '1', 'admin', '2012-10-08'),
(2, 8, 2, '1', 'admin', '2012-10-08'),
(3, 8, 3, '1', 'admin', '2012-10-08'),
(4, 8, 4, '1', 'admin', '2012-10-08'),
(5, 8, 5, '1', 'admin', '2012-10-08'),
(6, 9, 1, '2', 'admin', '2012-10-08'),
(7, 9, 2, '2', 'admin', '2012-10-08'),
(8, 9, 3, '2', 'admin', '2012-10-08'),
(9, 9, 4, '2', 'admin', '2012-10-08'),
(10, 9, 5, '2', 'admin', '2012-10-08'),
(11, 8, 1, '3', 'admin', '2012-10-08'),
(12, 8, 2, '3', 'admin', '2012-10-08'),
(13, 8, 3, '3', 'admin', '2012-10-08'),
(14, 8, 4, '3', 'admin', '2012-10-08'),
(15, 8, 5, '3', 'admin', '2012-10-08'),
(16, 8, 1, '4', 'admin', '2012-10-16'),
(17, 8, 2, '4', 'admin', '2012-10-16'),
(18, 8, 3, '4', 'admin', '2012-10-16'),
(19, 8, 4, '4', 'admin', '2012-10-16'),
(20, 8, 5, '4', 'admin', '2012-10-16'),
(21, 2, 1, '5', 'admin', '2012-10-16'),
(22, 8, 2, '5', 'admin', '2012-10-16'),
(23, 8, 3, '5', 'admin', '2012-10-16'),
(24, 9, 4, '5', 'admin', '2012-10-16'),
(25, 8, 1, '6', 'admin', '2012-10-16'),
(26, 8, 2, '6', 'admin', '2012-10-16'),
(27, 8, 3, '6', 'admin', '2012-10-16'),
(28, 8, 4, '6', 'admin', '2012-10-16'),
(29, 8, 5, '6', 'admin', '2012-10-16'),
(30, 8, 1, '7', 'admin', '2012-10-16'),
(31, 8, 2, '7', 'admin', '2012-10-16'),
(32, 8, 3, '7', 'admin', '2012-10-16'),
(33, 8, 4, '7', 'admin', '2012-10-16'),
(34, 8, 5, '7', 'admin', '2012-10-16'),
(35, 8, 1, '8', 'admin', '2012-10-16'),
(36, 8, 2, '8', 'admin', '2012-10-16'),
(37, 8, 3, '8', 'admin', '2012-10-16'),
(38, 8, 4, '8', 'admin', '2012-10-16'),
(39, 9, 5, '8', 'admin', '2012-10-16'),
(40, 8, 1, '9', 'admin', '2012-10-16'),
(41, 8, 2, '9', 'admin', '2012-10-16'),
(42, 8, 3, '9', 'admin', '2012-10-16'),
(43, 8, 4, '9', 'admin', '2012-10-16'),
(44, 8, 5, '9', 'admin', '2012-10-16'),
(45, 8, 6, '9', 'admin', '2012-10-16'),
(46, 8, 1, '10', 'admin', '2012-10-17'),
(47, 8, 2, '10', 'admin', '2012-10-17'),
(48, 8, 3, '10', 'admin', '2012-10-17'),
(49, 8, 4, '10', 'admin', '2012-10-17'),
(50, 8, 5, '10', 'admin', '2012-10-17'),
(51, 8, 6, '10', 'admin', '2012-10-17'),
(52, 8, 1, '11', 'admin', '2012-10-17'),
(53, 8, 2, '11', 'admin', '2012-10-17'),
(54, 8, 3, '11', 'admin', '2012-10-17'),
(55, 8, 6, '11', 'admin', '2012-10-17'),
(56, 4, 1, '12', 'admin', '2012-10-17'),
(57, 4, 2, '12', 'admin', '2012-10-17'),
(58, 4, 3, '12', 'admin', '2012-10-17'),
(59, 4, 4, '12', 'admin', '2012-10-17'),
(60, 4, 5, '12', 'admin', '2012-10-17'),
(61, 4, 1, '13', 'admin', '2012-10-17'),
(62, 4, 2, '13', 'admin', '2012-10-17'),
(63, 4, 3, '13', 'admin', '2012-10-17'),
(64, 4, 4, '13', 'admin', '2012-10-17'),
(65, 4, 5, '13', 'admin', '2012-10-17'),
(66, 4, 6, '13', 'admin', '2012-10-17'),
(67, 4, 1, '14', 'admin', '2012-10-17'),
(68, 4, 2, '14', 'admin', '2012-10-17'),
(69, 4, 3, '14', 'admin', '2012-10-17'),
(70, 4, 4, '14', 'admin', '2012-10-17'),
(71, 4, 5, '14', 'admin', '2012-10-17'),
(72, 4, 6, '14', 'admin', '2012-10-17'),
(73, 9, 1, '15', 'admin', '2012-10-17'),
(74, 9, 2, '15', 'admin', '2012-10-17'),
(75, 9, 3, '15', 'admin', '2012-10-17'),
(76, 9, 4, '15', 'admin', '2012-10-17'),
(77, 9, 5, '15', 'admin', '2012-10-17'),
(78, 1, 6, '15', 'admin', '2012-10-17'),
(79, 9, 1, '16', 'admin', '2012-10-18'),
(80, 9, 2, '16', 'admin', '2012-10-18'),
(81, 9, 3, '16', 'admin', '2012-10-18'),
(82, 9, 4, '16', 'admin', '2012-10-18'),
(83, 9, 5, '16', 'admin', '2012-10-18'),
(84, 9, 1, '17', 'admin', '2012-10-18'),
(85, 9, 2, '17', 'admin', '2012-10-18'),
(86, 9, 3, '17', 'admin', '2012-10-18'),
(87, 9, 4, '17', 'admin', '2012-10-18'),
(88, 9, 5, '17', 'admin', '2012-10-18'),
(89, 9, 2, '18', 'admin', '2012-10-18'),
(90, 9, 4, '18', 'admin', '2012-10-18'),
(91, 9, 5, '18', 'admin', '2012-10-18'),
(92, 9, 1, '19', 'admin', '2012-10-18'),
(93, 9, 2, '19', 'admin', '2012-10-18'),
(94, 9, 3, '19', 'admin', '2012-10-18'),
(95, 9, 4, '19', 'admin', '2012-10-18'),
(96, 9, 5, '19', 'admin', '2012-10-18'),
(97, 9, 1, '20', 'admin', '2012-10-18'),
(98, 9, 2, '20', 'admin', '2012-10-18'),
(99, 9, 3, '20', 'admin', '2012-10-18'),
(100, 9, 4, '20', 'admin', '2012-10-18'),
(101, 9, 5, '20', 'admin', '2012-10-18'),
(102, 9, 6, '20', 'admin', '2012-10-18'),
(103, 9, 1, '21', 'admin', '2012-10-18'),
(104, 9, 2, '21', 'admin', '2012-10-18'),
(105, 9, 3, '21', 'admin', '2012-10-18'),
(106, 9, 4, '21', 'admin', '2012-10-18'),
(107, 9, 5, '21', 'admin', '2012-10-18'),
(108, 9, 1, '22', 'admin', '2012-10-18'),
(109, 9, 2, '22', 'admin', '2012-10-18'),
(110, 9, 3, '22', 'admin', '2012-10-18'),
(111, 9, 4, '22', 'admin', '2012-10-18'),
(112, 9, 5, '22', 'admin', '2012-10-18'),
(113, 9, 1, '23', 'admin', '2012-10-18'),
(114, 9, 3, '23', 'admin', '2012-10-18'),
(115, 9, 4, '23', 'admin', '2012-10-18'),
(116, 9, 5, '23', 'admin', '2012-10-18'),
(117, 9, 1, '24', 'admin', '2012-10-18'),
(118, 9, 2, '24', 'admin', '2012-10-18'),
(119, 9, 3, '24', 'admin', '2012-10-18'),
(120, 9, 4, '24', 'admin', '2012-10-18'),
(121, 9, 5, '24', 'admin', '2012-10-18'),
(122, 9, 1, '25', 'admin', '2012-10-18'),
(123, 9, 2, '25', 'admin', '2012-10-18'),
(124, 9, 3, '25', 'admin', '2012-10-18'),
(125, 9, 4, '25', 'admin', '2012-10-18'),
(126, 9, 5, '25', 'admin', '2012-10-18'),
(127, 9, 1, '27', 'admin', '2012-10-18'),
(128, 9, 2, '27', 'admin', '2012-10-18'),
(129, 9, 3, '27', 'admin', '2012-10-18'),
(130, 9, 4, '27', 'admin', '2012-10-18'),
(131, 9, 5, '27', 'admin', '2012-10-18'),
(132, 8, 1, '28', 'admin', '2012-10-18'),
(133, 8, 2, '28', 'admin', '2012-10-18'),
(134, 8, 3, '28', 'admin', '2012-10-18'),
(135, 8, 4, '28', 'admin', '2012-10-18'),
(136, 8, 5, '28', 'admin', '2012-10-18'),
(137, 8, 1, '29', 'admin', '2012-10-18'),
(138, 8, 2, '29', 'admin', '2012-10-18'),
(139, 8, 3, '29', 'admin', '2012-10-18'),
(140, 8, 4, '29', 'admin', '2012-10-18'),
(141, 8, 5, '29', 'admin', '2012-10-18'),
(142, 8, 1, '30', 'admin', '2012-10-18'),
(143, 8, 2, '30', 'admin', '2012-10-18'),
(144, 8, 3, '30', 'admin', '2012-10-18'),
(145, 8, 4, '30', 'admin', '2012-10-18'),
(146, 8, 5, '30', 'admin', '2012-10-18'),
(147, 8, 2, '31', 'admin', '2012-10-18'),
(148, 8, 3, '31', 'admin', '2012-10-18'),
(149, 8, 4, '31', 'admin', '2012-10-18'),
(150, 8, 5, '31', 'admin', '2012-10-18'),
(151, 8, 2, '32', 'admin', '2012-10-18'),
(152, 8, 4, '32', 'admin', '2012-10-18'),
(153, 8, 5, '32', 'admin', '2012-10-18'),
(154, 8, 5, '33', 'admin', '2012-10-18'),
(155, 5, 3, '32', 'admin', '2012-10-18'),
(156, 5, 1, '33', 'admin', '2012-10-18'),
(157, 5, 2, '33', 'admin', '2012-10-18'),
(158, 5, 3, '33', 'admin', '2012-10-18'),
(159, 5, 4, '33', 'admin', '2012-10-18'),
(160, 5, 1, '34', 'admin', '2012-10-18'),
(161, 5, 2, '34', 'admin', '2012-10-18'),
(162, 5, 3, '34', 'admin', '2012-10-18'),
(163, 5, 4, '34', 'admin', '2012-10-18'),
(164, 5, 5, '34', 'admin', '2012-10-18'),
(165, 8, 1, '35', 'admin', '2012-10-19'),
(166, 8, 2, '35', 'admin', '2012-10-19'),
(167, 8, 3, '35', 'admin', '2012-10-19'),
(168, 8, 4, '35', 'admin', '2012-10-19'),
(169, 8, 5, '35', 'admin', '2012-10-19'),
(170, 8, 1, '36', 'admin', '2012-10-19'),
(171, 8, 2, '36', 'admin', '2012-10-19'),
(172, 8, 3, '36', 'admin', '2012-10-19'),
(173, 8, 4, '36', 'admin', '2012-10-19'),
(174, 8, 5, '36', 'admin', '2012-10-19'),
(175, 8, 1, '37', 'admin', '2012-10-19'),
(176, 8, 2, '37', 'admin', '2012-10-19'),
(177, 8, 3, '37', 'admin', '2012-10-19'),
(178, 8, 4, '37', 'admin', '2012-10-19'),
(179, 8, 5, '37', 'admin', '2012-10-19'),
(180, 9, 1, '38', 'admin', '2012-10-19'),
(181, 9, 2, '38', 'admin', '2012-10-19'),
(182, 9, 3, '38', 'admin', '2012-10-19'),
(183, 9, 4, '38', 'admin', '2012-10-19'),
(184, 9, 5, '38', 'admin', '2012-10-19'),
(185, 9, 1, '39', 'admin', '2012-10-19'),
(186, 9, 2, '39', 'admin', '2012-10-19'),
(187, 9, 3, '39', 'admin', '2012-10-19'),
(188, 9, 4, '39', 'admin', '2012-10-19'),
(189, 9, 5, '39', 'admin', '2012-10-19'),
(190, 3, 1, '40', 'admin', '2012-10-19'),
(191, 3, 2, '40', 'admin', '2012-10-19'),
(192, 3, 3, '40', 'admin', '2012-10-19'),
(193, 3, 4, '40', 'admin', '2012-10-19'),
(194, 3, 5, '40', 'admin', '2012-10-19'),
(195, 8, 1, '41', 'admin', '2012-10-19'),
(196, 9, 2, '41', 'admin', '2012-10-19'),
(197, 9, 3, '41', 'admin', '2012-10-19'),
(198, 9, 4, '41', 'admin', '2012-10-19'),
(199, 9, 5, '41', 'admin', '2012-10-19'),
(200, 8, 1, '42', 'admin', '2012-10-19'),
(201, 8, 2, '42', 'admin', '2012-10-19'),
(202, 8, 3, '42', 'admin', '2012-10-19'),
(203, 8, 4, '42', 'admin', '2012-10-19'),
(204, 8, 5, '42', 'admin', '2012-10-19'),
(205, 8, 1, '43', 'admin', '2012-10-19'),
(206, 8, 2, '43', 'admin', '2012-10-19'),
(207, 8, 3, '43', 'admin', '2012-10-19'),
(208, 8, 4, '43', 'admin', '2012-10-19'),
(209, 8, 5, '43', 'admin', '2012-10-19'),
(210, 8, 1, '44', 'admin', '2012-10-19'),
(211, 8, 2, '44', 'admin', '2012-10-19'),
(212, 8, 3, '44', 'admin', '2012-10-19'),
(213, 8, 4, '44', 'admin', '2012-10-19'),
(214, 8, 5, '44', 'admin', '2012-10-19'),
(215, 8, 1, '45', 'admin', '2012-10-19'),
(216, 8, 2, '45', 'admin', '2012-10-19'),
(217, 8, 3, '45', 'admin', '2012-10-19'),
(218, 8, 4, '45', 'admin', '2012-10-19'),
(219, 8, 5, '45', 'admin', '2012-10-19'),
(220, 8, 1, '46', 'admin', '2012-10-19'),
(221, 8, 2, '46', 'admin', '2012-10-19'),
(222, 8, 3, '46', 'admin', '2012-10-19'),
(223, 8, 4, '46', 'admin', '2012-10-19'),
(224, 8, 5, '46', 'admin', '2012-10-19'),
(225, 8, 1, '47', 'admin', '2012-10-19'),
(226, 8, 2, '47', 'admin', '2012-10-19'),
(227, 8, 3, '47', 'admin', '2012-10-19'),
(228, 8, 4, '47', 'admin', '2012-10-19'),
(229, 8, 5, '47', 'admin', '2012-10-19'),
(230, 8, 1, '48', 'admin', '2012-10-19'),
(231, 8, 2, '48', 'admin', '2012-10-19'),
(232, 8, 3, '48', 'admin', '2012-10-19'),
(233, 8, 4, '48', 'admin', '2012-10-19'),
(234, 8, 5, '48', 'admin', '2012-10-19'),
(235, 8, 1, '49', 'admin', '2012-10-19'),
(236, 8, 2, '49', 'admin', '2012-10-19'),
(237, 8, 3, '49', 'admin', '2012-10-19'),
(238, 8, 4, '49', 'admin', '2012-10-19'),
(239, 8, 5, '49', 'admin', '2012-10-19'),
(240, 8, 1, '50', 'admin', '2012-10-19'),
(241, 8, 2, '50', 'admin', '2012-10-19'),
(242, 8, 3, '50', 'admin', '2012-10-19'),
(243, 8, 4, '50', 'admin', '2012-10-19'),
(244, 8, 5, '50', 'admin', '2012-10-19'),
(245, 8, 1, '51', 'admin', '2012-10-19'),
(246, 8, 2, '51', 'admin', '2012-10-19'),
(247, 8, 3, '51', 'admin', '2012-10-19'),
(248, 8, 4, '51', 'admin', '2012-10-19'),
(249, 8, 5, '51', 'admin', '2012-10-19'),
(250, 8, 1, '52', 'admin', '2012-10-20'),
(251, 8, 2, '52', 'admin', '2012-10-20'),
(252, 8, 3, '52', 'admin', '2012-10-20'),
(253, 8, 4, '52', 'admin', '2012-10-20'),
(254, 8, 5, '52', 'admin', '2012-10-20'),
(255, 8, 1, '53', 'admin', '2012-10-20'),
(256, 8, 2, '53', 'admin', '2012-10-20'),
(257, 8, 3, '53', 'admin', '2012-10-20'),
(258, 8, 4, '53', 'admin', '2012-10-20'),
(259, 8, 5, '53', 'admin', '2012-10-20'),
(260, 8, 1, '54', 'admin', '2012-10-20'),
(261, 8, 2, '54', 'admin', '2012-10-20'),
(262, 8, 3, '54', 'admin', '2012-10-20'),
(263, 8, 4, '54', 'admin', '2012-10-20'),
(277, 8, 2, '55', 'admin', '2012-10-20'),
(278, 8, 3, '55', 'admin', '2012-10-20'),
(279, 8, 4, '55', 'admin', '2012-10-20'),
(280, 8, 5, '55', 'admin', '2012-10-20'),
(281, 8, 1, '56', 'admin', '2012-10-20'),
(282, 8, 2, '56', 'admin', '2012-10-20'),
(283, 8, 3, '56', 'admin', '2012-10-20'),
(284, 8, 4, '56', 'admin', '2012-10-20'),
(285, 8, 5, '56', 'admin', '2012-10-20'),
(286, 8, 1, '57', 'admin', '2012-10-20'),
(287, 8, 2, '57', 'admin', '2012-10-20'),
(288, 8, 3, '57', 'admin', '2012-10-20'),
(289, 8, 4, '57', 'admin', '2012-10-20'),
(290, 8, 5, '57', 'admin', '2012-10-20'),
(291, 8, 1, '58', 'admin', '2012-10-20'),
(292, 8, 2, '58', 'admin', '2012-10-20'),
(293, 8, 3, '58', 'admin', '2012-10-20'),
(294, 8, 4, '58', 'admin', '2012-10-20'),
(295, 8, 5, '58', 'admin', '2012-10-20'),
(296, 8, 1, '59', 'admin', '2012-10-20'),
(297, 8, 2, '59', 'admin', '2012-10-20'),
(298, 8, 3, '59', 'admin', '2012-10-20'),
(299, 8, 4, '59', 'admin', '2012-10-20'),
(300, 8, 5, '59', 'admin', '2012-10-20'),
(301, 8, 1, '60', 'admin', '2012-10-20'),
(302, 8, 4, '60', 'admin', '2012-10-20'),
(303, 8, 5, '60', 'admin', '2012-10-20'),
(304, 2, 2, '60', 'admin', '2012-10-20'),
(305, 2, 3, '60', 'admin', '2012-10-20'),
(306, 2, 1, '61', 'admin', '2012-10-20'),
(307, 2, 2, '61', 'admin', '2012-10-20'),
(308, 2, 3, '61', 'admin', '2012-10-20'),
(309, 2, 4, '61', 'admin', '2012-10-20'),
(310, 2, 5, '61', 'admin', '2012-10-20'),
(311, 8, 1, '62', 'admin', '2012-10-20'),
(312, 8, 2, '62', 'admin', '2012-10-20'),
(313, 8, 3, '62', 'admin', '2012-10-20'),
(314, 8, 4, '62', 'admin', '2012-10-20'),
(315, 8, 5, '62', 'admin', '2012-10-20');


INSERT INTO `ubicacion` (`idUbicacion`, `idLocalizacion`, `Disponibilidad`, `Usuario`, `Fecha_Creacion`) VALUES
(1, 1, 'Ocupado', 'admin', '2012-10-08'),
(2, 1, 'Ocupado', 'admin', '2012-10-08'),
(3, 1, 'Ocupado', 'admin', '2012-10-08'),
(4, 2, 'Ocupado', 'admin', '2012-10-08'),
(5, 2, 'Ocupado', 'admin', '2012-10-08'),
(6, 2, 'Ocupado', 'admin', '2012-10-08'),
(7, 3, 'Ocupado', 'admin', '2012-10-08'),
(8, 3, 'Ocupado', 'admin', '2012-10-08'),
(9, 3, 'Ocupado', 'admin', '2012-10-08'),
(10, 4, 'Ocupado', 'admin', '2012-10-08'),
(11, 4, 'Ocupado', 'admin', '2012-10-08'),
(12, 4, 'Ocupado', 'admin', '2012-10-08'),
(13, 5, 'Ocupado', 'admin', '2012-10-08'),
(14, 5, 'Ocupado', 'admin', '2012-10-08'),
(15, 5, 'Ocupado', 'admin', '2012-10-08'),
(16, 6, 'Ocupado', 'admin', '2012-10-08'),
(17, 6, 'Ocupado', 'admin', '2012-10-08'),
(18, 6, 'Ocupado', 'admin', '2012-10-08'),
(19, 7, 'Ocupado', 'admin', '2012-10-08'),
(20, 7, 'Ocupado', 'admin', '2012-10-08'),
(21, 7, 'Ocupado', 'admin', '2012-10-08'),
(22, 8, 'Ocupado', 'admin', '2012-10-08'),
(23, 8, 'Ocupado', 'admin', '2012-10-08'),
(24, 8, 'Ocupado', 'admin', '2012-10-08'),
(25, 9, 'Ocupado', 'admin', '2012-10-08'),
(26, 9, 'Ocupado', 'admin', '2012-10-08'),
(27, 9, 'Ocupado', 'admin', '2012-10-08'),
(28, 10, 'Ocupado', 'admin', '2012-10-08'),
(29, 10, 'Ocupado', 'admin', '2012-10-08'),
(30, 10, 'Ocupado', 'admin', '2012-10-08'),
(31, 11, 'Ocupado', 'admin', '2012-10-08'),
(32, 11, 'Ocupado', 'admin', '2012-10-08'),
(33, 11, 'Ocupado', 'admin', '2012-10-08'),
(34, 12, 'Ocupado', 'admin', '2012-10-08'),
(35, 12, 'Ocupado', 'admin', '2012-10-08'),
(36, 12, 'Ocupado', 'admin', '2012-10-08'),
(37, 13, 'Ocupado', 'admin', '2012-10-08'),
(38, 13, 'Ocupado', 'admin', '2012-10-08'),
(39, 13, 'Ocupado', 'admin', '2012-10-08'),
(40, 14, 'Ocupado', 'admin', '2012-10-08'),
(41, 14, 'Ocupado', 'admin', '2012-10-08'),
(42, 14, 'Ocupado', 'admin', '2012-10-08'),
(43, 15, 'Ocupado', 'admin', '2012-10-08'),
(44, 15, 'Ocupado', 'admin', '2012-10-08'),
(45, 15, 'Ocupado', 'admin', '2012-10-08'),
(46, 16, 'Ocupado', 'admin', '2012-10-16'),
(47, 16, 'Ocupado', 'admin', '2012-10-16'),
(48, 16, 'Ocupado', 'admin', '2012-10-16'),
(49, 17, 'Ocupado', 'admin', '2012-10-16'),
(50, 17, 'Ocupado', 'admin', '2012-10-16'),
(51, 17, 'Ocupado', 'admin', '2012-10-16'),
(52, 18, 'Ocupado', 'admin', '2012-10-16'),
(53, 18, 'Ocupado', 'admin', '2012-10-16'),
(54, 18, 'Ocupado', 'admin', '2012-10-16'),
(55, 19, 'Ocupado', 'admin', '2012-10-16'),
(56, 19, 'Ocupado', 'admin', '2012-10-16'),
(57, 19, 'Ocupado', 'admin', '2012-10-16'),
(58, 20, 'Ocupado', 'admin', '2012-10-16'),
(59, 20, 'Ocupado', 'admin', '2012-10-16'),
(60, 20, 'Ocupado', 'admin', '2012-10-16'),
(61, 21, 'Ocupado', 'admin', '2012-10-16'),
(62, 21, 'Ocupado', 'admin', '2012-10-16'),
(63, 21, 'Ocupado', 'admin', '2012-10-16'),
(64, 22, 'Ocupado', 'admin', '2012-10-16'),
(65, 22, 'Ocupado', 'admin', '2012-10-16'),
(66, 22, 'Ocupado', 'admin', '2012-10-16'),
(67, 23, 'Ocupado', 'admin', '2012-10-16'),
(68, 23, 'Ocupado', 'admin', '2012-10-16'),
(69, 23, 'Ocupado', 'admin', '2012-10-16'),
(70, 24, 'Ocupado', 'admin', '2012-10-16'),
(71, 25, 'Ocupado', 'admin', '2012-10-16'),
(72, 25, 'Ocupado', 'admin', '2012-10-16'),
(73, 25, 'Ocupado', 'admin', '2012-10-16'),
(74, 26, 'Ocupado', 'admin', '2012-10-16'),
(75, 26, 'Ocupado', 'admin', '2012-10-16'),
(76, 26, 'Ocupado', 'admin', '2012-10-16'),
(77, 27, 'Ocupado', 'admin', '2012-10-16'),
(78, 27, 'Ocupado', 'admin', '2012-10-16'),
(79, 27, 'Ocupado', 'admin', '2012-10-16'),
(80, 28, 'Ocupado', 'admin', '2012-10-16'),
(81, 28, 'Ocupado', 'admin', '2012-10-16'),
(82, 28, 'Ocupado', 'admin', '2012-10-16'),
(83, 29, 'Ocupado', 'admin', '2012-10-16'),
(84, 29, 'Ocupado', 'admin', '2012-10-16'),
(85, 29, 'Ocupado', 'admin', '2012-10-16'),
(86, 30, 'Ocupado', 'admin', '2012-10-16'),
(87, 30, 'Ocupado', 'admin', '2012-10-16'),
(88, 30, 'Ocupado', 'admin', '2012-10-16'),
(89, 31, 'Ocupado', 'admin', '2012-10-16'),
(90, 31, 'Ocupado', 'admin', '2012-10-16'),
(91, 31, 'Ocupado', 'admin', '2012-10-16'),
(92, 32, 'Ocupado', 'admin', '2012-10-16'),
(93, 32, 'Ocupado', 'admin', '2012-10-16'),
(94, 32, 'Ocupado', 'admin', '2012-10-16'),
(95, 33, 'Ocupado', 'admin', '2012-10-16'),
(96, 33, 'Ocupado', 'admin', '2012-10-16'),
(97, 33, 'Ocupado', 'admin', '2012-10-16'),
(98, 34, 'Ocupado', 'admin', '2012-10-16'),
(99, 34, 'Ocupado', 'admin', '2012-10-16'),
(100, 34, 'Ocupado', 'admin', '2012-10-16'),
(101, 35, 'Ocupado', 'admin', '2012-10-16'),
(102, 35, 'Ocupado', 'admin', '2012-10-16'),
(103, 35, 'Ocupado', 'admin', '2012-10-16'),
(104, 36, 'Ocupado', 'admin', '2012-10-16'),
(105, 36, 'Ocupado', 'admin', '2012-10-16'),
(106, 36, 'Ocupado', 'admin', '2012-10-16'),
(107, 37, 'Ocupado', 'admin', '2012-10-16'),
(108, 37, 'Ocupado', 'admin', '2012-10-16'),
(109, 37, 'Ocupado', 'admin', '2012-10-16'),
(110, 38, 'Ocupado', 'admin', '2012-10-16'),
(111, 38, 'Ocupado', 'admin', '2012-10-16'),
(112, 38, 'Ocupado', 'admin', '2012-10-16'),
(113, 39, 'Ocupado', 'admin', '2012-10-16'),
(114, 39, 'Ocupado', 'admin', '2012-10-16'),
(115, 39, 'Ocupado', 'admin', '2012-10-16'),
(116, 40, 'Ocupado', 'admin', '2012-10-16'),
(117, 40, 'Ocupado', 'admin', '2012-10-16'),
(118, 40, 'Ocupado', 'admin', '2012-10-16'),
(119, 41, 'Ocupado', 'admin', '2012-10-16'),
(120, 41, 'Ocupado', 'admin', '2012-10-16'),
(121, 41, 'Ocupado', 'admin', '2012-10-16'),
(122, 42, 'Ocupado', 'admin', '2012-10-16'),
(123, 42, 'Ocupado', 'admin', '2012-10-16'),
(124, 42, 'Ocupado', 'admin', '2012-10-16'),
(125, 43, 'Ocupado', 'admin', '2012-10-16'),
(126, 43, 'Ocupado', 'admin', '2012-10-16'),
(127, 43, 'Ocupado', 'admin', '2012-10-16'),
(128, 44, 'Ocupado', 'admin', '2012-10-16'),
(129, 44, 'Ocupado', 'admin', '2012-10-16'),
(130, 44, 'Ocupado', 'admin', '2012-10-16'),
(131, 45, 'Ocupado', 'admin', '2012-10-16'),
(132, 46, 'Ocupado', 'admin', '2012-10-17'),
(133, 46, 'Ocupado', 'admin', '2012-10-17'),
(134, 46, 'Ocupado', 'admin', '2012-10-17'),
(135, 47, 'Ocupado', 'admin', '2012-10-17'),
(136, 47, 'Ocupado', 'admin', '2012-10-17'),
(137, 47, 'Ocupado', 'admin', '2012-10-17'),
(138, 48, 'Ocupado', 'admin', '2012-10-17'),
(139, 48, 'Ocupado', 'admin', '2012-10-17'),
(140, 48, 'Ocupado', 'admin', '2012-10-17'),
(141, 49, 'Ocupado', 'admin', '2012-10-17'),
(142, 49, 'Ocupado', 'admin', '2012-10-17'),
(143, 49, 'Ocupado', 'admin', '2012-10-17'),
(144, 50, 'Ocupado', 'admin', '2012-10-17'),
(145, 50, 'Ocupado', 'admin', '2012-10-17'),
(146, 50, 'Ocupado', 'admin', '2012-10-17'),
(147, 51, 'Ocupado', 'admin', '2012-10-17'),
(148, 52, 'Ocupado', 'admin', '2012-10-17'),
(149, 52, 'Ocupado', 'admin', '2012-10-17'),
(150, 52, 'Ocupado', 'admin', '2012-10-17'),
(151, 53, 'Ocupado', 'admin', '2012-10-17'),
(152, 53, 'Ocupado', 'admin', '2012-10-17'),
(153, 53, 'Ocupado', 'admin', '2012-10-17'),
(154, 54, 'Ocupado', 'admin', '2012-10-17'),
(155, 54, 'Ocupado', 'admin', '2012-10-17'),
(156, 55, 'Ocupado', 'admin', '2012-10-17'),
(157, 55, 'Ocupado', 'admin', '2012-10-17'),
(158, 56, 'Ocupado', 'admin', '2012-10-17'),
(159, 56, 'Ocupado', 'admin', '2012-10-17'),
(160, 57, 'Ocupado', 'admin', '2012-10-17'),
(161, 57, 'Ocupado', 'admin', '2012-10-17'),
(162, 58, 'Ocupado', 'admin', '2012-10-17'),
(163, 59, 'Ocupado', 'admin', '2012-10-17'),
(164, 60, 'Ocupado', 'admin', '2012-10-17'),
(165, 60, 'Ocupado', 'admin', '2012-10-17'),
(166, 60, 'Ocupado', 'admin', '2012-10-17'),
(167, 61, 'Ocupado', 'admin', '2012-10-17'),
(168, 61, 'Ocupado', 'admin', '2012-10-17'),
(169, 61, 'Ocupado', 'admin', '2012-10-17'),
(170, 62, 'Ocupado', 'admin', '2012-10-17'),
(171, 62, 'Ocupado', 'admin', '2012-10-17'),
(172, 62, 'Ocupado', 'admin', '2012-10-17'),
(173, 63, 'Ocupado', 'admin', '2012-10-17'),
(174, 63, 'Ocupado', 'admin', '2012-10-17'),
(175, 63, 'Ocupado', 'admin', '2012-10-17'),
(176, 64, 'Ocupado', 'admin', '2012-10-17'),
(177, 64, 'Ocupado', 'admin', '2012-10-17'),
(178, 64, 'Ocupado', 'admin', '2012-10-17'),
(179, 65, 'Ocupado', 'admin', '2012-10-17'),
(180, 65, 'Ocupado', 'admin', '2012-10-17'),
(181, 65, 'Ocupado', 'admin', '2012-10-17'),
(182, 66, 'Ocupado', 'admin', '2012-10-17'),
(183, 66, 'Ocupado', 'admin', '2012-10-17'),
(184, 66, 'Ocupado', 'admin', '2012-10-17'),
(185, 67, 'Ocupado', 'admin', '2012-10-17'),
(186, 67, 'Ocupado', 'admin', '2012-10-17'),
(187, 67, 'Ocupado', 'admin', '2012-10-17'),
(188, 68, 'Ocupado', 'admin', '2012-10-17'),
(189, 68, 'Ocupado', 'admin', '2012-10-17'),
(190, 68, 'Ocupado', 'admin', '2012-10-17'),
(191, 69, 'Ocupado', 'admin', '2012-10-17'),
(192, 69, 'Ocupado', 'admin', '2012-10-17'),
(193, 69, 'Ocupado', 'admin', '2012-10-17'),
(194, 70, 'Ocupado', 'admin', '2012-10-17'),
(195, 70, 'Ocupado', 'admin', '2012-10-17'),
(196, 70, 'Ocupado', 'admin', '2012-10-17'),
(197, 71, 'Ocupado', 'admin', '2012-10-17'),
(198, 71, 'Ocupado', 'admin', '2012-10-17'),
(199, 71, 'Ocupado', 'admin', '2012-10-17'),
(200, 72, 'Ocupado', 'admin', '2012-10-17'),
(201, 72, 'Ocupado', 'admin', '2012-10-17'),
(202, 72, 'Ocupado', 'admin', '2012-10-17'),
(203, 73, 'Ocupado', 'admin', '2012-10-17'),
(204, 73, 'Ocupado', 'admin', '2012-10-17'),
(205, 73, 'Ocupado', 'admin', '2012-10-17'),
(206, 74, 'Ocupado', 'admin', '2012-10-17'),
(207, 74, 'Ocupado', 'admin', '2012-10-17'),
(208, 74, 'Ocupado', 'admin', '2012-10-17'),
(209, 75, 'Ocupado', 'admin', '2012-10-17'),
(210, 75, 'Ocupado', 'admin', '2012-10-17'),
(211, 75, 'Ocupado', 'admin', '2012-10-17'),
(212, 76, 'Ocupado', 'admin', '2012-10-17'),
(213, 76, 'Ocupado', 'admin', '2012-10-17'),
(214, 76, 'Ocupado', 'admin', '2012-10-17'),
(215, 77, 'Ocupado', 'admin', '2012-10-17'),
(216, 77, 'Ocupado', 'admin', '2012-10-17'),
(217, 77, 'Ocupado', 'admin', '2012-10-17'),
(218, 78, 'Ocupado', 'admin', '2012-10-17'),
(219, 79, 'Ocupado', 'admin', '2012-10-18'),
(220, 79, 'Ocupado', 'admin', '2012-10-18'),
(221, 80, 'Ocupado', 'admin', '2012-10-18'),
(222, 80, 'Ocupado', 'admin', '2012-10-18'),
(223, 80, 'Ocupado', 'admin', '2012-10-18'),
(224, 81, 'Ocupado', 'admin', '2012-10-18'),
(225, 81, 'Ocupado', 'admin', '2012-10-18'),
(226, 81, 'Ocupado', 'admin', '2012-10-18'),
(227, 82, 'Ocupado', 'admin', '2012-10-18'),
(228, 82, 'Ocupado', 'admin', '2012-10-18'),
(229, 82, 'Ocupado', 'admin', '2012-10-18'),
(230, 83, 'Ocupado', 'admin', '2012-10-18'),
(231, 83, 'Ocupado', 'admin', '2012-10-18'),
(232, 83, 'Ocupado', 'admin', '2012-10-18'),
(233, 84, 'Ocupado', 'admin', '2012-10-18'),
(234, 85, 'Ocupado', 'admin', '2012-10-18'),
(235, 85, 'Ocupado', 'admin', '2012-10-18'),
(236, 85, 'Ocupado', 'admin', '2012-10-18'),
(237, 86, 'Ocupado', 'admin', '2012-10-18'),
(238, 86, 'Ocupado', 'admin', '2012-10-18'),
(239, 86, 'Ocupado', 'admin', '2012-10-18'),
(240, 87, 'Ocupado', 'admin', '2012-10-18'),
(241, 87, 'Ocupado', 'admin', '2012-10-18'),
(242, 88, 'Ocupado', 'admin', '2012-10-18'),
(243, 89, 'Ocupado', 'admin', '2012-10-18'),
(244, 90, 'Ocupado', 'admin', '2012-10-18'),
(245, 90, 'Ocupado', 'admin', '2012-10-18'),
(246, 90, 'Ocupado', 'admin', '2012-10-18'),
(247, 91, 'Ocupado', 'admin', '2012-10-18'),
(248, 91, 'Ocupado', 'admin', '2012-10-18'),
(249, 87, 'Ocupado', 'admin', '2012-10-18'),
(250, 92, 'Ocupado', 'admin', '2012-10-18'),
(251, 92, 'Ocupado', 'admin', '2012-10-18'),
(252, 92, 'Ocupado', 'admin', '2012-10-18'),
(253, 93, 'Ocupado', 'admin', '2012-10-18'),
(254, 93, 'Ocupado', 'admin', '2012-10-18'),
(255, 94, 'Ocupado', 'admin', '2012-10-18'),
(256, 94, 'Ocupado', 'admin', '2012-10-18'),
(257, 95, 'Ocupado', 'admin', '2012-10-18'),
(258, 95, 'Ocupado', 'admin', '2012-10-18'),
(259, 96, 'Ocupado', 'admin', '2012-10-18'),
(260, 96, 'Ocupado', 'admin', '2012-10-18'),
(261, 97, 'Ocupado', 'admin', '2012-10-18'),
(262, 98, 'Ocupado', 'admin', '2012-10-18'),
(263, 98, 'Ocupado', 'admin', '2012-10-18'),
(264, 99, 'Ocupado', 'admin', '2012-10-18'),
(265, 99, 'Ocupado', 'admin', '2012-10-18'),
(266, 99, 'Ocupado', 'admin', '2012-10-18'),
(267, 100, 'Ocupado', 'admin', '2012-10-18'),
(268, 100, 'Ocupado', 'admin', '2012-10-18'),
(269, 100, 'Ocupado', 'admin', '2012-10-18'),
(270, 101, 'Ocupado', 'admin', '2012-10-18'),
(271, 101, 'Ocupado', 'admin', '2012-10-18'),
(272, 102, 'Ocupado', 'admin', '2012-10-18'),
(273, 103, 'Ocupado', 'admin', '2012-10-18'),
(274, 103, 'Ocupado', 'admin', '2012-10-18'),
(275, 103, 'Ocupado', 'admin', '2012-10-18'),
(276, 104, 'Ocupado', 'admin', '2012-10-18'),
(277, 104, 'Ocupado', 'admin', '2012-10-18'),
(278, 105, 'Ocupado', 'admin', '2012-10-18'),
(279, 105, 'Ocupado', 'admin', '2012-10-18'),
(280, 106, 'Ocupado', 'admin', '2012-10-18'),
(281, 106, 'Ocupado', 'admin', '2012-10-18'),
(282, 106, 'Ocupado', 'admin', '2012-10-18'),
(283, 107, 'Ocupado', 'admin', '2012-10-18'),
(284, 108, 'Ocupado', 'admin', '2012-10-18'),
(285, 108, 'Ocupado', 'admin', '2012-10-18'),
(286, 108, 'Ocupado', 'admin', '2012-10-18'),
(287, 109, 'Ocupado', 'admin', '2012-10-18'),
(288, 109, 'Ocupado', 'admin', '2012-10-18'),
(289, 110, 'Ocupado', 'admin', '2012-10-18'),
(290, 111, 'Ocupado', 'admin', '2012-10-18'),
(291, 111, 'Ocupado', 'admin', '2012-10-18'),
(292, 111, 'Ocupado', 'admin', '2012-10-18'),
(293, 112, 'Ocupado', 'admin', '2012-10-18'),
(294, 112, 'Ocupado', 'admin', '2012-10-18'),
(295, 113, 'Ocupado', 'admin', '2012-10-18'),
(296, 114, 'Ocupado', 'admin', '2012-10-18'),
(297, 114, 'Ocupado', 'admin', '2012-10-18'),
(298, 115, 'Ocupado', 'admin', '2012-10-18'),
(299, 115, 'Ocupado', 'admin', '2012-10-18'),
(300, 116, 'Ocupado', 'admin', '2012-10-18'),
(301, 116, 'Ocupado', 'admin', '2012-10-18'),
(302, 116, 'Ocupado', 'admin', '2012-10-18'),
(303, 117, 'Ocupado', 'admin', '2012-10-18'),
(304, 117, 'Ocupado', 'admin', '2012-10-18'),
(305, 117, 'Ocupado', 'admin', '2012-10-18'),
(306, 118, 'Ocupado', 'admin', '2012-10-18'),
(307, 118, 'Ocupado', 'admin', '2012-10-18'),
(308, 118, 'Ocupado', 'admin', '2012-10-18'),
(309, 119, 'Ocupado', 'admin', '2012-10-18'),
(310, 119, 'Ocupado', 'admin', '2012-10-18'),
(311, 119, 'Ocupado', 'admin', '2012-10-18'),
(312, 120, 'Ocupado', 'admin', '2012-10-18'),
(313, 120, 'Ocupado', 'admin', '2012-10-18'),
(314, 120, 'Ocupado', 'admin', '2012-10-18'),
(315, 121, 'Ocupado', 'admin', '2012-10-18'),
(316, 122, 'Ocupado', 'admin', '2012-10-18'),
(317, 122, 'Ocupado', 'admin', '2012-10-18'),
(318, 122, 'Ocupado', 'admin', '2012-10-18'),
(319, 123, 'Ocupado', 'admin', '2012-10-18'),
(320, 124, 'Ocupado', 'admin', '2012-10-18'),
(321, 124, 'Ocupado', 'admin', '2012-10-18'),
(322, 125, 'Ocupado', 'admin', '2012-10-18'),
(323, 125, 'Ocupado', 'admin', '2012-10-18'),
(324, 126, 'Ocupado', 'admin', '2012-10-18'),
(325, 127, 'Ocupado', 'admin', '2012-10-18'),
(326, 127, 'Ocupado', 'admin', '2012-10-18'),
(327, 127, 'Ocupado', 'admin', '2012-10-18'),
(328, 128, 'Ocupado', 'admin', '2012-10-18'),
(329, 128, 'Ocupado', 'admin', '2012-10-18'),
(330, 128, 'Ocupado', 'admin', '2012-10-18'),
(331, 129, 'Ocupado', 'admin', '2012-10-18'),
(332, 130, 'Ocupado', 'admin', '2012-10-18'),
(333, 130, 'Ocupado', 'admin', '2012-10-18'),
(334, 130, 'Ocupado', 'admin', '2012-10-18'),
(335, 131, 'Ocupado', 'admin', '2012-10-18'),
(336, 131, 'Ocupado', 'admin', '2012-10-18'),
(337, 131, 'Ocupado', 'admin', '2012-10-18'),
(338, 132, 'Ocupado', 'admin', '2012-10-18'),
(339, 132, 'Ocupado', 'admin', '2012-10-18'),
(341, 133, 'Ocupado', 'admin', '2012-10-18'),
(342, 133, 'Ocupado', 'admin', '2012-10-18'),
(343, 133, 'Ocupado', 'admin', '2012-10-18'),
(344, 134, 'Ocupado', 'admin', '2012-10-18'),
(345, 134, 'Ocupado', 'admin', '2012-10-18'),
(346, 134, 'Ocupado', 'admin', '2012-10-18'),
(347, 135, 'Ocupado', 'admin', '2012-10-18'),
(348, 135, 'Ocupado', 'admin', '2012-10-18'),
(349, 135, 'Ocupado', 'admin', '2012-10-18'),
(350, 136, 'Ocupado', 'admin', '2012-10-18'),
(351, 136, 'Ocupado', 'admin', '2012-10-18'),
(352, 136, 'Ocupado', 'admin', '2012-10-18'),
(353, 137, 'Ocupado', 'admin', '2012-10-18'),
(354, 137, 'Ocupado', 'admin', '2012-10-18'),
(355, 137, 'Ocupado', 'admin', '2012-10-18'),
(356, 138, 'Ocupado', 'admin', '2012-10-18'),
(357, 138, 'Ocupado', 'admin', '2012-10-18'),
(358, 138, 'Ocupado', 'admin', '2012-10-18'),
(359, 139, 'Ocupado', 'admin', '2012-10-18'),
(360, 139, 'Ocupado', 'admin', '2012-10-18'),
(361, 139, 'Ocupado', 'admin', '2012-10-18'),
(362, 140, 'Ocupado', 'admin', '2012-10-18'),
(363, 140, 'Ocupado', 'admin', '2012-10-18'),
(364, 140, 'Ocupado', 'admin', '2012-10-18'),
(365, 141, 'Ocupado', 'admin', '2012-10-18'),
(366, 141, 'Ocupado', 'admin', '2012-10-18'),
(367, 142, 'Ocupado', 'admin', '2012-10-18'),
(368, 142, 'Ocupado', 'admin', '2012-10-18'),
(369, 142, 'Ocupado', 'admin', '2012-10-18'),
(370, 143, 'Ocupado', 'admin', '2012-10-18'),
(371, 143, 'Ocupado', 'admin', '2012-10-18'),
(372, 144, 'Ocupado', 'admin', '2012-10-18'),
(373, 144, 'Ocupado', 'admin', '2012-10-18'),
(374, 145, 'Ocupado', 'admin', '2012-10-18'),
(375, 145, 'Ocupado', 'admin', '2012-10-18'),
(376, 146, 'Ocupado', 'admin', '2012-10-18'),
(377, 146, 'Ocupado', 'admin', '2012-10-18'),
(378, 146, 'Ocupado', 'admin', '2012-10-18'),
(379, 147, 'Ocupado', 'admin', '2012-10-18'),
(380, 147, 'Ocupado', 'admin', '2012-10-18'),
(381, 147, 'Ocupado', 'admin', '2012-10-18'),
(382, 148, 'Ocupado', 'admin', '2012-10-18'),
(383, 148, 'Ocupado', 'admin', '2012-10-18'),
(384, 148, 'Ocupado', 'admin', '2012-10-18'),
(385, 149, 'Ocupado', 'admin', '2012-10-18'),
(386, 149, 'Ocupado', 'admin', '2012-10-18'),
(387, 149, 'Ocupado', 'admin', '2012-10-18'),
(388, 150, 'Ocupado', 'admin', '2012-10-18'),
(389, 150, 'Ocupado', 'admin', '2012-10-18'),
(390, 150, 'Ocupado', 'admin', '2012-10-18'),
(391, 151, 'Ocupado', 'admin', '2012-10-18'),
(392, 152, 'Ocupado', 'admin', '2012-10-18'),
(393, 152, 'Ocupado', 'admin', '2012-10-18'),
(394, 152, 'Ocupado', 'admin', '2012-10-18'),
(395, 153, 'Ocupado', 'admin', '2012-10-18'),
(396, 154, 'Ocupado', 'admin', '2012-10-18'),
(397, 154, 'Ocupado', 'admin', '2012-10-18'),
(398, 154, 'Ocupado', 'admin', '2012-10-18'),
(399, 155, 'Ocupado', 'admin', '2012-10-18'),
(400, 155, 'Ocupado', 'admin', '2012-10-18'),
(401, 155, 'Ocupado', 'admin', '2012-10-18'),
(402, 156, 'Ocupado', 'admin', '2012-10-18'),
(403, 156, 'Ocupado', 'admin', '2012-10-18'),
(404, 156, 'Ocupado', 'admin', '2012-10-18'),
(405, 157, 'Ocupado', 'admin', '2012-10-18'),
(406, 157, 'Ocupado', 'admin', '2012-10-18'),
(407, 157, 'Ocupado', 'admin', '2012-10-18'),
(408, 158, 'Ocupado', 'admin', '2012-10-18'),
(409, 158, 'Ocupado', 'admin', '2012-10-18'),
(410, 158, 'Ocupado', 'admin', '2012-10-18'),
(411, 159, 'Ocupado', 'admin', '2012-10-18'),
(412, 159, 'Ocupado', 'admin', '2012-10-18'),
(413, 159, 'Ocupado', 'admin', '2012-10-18'),
(414, 160, 'Ocupado', 'admin', '2012-10-18'),
(415, 160, 'Ocupado', 'admin', '2012-10-18'),
(416, 160, 'Ocupado', 'admin', '2012-10-18'),
(417, 161, 'Ocupado', 'admin', '2012-10-18'),
(418, 161, 'Ocupado', 'admin', '2012-10-18'),
(419, 161, 'Ocupado', 'admin', '2012-10-18'),
(420, 162, 'Ocupado', 'admin', '2012-10-18'),
(421, 162, 'Ocupado', 'admin', '2012-10-18'),
(422, 162, 'Ocupado', 'admin', '2012-10-18'),
(423, 163, 'Ocupado', 'admin', '2012-10-18'),
(424, 163, 'Ocupado', 'admin', '2012-10-18'),
(425, 163, 'Ocupado', 'admin', '2012-10-18'),
(426, 164, 'Ocupado', 'admin', '2012-10-18'),
(427, 164, 'Ocupado', 'admin', '2012-10-18'),
(428, 164, 'Ocupado', 'admin', '2012-10-18'),
(429, 165, 'Ocupado', 'admin', '2012-10-19'),
(430, 165, 'Ocupado', 'admin', '2012-10-19'),
(431, 165, 'Ocupado', 'admin', '2012-10-19'),
(432, 166, 'Ocupado', 'admin', '2012-10-19'),
(433, 166, 'Ocupado', 'admin', '2012-10-19'),
(434, 166, 'Ocupado', 'admin', '2012-10-19'),
(435, 167, 'Ocupado', 'admin', '2012-10-19'),
(436, 167, 'Ocupado', 'admin', '2012-10-19'),
(437, 167, 'Ocupado', 'admin', '2012-10-19'),
(438, 168, 'Ocupado', 'admin', '2012-10-19'),
(439, 168, 'Ocupado', 'admin', '2012-10-19'),
(440, 168, 'Ocupado', 'admin', '2012-10-19'),
(441, 169, 'Ocupado', 'admin', '2012-10-19'),
(442, 169, 'Ocupado', 'admin', '2012-10-19'),
(443, 169, 'Ocupado', 'admin', '2012-10-19'),
(444, 170, 'Ocupado', 'admin', '2012-10-19'),
(445, 170, 'Ocupado', 'admin', '2012-10-19'),
(446, 170, 'Ocupado', 'admin', '2012-10-19'),
(447, 171, 'Ocupado', 'admin', '2012-10-19'),
(448, 171, 'Ocupado', 'admin', '2012-10-19'),
(449, 171, 'Ocupado', 'admin', '2012-10-19'),
(450, 172, 'Ocupado', 'admin', '2012-10-19'),
(451, 172, 'Ocupado', 'admin', '2012-10-19'),
(452, 172, 'Ocupado', 'admin', '2012-10-19'),
(453, 173, 'Ocupado', 'admin', '2012-10-19'),
(454, 173, 'Ocupado', 'admin', '2012-10-19'),
(455, 173, 'Ocupado', 'admin', '2012-10-19'),
(456, 174, 'Ocupado', 'admin', '2012-10-19'),
(457, 174, 'Ocupado', 'admin', '2012-10-19'),
(458, 174, 'Ocupado', 'admin', '2012-10-19'),
(459, 175, 'Ocupado', 'admin', '2012-10-19'),
(460, 175, 'Ocupado', 'admin', '2012-10-19'),
(461, 175, 'Ocupado', 'admin', '2012-10-19'),
(462, 176, 'Ocupado', 'admin', '2012-10-19'),
(463, 176, 'Ocupado', 'admin', '2012-10-19'),
(464, 176, 'Ocupado', 'admin', '2012-10-19'),
(465, 177, 'Ocupado', 'admin', '2012-10-19'),
(466, 177, 'Ocupado', 'admin', '2012-10-19'),
(467, 177, 'Ocupado', 'admin', '2012-10-19'),
(468, 178, 'Ocupado', 'admin', '2012-10-19'),
(469, 178, 'Ocupado', 'admin', '2012-10-19'),
(470, 178, 'Ocupado', 'admin', '2012-10-19'),
(471, 179, 'Ocupado', 'admin', '2012-10-19'),
(472, 179, 'Ocupado', 'admin', '2012-10-19'),
(473, 179, 'Ocupado', 'admin', '2012-10-19'),
(474, 180, 'Ocupado', 'admin', '2012-10-19'),
(475, 180, 'Ocupado', 'admin', '2012-10-19'),
(476, 180, 'Ocupado', 'admin', '2012-10-19'),
(477, 181, 'Ocupado', 'admin', '2012-10-19'),
(478, 181, 'Ocupado', 'admin', '2012-10-19'),
(479, 181, 'Ocupado', 'admin', '2012-10-19'),
(480, 182, 'Ocupado', 'admin', '2012-10-19'),
(481, 182, 'Ocupado', 'admin', '2012-10-19'),
(482, 182, 'Ocupado', 'admin', '2012-10-19'),
(483, 183, 'Ocupado', 'admin', '2012-10-19'),
(484, 183, 'Ocupado', 'admin', '2012-10-19'),
(485, 183, 'Ocupado', 'admin', '2012-10-19'),
(486, 184, 'Ocupado', 'admin', '2012-10-19'),
(487, 184, 'Ocupado', 'admin', '2012-10-19'),
(488, 184, 'Ocupado', 'admin', '2012-10-19'),
(489, 185, 'Ocupado', 'admin', '2012-10-19'),
(490, 185, 'Ocupado', 'admin', '2012-10-19'),
(491, 185, 'Ocupado', 'admin', '2012-10-19'),
(492, 186, 'Ocupado', 'admin', '2012-10-19'),
(493, 186, 'Ocupado', 'admin', '2012-10-19'),
(494, 186, 'Ocupado', 'admin', '2012-10-19'),
(495, 187, 'Ocupado', 'admin', '2012-10-19'),
(496, 187, 'Ocupado', 'admin', '2012-10-19'),
(497, 187, 'Ocupado', 'admin', '2012-10-19'),
(498, 188, 'Ocupado', 'admin', '2012-10-19'),
(499, 188, 'Ocupado', 'admin', '2012-10-19'),
(500, 188, 'Ocupado', 'admin', '2012-10-19'),
(501, 189, 'Ocupado', 'admin', '2012-10-19'),
(502, 189, 'Ocupado', 'admin', '2012-10-19'),
(503, 189, 'Ocupado', 'admin', '2012-10-19'),
(504, 190, 'Ocupado', 'admin', '2012-10-19'),
(505, 190, 'Ocupado', 'admin', '2012-10-19'),
(506, 190, 'Ocupado', 'admin', '2012-10-19'),
(507, 191, 'Ocupado', 'admin', '2012-10-19'),
(508, 191, 'Ocupado', 'admin', '2012-10-19'),
(509, 191, 'Ocupado', 'admin', '2012-10-19'),
(510, 192, 'Ocupado', 'admin', '2012-10-19'),
(511, 192, 'Ocupado', 'admin', '2012-10-19'),
(512, 192, 'Ocupado', 'admin', '2012-10-19'),
(513, 193, 'Ocupado', 'admin', '2012-10-19'),
(514, 193, 'Ocupado', 'admin', '2012-10-19'),
(515, 193, 'Ocupado', 'admin', '2012-10-19'),
(516, 194, 'Ocupado', 'admin', '2012-10-19'),
(517, 194, 'Ocupado', 'admin', '2012-10-19'),
(518, 194, 'Ocupado', 'admin', '2012-10-19'),
(519, 195, 'Ocupado', 'admin', '2012-10-19'),
(520, 195, 'Ocupado', 'admin', '2012-10-19'),
(521, 196, 'Ocupado', 'admin', '2012-10-19'),
(522, 196, 'Ocupado', 'admin', '2012-10-19'),
(523, 196, 'Ocupado', 'admin', '2012-10-19'),
(524, 197, 'Ocupado', 'admin', '2012-10-19'),
(525, 197, 'Ocupado', 'admin', '2012-10-19'),
(526, 198, 'Ocupado', 'admin', '2012-10-19'),
(527, 198, 'Ocupado', 'admin', '2012-10-19'),
(528, 199, 'Ocupado', 'admin', '2012-10-19'),
(529, 199, 'Ocupado', 'admin', '2012-10-19'),
(530, 199, 'Ocupado', 'admin', '2012-10-19'),
(531, 200, 'Ocupado', 'admin', '2012-10-19'),
(532, 200, 'Ocupado', 'admin', '2012-10-19'),
(533, 200, 'Ocupado', 'admin', '2012-10-19'),
(534, 201, 'Ocupado', 'admin', '2012-10-19'),
(535, 201, 'Ocupado', 'admin', '2012-10-19'),
(536, 201, 'Ocupado', 'admin', '2012-10-19'),
(537, 202, 'Ocupado', 'admin', '2012-10-19'),
(538, 202, 'Ocupado', 'admin', '2012-10-19'),
(539, 202, 'Ocupado', 'admin', '2012-10-19'),
(540, 203, 'Ocupado', 'admin', '2012-10-19'),
(541, 203, 'Ocupado', 'admin', '2012-10-19'),
(542, 203, 'Ocupado', 'admin', '2012-10-19'),
(543, 204, 'Ocupado', 'admin', '2012-10-19'),
(544, 204, 'Ocupado', 'admin', '2012-10-19'),
(545, 204, 'Ocupado', 'admin', '2012-10-19'),
(546, 205, 'Ocupado', 'admin', '2012-10-19'),
(547, 205, 'Ocupado', 'admin', '2012-10-19'),
(548, 205, 'Ocupado', 'admin', '2012-10-19'),
(549, 206, 'Ocupado', 'admin', '2012-10-19'),
(550, 206, 'Ocupado', 'admin', '2012-10-19'),
(551, 206, 'Ocupado', 'admin', '2012-10-19'),
(552, 207, 'Ocupado', 'admin', '2012-10-19'),
(553, 207, 'Ocupado', 'admin', '2012-10-19'),
(554, 207, 'Ocupado', 'admin', '2012-10-19'),
(555, 208, 'Ocupado', 'admin', '2012-10-19'),
(556, 208, 'Ocupado', 'admin', '2012-10-19'),
(557, 208, 'Ocupado', 'admin', '2012-10-19'),
(558, 209, 'Ocupado', 'admin', '2012-10-19'),
(559, 209, 'Ocupado', 'admin', '2012-10-19'),
(560, 209, 'Ocupado', 'admin', '2012-10-19'),
(561, 210, 'Ocupado', 'admin', '2012-10-19'),
(562, 210, 'Ocupado', 'admin', '2012-10-19'),
(563, 210, 'Ocupado', 'admin', '2012-10-19'),
(564, 211, 'Ocupado', 'admin', '2012-10-19'),
(565, 211, 'Ocupado', 'admin', '2012-10-19'),
(566, 211, 'Ocupado', 'admin', '2012-10-19'),
(567, 212, 'Ocupado', 'admin', '2012-10-19'),
(568, 212, 'Ocupado', 'admin', '2012-10-19'),
(569, 212, 'Ocupado', 'admin', '2012-10-19'),
(570, 213, 'Ocupado', 'admin', '2012-10-19'),
(571, 213, 'Ocupado', 'admin', '2012-10-19'),
(572, 213, 'Ocupado', 'admin', '2012-10-19'),
(573, 214, 'Ocupado', 'admin', '2012-10-19'),
(574, 214, 'Ocupado', 'admin', '2012-10-19'),
(575, 214, 'Ocupado', 'admin', '2012-10-19'),
(576, 215, 'Ocupado', 'admin', '2012-10-19'),
(577, 215, 'Ocupado', 'admin', '2012-10-19'),
(578, 215, 'Ocupado', 'admin', '2012-10-19'),
(579, 216, 'Ocupado', 'admin', '2012-10-19'),
(580, 216, 'Ocupado', 'admin', '2012-10-19'),
(581, 216, 'Ocupado', 'admin', '2012-10-19'),
(582, 217, 'Ocupado', 'admin', '2012-10-19'),
(583, 217, 'Ocupado', 'admin', '2012-10-19'),
(584, 217, 'Ocupado', 'admin', '2012-10-19'),
(585, 218, 'Ocupado', 'admin', '2012-10-19'),
(586, 218, 'Ocupado', 'admin', '2012-10-19'),
(587, 218, 'Ocupado', 'admin', '2012-10-19'),
(588, 219, 'Ocupado', 'admin', '2012-10-19'),
(589, 219, 'Ocupado', 'admin', '2012-10-19'),
(590, 219, 'Ocupado', 'admin', '2012-10-19'),
(591, 220, 'Ocupado', 'admin', '2012-10-19'),
(592, 220, 'Ocupado', 'admin', '2012-10-19'),
(593, 220, 'Ocupado', 'admin', '2012-10-19'),
(594, 221, 'Ocupado', 'admin', '2012-10-19'),
(595, 221, 'Ocupado', 'admin', '2012-10-19'),
(596, 221, 'Ocupado', 'admin', '2012-10-19'),
(597, 222, 'Ocupado', 'admin', '2012-10-19'),
(598, 222, 'Ocupado', 'admin', '2012-10-19'),
(599, 222, 'Ocupado', 'admin', '2012-10-19'),
(600, 223, 'Ocupado', 'admin', '2012-10-19'),
(601, 223, 'Ocupado', 'admin', '2012-10-19'),
(602, 223, 'Ocupado', 'admin', '2012-10-19'),
(603, 224, 'Ocupado', 'admin', '2012-10-19'),
(604, 224, 'Ocupado', 'admin', '2012-10-19'),
(605, 224, 'Ocupado', 'admin', '2012-10-19'),
(606, 225, 'Ocupado', 'admin', '2012-10-19'),
(607, 225, 'Ocupado', 'admin', '2012-10-19'),
(608, 225, 'Ocupado', 'admin', '2012-10-19'),
(609, 226, 'Ocupado', 'admin', '2012-10-19'),
(610, 226, 'Ocupado', 'admin', '2012-10-19'),
(611, 226, 'Ocupado', 'admin', '2012-10-19'),
(612, 227, 'Ocupado', 'admin', '2012-10-19'),
(613, 227, 'Ocupado', 'admin', '2012-10-19'),
(614, 228, 'Ocupado', 'admin', '2012-10-19'),
(615, 228, 'Ocupado', 'admin', '2012-10-19'),
(616, 228, 'Ocupado', 'admin', '2012-10-19'),
(617, 229, 'Ocupado', 'admin', '2012-10-19'),
(618, 229, 'Ocupado', 'admin', '2012-10-19'),
(619, 229, 'Ocupado', 'admin', '2012-10-19'),
(620, 230, 'Ocupado', 'admin', '2012-10-19'),
(621, 230, 'Ocupado', 'admin', '2012-10-19'),
(622, 230, 'Ocupado', 'admin', '2012-10-19'),
(623, 231, 'Ocupado', 'admin', '2012-10-19'),
(624, 231, 'Ocupado', 'admin', '2012-10-19'),
(625, 231, 'Ocupado', 'admin', '2012-10-19'),
(626, 232, 'Ocupado', 'admin', '2012-10-19'),
(627, 232, 'Ocupado', 'admin', '2012-10-19'),
(628, 232, 'Ocupado', 'admin', '2012-10-19'),
(629, 233, 'Ocupado', 'admin', '2012-10-19'),
(630, 233, 'Ocupado', 'admin', '2012-10-19'),
(631, 233, 'Ocupado', 'admin', '2012-10-19'),
(632, 234, 'Ocupado', 'admin', '2012-10-19'),
(633, 234, 'Ocupado', 'admin', '2012-10-19'),
(634, 234, 'Ocupado', 'admin', '2012-10-19'),
(635, 235, 'Ocupado', 'admin', '2012-10-19'),
(636, 235, 'Ocupado', 'admin', '2012-10-19'),
(637, 235, 'Ocupado', 'admin', '2012-10-19'),
(638, 236, 'Ocupado', 'admin', '2012-10-19'),
(639, 236, 'Ocupado', 'admin', '2012-10-19'),
(640, 236, 'Ocupado', 'admin', '2012-10-19'),
(641, 237, 'Ocupado', 'admin', '2012-10-19'),
(642, 237, 'Ocupado', 'admin', '2012-10-19'),
(643, 237, 'Ocupado', 'admin', '2012-10-19'),
(644, 238, 'Ocupado', 'admin', '2012-10-19'),
(645, 238, 'Ocupado', 'admin', '2012-10-19'),
(646, 238, 'Ocupado', 'admin', '2012-10-19'),
(647, 239, 'Ocupado', 'admin', '2012-10-19'),
(648, 239, 'Ocupado', 'admin', '2012-10-19'),
(649, 239, 'Ocupado', 'admin', '2012-10-19'),
(650, 240, 'Ocupado', 'admin', '2012-10-19'),
(651, 240, 'Ocupado', 'admin', '2012-10-19'),
(652, 240, 'Ocupado', 'admin', '2012-10-19'),
(653, 241, 'Ocupado', 'admin', '2012-10-19'),
(654, 241, 'Ocupado', 'admin', '2012-10-19'),
(655, 241, 'Ocupado', 'admin', '2012-10-19'),
(656, 242, 'Ocupado', 'admin', '2012-10-19'),
(657, 242, 'Ocupado', 'admin', '2012-10-19'),
(658, 242, 'Ocupado', 'admin', '2012-10-19'),
(659, 243, 'Ocupado', 'admin', '2012-10-19'),
(660, 243, 'Ocupado', 'admin', '2012-10-19'),
(661, 243, 'Ocupado', 'admin', '2012-10-19'),
(662, 244, 'Ocupado', 'admin', '2012-10-19'),
(663, 244, 'Ocupado', 'admin', '2012-10-19'),
(664, 244, 'Ocupado', 'admin', '2012-10-19'),
(665, 245, 'Ocupado', 'admin', '2012-10-19'),
(666, 245, 'Ocupado', 'admin', '2012-10-19'),
(667, 245, 'Ocupado', 'admin', '2012-10-19'),
(668, 246, 'Ocupado', 'admin', '2012-10-19'),
(669, 246, 'Ocupado', 'admin', '2012-10-19'),
(670, 246, 'Ocupado', 'admin', '2012-10-19'),
(671, 247, 'Ocupado', 'admin', '2012-10-19'),
(672, 247, 'Ocupado', 'admin', '2012-10-19'),
(673, 247, 'Ocupado', 'admin', '2012-10-19'),
(674, 248, 'Ocupado', 'admin', '2012-10-19'),
(675, 248, 'Ocupado', 'admin', '2012-10-19'),
(676, 248, 'Ocupado', 'admin', '2012-10-19'),
(677, 249, 'Ocupado', 'admin', '2012-10-19'),
(678, 249, 'Ocupado', 'admin', '2012-10-19'),
(679, 249, 'Ocupado', 'admin', '2012-10-19'),
(680, 250, 'Ocupado', 'admin', '2012-10-20'),
(681, 250, 'Ocupado', 'admin', '2012-10-20'),
(682, 250, 'Ocupado', 'admin', '2012-10-20'),
(683, 251, 'Ocupado', 'admin', '2012-10-20'),
(684, 251, 'Ocupado', 'admin', '2012-10-20'),
(685, 251, 'Ocupado', 'admin', '2012-10-20'),
(686, 252, 'Ocupado', 'admin', '2012-10-20'),
(687, 252, 'Ocupado', 'admin', '2012-10-20'),
(688, 252, 'Ocupado', 'admin', '2012-10-20'),
(689, 253, 'Ocupado', 'admin', '2012-10-20'),
(690, 253, 'Ocupado', 'admin', '2012-10-20'),
(691, 253, 'Ocupado', 'admin', '2012-10-20'),
(692, 254, 'Ocupado', 'admin', '2012-10-20'),
(693, 254, 'Ocupado', 'admin', '2012-10-20'),
(694, 254, 'Ocupado', 'admin', '2012-10-20'),
(695, 255, 'Ocupado', 'admin', '2012-10-20'),
(696, 255, 'Ocupado', 'admin', '2012-10-20'),
(697, 255, 'Ocupado', 'admin', '2012-10-20'),
(698, 256, 'Ocupado', 'admin', '2012-10-20'),
(699, 256, 'Ocupado', 'admin', '2012-10-20'),
(700, 256, 'Ocupado', 'admin', '2012-10-20'),
(701, 257, 'Ocupado', 'admin', '2012-10-20'),
(702, 257, 'Ocupado', 'admin', '2012-10-20'),
(703, 257, 'Ocupado', 'admin', '2012-10-20'),
(704, 258, 'Ocupado', 'admin', '2012-10-20'),
(705, 258, 'Ocupado', 'admin', '2012-10-20'),
(706, 259, 'Ocupado', 'admin', '2012-10-20'),
(707, 259, 'Ocupado', 'admin', '2012-10-20'),
(708, 260, 'Ocupado', 'admin', '2012-10-20'),
(709, 260, 'Ocupado', 'admin', '2012-10-20'),
(710, 260, 'Ocupado', 'admin', '2012-10-20'),
(711, 261, 'Ocupado', 'admin', '2012-10-20'),
(712, 262, 'Ocupado', 'admin', '2012-10-20'),
(713, 262, 'Ocupado', 'admin', '2012-10-20'),
(714, 263, 'Ocupado', 'admin', '2012-10-20'),
(751, 277, 'Ocupado', 'admin', '2012-10-20'),
(752, 278, 'Ocupado', 'admin', '2012-10-20'),
(753, 279, 'Ocupado', 'admin', '2012-10-20'),
(754, 279, 'Ocupado', 'admin', '2012-10-20'),
(755, 280, 'Ocupado', 'admin', '2012-10-20'),
(756, 281, 'Ocupado', 'admin', '2012-10-20'),
(757, 281, 'Ocupado', 'admin', '2012-10-20'),
(758, 281, 'Ocupado', 'admin', '2012-10-20'),
(759, 282, 'Ocupado', 'admin', '2012-10-20'),
(760, 282, 'Ocupado', 'admin', '2012-10-20'),
(761, 282, 'Ocupado', 'admin', '2012-10-20'),
(762, 283, 'Ocupado', 'admin', '2012-10-20'),
(763, 283, 'Ocupado', 'admin', '2012-10-20'),
(764, 283, 'Ocupado', 'admin', '2012-10-20'),
(765, 284, 'Ocupado', 'admin', '2012-10-20'),
(766, 284, 'Ocupado', 'admin', '2012-10-20'),
(767, 284, 'Ocupado', 'admin', '2012-10-20'),
(768, 285, 'Ocupado', 'admin', '2012-10-20'),
(769, 285, 'Ocupado', 'admin', '2012-10-20'),
(770, 285, 'Ocupado', 'admin', '2012-10-20'),
(771, 286, 'Ocupado', 'admin', '2012-10-20'),
(772, 286, 'Ocupado', 'admin', '2012-10-20'),
(773, 286, 'Ocupado', 'admin', '2012-10-20'),
(774, 287, 'Ocupado', 'admin', '2012-10-20'),
(775, 287, 'Ocupado', 'admin', '2012-10-20'),
(776, 287, 'Ocupado', 'admin', '2012-10-20'),
(777, 288, 'Ocupado', 'admin', '2012-10-20'),
(778, 288, 'Ocupado', 'admin', '2012-10-20'),
(779, 288, 'Ocupado', 'admin', '2012-10-20'),
(780, 289, 'Ocupado', 'admin', '2012-10-20'),
(781, 289, 'Ocupado', 'admin', '2012-10-20'),
(782, 289, 'Ocupado', 'admin', '2012-10-20'),
(783, 290, 'Ocupado', 'admin', '2012-10-20'),
(784, 290, 'Ocupado', 'admin', '2012-10-20'),
(785, 290, 'Ocupado', 'admin', '2012-10-20'),
(786, 291, 'Ocupado', 'admin', '2012-10-20'),
(787, 291, 'Ocupado', 'admin', '2012-10-20'),
(788, 291, 'Ocupado', 'admin', '2012-10-20'),
(789, 292, 'Ocupado', 'admin', '2012-10-20'),
(790, 292, 'Ocupado', 'admin', '2012-10-20'),
(791, 292, 'Ocupado', 'admin', '2012-10-20'),
(792, 293, 'Ocupado', 'admin', '2012-10-20'),
(793, 293, 'Ocupado', 'admin', '2012-10-20'),
(794, 293, 'Ocupado', 'admin', '2012-10-20'),
(795, 294, 'Ocupado', 'admin', '2012-10-20'),
(796, 294, 'Ocupado', 'admin', '2012-10-20'),
(797, 294, 'Ocupado', 'admin', '2012-10-20'),
(798, 295, 'Ocupado', 'admin', '2012-10-20'),
(799, 295, 'Ocupado', 'admin', '2012-10-20'),
(800, 295, 'Ocupado', 'admin', '2012-10-20'),
(801, 296, 'Ocupado', 'admin', '2012-10-20'),
(802, 296, 'Ocupado', 'admin', '2012-10-20'),
(803, 296, 'Ocupado', 'admin', '2012-10-20'),
(804, 297, 'Ocupado', 'admin', '2012-10-20'),
(805, 297, 'Ocupado', 'admin', '2012-10-20'),
(806, 297, 'Ocupado', 'admin', '2012-10-20'),
(807, 298, 'Ocupado', 'admin', '2012-10-20'),
(808, 298, 'Ocupado', 'admin', '2012-10-20'),
(809, 298, 'Ocupado', 'admin', '2012-10-20'),
(810, 299, 'Ocupado', 'admin', '2012-10-20'),
(811, 299, 'Ocupado', 'admin', '2012-10-20'),
(812, 299, 'Ocupado', 'admin', '2012-10-20'),
(813, 300, 'Ocupado', 'admin', '2012-10-20'),
(814, 300, 'Ocupado', 'admin', '2012-10-20'),
(815, 300, 'Ocupado', 'admin', '2012-10-20'),
(816, 301, 'Ocupado', 'admin', '2012-10-20'),
(817, 302, 'Ocupado', 'admin', '2012-10-20'),
(818, 302, 'Ocupado', 'admin', '2012-10-20'),
(819, 302, 'Ocupado', 'admin', '2012-10-20'),
(820, 303, 'Ocupado', 'admin', '2012-10-20'),
(821, 303, 'Ocupado', 'admin', '2012-10-20'),
(822, 303, 'Ocupado', 'admin', '2012-10-20'),
(823, 304, 'Ocupado', 'admin', '2012-10-20'),
(824, 304, 'Ocupado', 'admin', '2012-10-20'),
(825, 304, 'Ocupado', 'admin', '2012-10-20'),
(826, 305, 'Ocupado', 'admin', '2012-10-20'),
(827, 305, 'Ocupado', 'admin', '2012-10-20'),
(828, 305, 'Ocupado', 'admin', '2012-10-20'),
(829, 306, 'Ocupado', 'admin', '2012-10-20'),
(830, 306, 'Ocupado', 'admin', '2012-10-20'),
(831, 306, 'Ocupado', 'admin', '2012-10-20'),
(832, 307, 'Ocupado', 'admin', '2012-10-20'),
(833, 307, 'Ocupado', 'admin', '2012-10-20'),
(834, 307, 'Ocupado', 'admin', '2012-10-20'),
(835, 308, 'Ocupado', 'admin', '2012-10-20'),
(836, 308, 'Ocupado', 'admin', '2012-10-20'),
(837, 308, 'Ocupado', 'admin', '2012-10-20'),
(838, 309, 'Ocupado', 'admin', '2012-10-20'),
(839, 309, 'Ocupado', 'admin', '2012-10-20'),
(840, 309, 'Ocupado', 'admin', '2012-10-20'),
(841, 310, 'Ocupado', 'admin', '2012-10-20'),
(842, 310, 'Ocupado', 'admin', '2012-10-20'),
(843, 311, 'Ocupado', 'admin', '2012-10-20'),
(844, 311, 'Ocupado', 'admin', '2012-10-20'),
(845, 311, 'Ocupado', 'admin', '2012-10-20'),
(846, 312, 'Ocupado', 'admin', '2012-10-20'),
(847, 312, 'Ocupado', 'admin', '2012-10-20'),
(848, 312, 'Ocupado', 'admin', '2012-10-20'),
(849, 313, 'Ocupado', 'admin', '2012-10-20'),
(850, 313, 'Ocupado', 'admin', '2012-10-20'),
(851, 313, 'Ocupado', 'admin', '2012-10-20'),
(852, 314, 'Ocupado', 'admin', '2012-10-20'),
(853, 314, 'Ocupado', 'admin', '2012-10-20'),
(854, 314, 'Ocupado', 'admin', '2012-10-20'),
(855, 315, 'Ocupado', 'admin', '2012-10-20'),
(856, 315, 'Ocupado', 'admin', '2012-10-20'),
(857, 315, 'Ocupado', 'admin', '2012-10-20');

INSERT INTO `caja` (`idCaja`, `idDpto_Dep`, `idUbicacion`, `idValorDoc`, `Disponibilidad`, `Capacidad`, `Usuario`, `Fecha_Creacion`) VALUES
(1, 13, 1, 1, 'Disponible', 1, 'admin', '2012-10-08'),
(2, 9, 2, 1, 'Disponible', 1, 'admin', '2012-10-08'),
(3, 9, 3, 1, 'Disponible', 1, 'admin', '2012-10-08'),
(4, 13, 4, 1, 'Disponible', 1, 'admin', '2012-10-08'),
(5, 9, 5, 1, 'Disponible', 1, 'admin', '2012-10-08'),
(6, 13, 6, 1, 'Disponible', 1, 'admin', '2012-10-08'),
(7, 9, 7, 1, 'Disponible', 1, 'admin', '2012-10-08'),
(8, 12, 8, 3, 'Disponible', 1, 'admin', '2012-10-08'),
(9, 9, 9, 1, 'Disponible', 1, 'admin', '2012-10-08'),
(10, 9, 10, 1, 'Disponible', 1, 'admin', '2012-10-08'),
(11, 13, 11, 1, 'Disponible', 1, 'admin', '2012-10-08'),
(12, 13, 12, 1, 'Disponible', 1, 'admin', '2012-10-08'),
(13, 12, 13, 3, 'Disponible', 1, 'admin', '2012-10-08'),
(14, 9, 14, 1, 'Disponible', 1, 'admin', '2012-10-08'),
(15, 11, 15, 6, 'Disponible', 1, 'admin', '2012-10-08'),
(16, 14, 16, 8, 'Disponible', 1, 'admin', '2012-10-08'),
(17, 14, 17, 8, 'Disponible', 1, 'admin', '2012-10-08'),
(18, 14, 18, 8, 'Disponible', 1, 'admin', '2012-10-08'),
(19, 14, 19, 8, 'Disponible', 1, 'admin', '2012-10-08'),
(20, 14, 20, 8, 'Disponible', 1, 'admin', '2012-10-08'),
(21, 14, 21, 8, 'Disponible', 1, 'admin', '2012-10-08'),
(22, 14, 22, 8, 'Disponible', 1, 'admin', '2012-10-08'),
(23, 14, 23, 8, 'Disponible', 1, 'admin', '2012-10-08'),
(24, 14, 24, 8, 'Disponible', 1, 'admin', '2012-10-08'),
(25, 14, 25, 8, 'Disponible', 1, 'admin', '2012-10-08'),
(26, 14, 26, 8, 'Disponible', 1, 'admin', '2012-10-08'),
(27, 14, 27, 8, 'Disponible', 1, 'admin', '2012-10-08'),
(28, 14, 28, 8, 'Disponible', 1, 'admin', '2012-10-08'),
(29, 14, 29, 8, 'Disponible', 1, 'admin', '2012-10-08'),
(30, 14, 30, 8, 'Disponible', 1, 'admin', '2012-10-08'),
(31, 9, 31, 1, 'Disponible', 1, 'admin', '2012-10-08'),
(32, 14, 32, 8, 'Disponible', 1, 'admin', '2012-10-08'),
(33, 14, 33, 8, 'Disponible', 1, 'admin', '2012-10-08'),
(34, 12, 34, 3, 'Disponible', 1, 'admin', '2012-10-08'),
(35, 12, 35, 3, 'Disponible', 1, 'admin', '2012-10-08'),
(36, 12, 36, 3, 'Disponible', 1, 'admin', '2012-10-08'),
(37, 12, 37, 3, 'Disponible', 1, 'admin', '2012-10-08'),
(38, 12, 38, 3, 'Disponible', 1, 'admin', '2012-10-08'),
(39, 12, 39, 3, 'Disponible', 1, 'admin', '2012-10-08'),
(40, 12, 40, 3, 'Disponible', 1, 'admin', '2012-10-08'),
(41, 11, 41, 6, 'Disponible', 1, 'admin', '2012-10-08'),
(42, 12, 42, 3, 'Disponible', 1, 'admin', '2012-10-08'),
(43, 12, 43, 6, 'Disponible', 1, 'admin', '2012-10-08'),
(44, 8, 44, 1, 'Disponible', 1, 'admin', '2012-10-08'),
(45, 11, 45, 6, 'Disponible', 1, 'admin', '2012-10-08'),
(46, 13, 46, 8, 'Disponible', 1, 'admin', '2012-10-16'),
(47, 13, 47, 8, 'Disponible', 1, 'admin', '2012-10-16'),
(48, 13, 48, 8, 'Disponible', 1, 'admin', '2012-10-16'),
(49, 13, 49, 3, 'Disponible', 1, 'admin', '2012-10-16'),
(50, 13, 50, 3, 'Disponible', 1, 'admin', '2012-10-16'),
(51, 13, 51, 3, 'Disponible', 1, 'admin', '2012-10-16'),
(52, 13, 52, 3, 'Disponible', 1, 'admin', '2012-10-16'),
(53, 13, 53, 3, 'Disponible', 1, 'admin', '2012-10-16'),
(54, 13, 54, 3, 'Disponible', 1, 'admin', '2012-10-16'),
(55, 13, 55, 3, 'Disponible', 1, 'admin', '2012-10-16'),
(56, 13, 56, 3, 'Disponible', 1, 'admin', '2012-10-16'),
(57, 13, 57, 3, 'Disponible', 1, 'admin', '2012-10-16'),
(58, 13, 58, 8, 'Disponible', 1, 'admin', '2012-10-16'),
(59, 13, 59, 3, 'Disponible', 1, 'admin', '2012-10-16'),
(60, 13, 60, 3, 'Disponible', 1, 'admin', '2012-10-16'),
(61, 2, 61, 8, 'Disponible', 1, 'admin', '2012-10-16'),
(62, 2, 62, 8, 'Disponible', 1, 'admin', '2012-10-16'),
(63, 2, 63, 8, 'Disponible', 1, 'admin', '2012-10-16'),
(64, 12, 64, 3, 'Disponible', 1, 'admin', '2012-10-16'),
(65, 12, 65, 3, 'Disponible', 1, 'admin', '2012-10-16'),
(66, 12, 66, 3, 'Disponible', 1, 'admin', '2012-10-16'),
(67, 12, 67, 3, 'Disponible', 1, 'admin', '2012-10-16'),
(68, 12, 68, 3, 'Disponible', 1, 'admin', '2012-10-16'),
(69, 9, 69, 1, 'Disponible', 1, 'admin', '2012-10-16'),
(70, 14, 70, 8, 'Disponible', 1, 'admin', '2012-10-16'),
(71, 9, 71, 1, 'Disponible', 1, 'admin', '2012-10-16'),
(72, 9, 72, 1, 'Disponible', 1, 'admin', '2012-10-16'),
(73, 9, 73, 1, 'Disponible', 1, 'admin', '2012-10-16'),
(74, 9, 74, 1, 'Disponible', 1, 'admin', '2012-10-16'),
(75, 12, 75, 3, 'Disponible', 1, 'admin', '2012-10-16'),
(76, 12, 76, 3, 'Disponible', 1, 'admin', '2012-10-16'),
(77, 12, 77, 3, 'Disponible', 1, 'admin', '2012-10-16'),
(78, 12, 78, 3, 'Disponible', 1, 'admin', '2012-10-16'),
(79, 12, 79, 3, 'Disponible', 1, 'admin', '2012-10-16'),
(80, 9, 80, 8, 'Disponible', 1, 'admin', '2012-10-16'),
(81, 12, 81, 3, 'Disponible', 1, 'admin', '2012-10-16'),
(82, 12, 82, 3, 'Disponible', 1, 'admin', '2012-10-16'),
(83, 8, 83, 1, 'Disponible', 1, 'admin', '2012-10-16'),
(84, 13, 84, 8, 'Disponible', 1, 'admin', '2012-10-16'),
(85, 9, 85, 1, 'Disponible', 1, 'admin', '2012-10-16'),
(86, 12, 86, 3, 'Disponible', 1, 'admin', '2012-10-16'),
(87, 12, 87, 3, 'Disponible', 1, 'admin', '2012-10-16'),
(88, 12, 88, 3, 'Disponible', 1, 'admin', '2012-10-16'),
(89, 13, 89, 8, 'Disponible', 1, 'admin', '2012-10-16'),
(90, 13, 90, 3, 'Disponible', 1, 'admin', '2012-10-16'),
(91, 13, 91, 3, 'Disponible', 1, 'admin', '2012-10-16'),
(92, 9, 92, 1, 'Disponible', 1, 'admin', '2012-10-16'),
(93, 12, 93, 3, 'Disponible', 1, 'admin', '2012-10-16'),
(94, 9, 94, 1, 'Disponible', 1, 'admin', '2012-10-16'),
(95, 9, 95, 1, 'Disponible', 1, 'admin', '2012-10-16'),
(96, 12, 96, 3, 'Disponible', 1, 'admin', '2012-10-16'),
(97, 13, 97, 8, 'Disponible', 1, 'admin', '2012-10-16'),
(98, 13, 98, 8, 'Disponible', 1, 'admin', '2012-10-16'),
(99, 13, 99, 8, 'Disponible', 1, 'admin', '2012-10-16'),
(100, 9, 100, 1, 'Disponible', 1, 'admin', '2012-10-16'),
(101, 9, 101, 1, 'Disponible', 1, 'admin', '2012-10-16'),
(102, 9, 102, 1, 'Disponible', 1, 'admin', '2012-10-16'),
(103, 13, 103, 8, 'Disponible', 1, 'admin', '2012-10-16'),
(104, 13, 104, 8, 'Disponible', 1, 'admin', '2012-10-16'),
(105, 13, 105, 8, 'Disponible', 1, 'admin', '2012-10-16'),
(106, 13, 106, 8, 'Disponible', 1, 'admin', '2012-10-16'),
(107, 13, 107, 8, 'Disponible', 1, 'admin', '2012-10-16'),
(108, 13, 108, 8, 'Disponible', 1, 'admin', '2012-10-16'),
(109, 13, 109, 8, 'Disponible', 1, 'admin', '2012-10-16'),
(110, 13, 110, 8, 'Disponible', 1, 'admin', '2012-10-16'),
(111, 13, 111, 8, 'Disponible', 1, 'admin', '2012-10-16'),
(112, 13, 112, 8, 'Disponible', 1, 'admin', '2012-10-16'),
(113, 13, 113, 8, 'Disponible', 1, 'admin', '2012-10-16'),
(114, 13, 114, 8, 'Disponible', 1, 'admin', '2012-10-16'),
(115, 13, 115, 8, 'Disponible', 1, 'admin', '2012-10-16'),
(116, 9, 116, 1, 'Disponible', 1, 'admin', '2012-10-17'),
(117, 9, 117, 1, 'Disponible', 1, 'admin', '2012-10-17'),
(118, 9, 118, 1, 'Disponible', 1, 'admin', '2012-10-17'),
(119, 9, 119, 1, 'Disponible', 1, 'admin', '2012-10-17'),
(120, 13, 120, 1, 'Disponible', 1, 'admin', '2012-10-17'),
(121, 13, 121, 3, 'Disponible', 1, 'admin', '2012-10-17'),
(122, 13, 122, 1, 'Disponible', 1, 'admin', '2012-10-17'),
(123, 13, 123, 1, 'Disponible', 1, 'admin', '2012-10-17'),
(124, 9, 124, 1, 'Disponible', 1, 'admin', '2012-10-17'),
(125, 13, 125, 1, 'Disponible', 1, 'admin', '2012-10-17'),
(126, 13, 126, 1, 'Disponible', 1, 'admin', '2012-10-17'),
(127, 13, 127, 3, 'Disponible', 1, 'admin', '2012-10-17'),
(128, 13, 128, 3, 'Disponible', 1, 'admin', '2012-10-17'),
(129, 13, 129, 1, 'Disponible', 1, 'admin', '2012-10-17'),
(130, 13, 130, 1, 'Disponible', 1, 'admin', '2012-10-17'),
(131, 13, 131, 1, 'Disponible', 1, 'admin', '2012-10-17'),
(132, 9, 132, 3, 'Disponible', 1, 'admin', '2012-10-17'),
(133, 9, 133, 3, 'Disponible', 1, 'admin', '2012-10-17'),
(134, 12, 134, 3, 'Disponible', 1, 'admin', '2012-10-17'),
(135, 12, 135, 3, 'Disponible', 1, 'admin', '2012-10-17'),
(136, 9, 136, 3, 'Disponible', 1, 'admin', '2012-10-17'),
(137, 12, 137, 3, 'Disponible', 1, 'admin', '2012-10-17'),
(138, 9, 138, 3, 'Disponible', 1, 'admin', '2012-10-17'),
(139, 9, 139, 3, 'Disponible', 1, 'admin', '2012-10-17'),
(140, 12, 140, 3, 'Disponible', 1, 'admin', '2012-10-17'),
(141, 9, 141, 1, 'Disponible', 1, 'admin', '2012-10-17'),
(142, 9, 142, 1, 'Disponible', 1, 'admin', '2012-10-17'),
(143, 13, 143, 1, 'Disponible', 1, 'admin', '2012-10-17'),
(144, 13, 144, 1, 'Disponible', 1, 'admin', '2012-10-17'),
(145, 13, 145, 1, 'Disponible', 1, 'admin', '2012-10-17'),
(146, 13, 146, 1, 'Disponible', 1, 'admin', '2012-10-17'),
(147, 13, 147, 1, 'Disponible', 1, 'admin', '2012-10-17'),
(148, 9, 148, 1, 'Disponible', 1, 'admin', '2012-10-17'),
(149, 12, 149, 3, 'Disponible', 1, 'admin', '2012-10-17'),
(150, 12, 150, 3, 'Disponible', 1, 'admin', '2012-10-17'),
(151, 13, 151, 1, 'Disponible', 1, 'admin', '2012-10-17'),
(152, 13, 152, 1, 'Disponible', 1, 'admin', '2012-10-17'),
(153, 13, 153, 1, 'Disponible', 1, 'admin', '2012-10-17'),
(154, 13, 154, 3, 'Disponible', 1, 'admin', '2012-10-17'),
(155, 13, 155, 3, 'Disponible', 1, 'admin', '2012-10-17'),
(156, 8, 156, 8, 'Disponible', 1, 'admin', '2012-10-17'),
(157, 13, 157, 8, 'Disponible', 1, 'admin', '2012-10-17'),
(158, 4, 158, 8, 'Disponible', 1, 'admin', '2012-10-17'),
(159, 4, 159, 8, 'Disponible', 1, 'admin', '2012-10-17'),
(160, 4, 160, 8, 'Disponible', 1, 'admin', '2012-10-17'),
(161, 4, 161, 8, 'Disponible', 1, 'admin', '2012-10-17'),
(162, 4, 162, 8, 'Disponible', 1, 'admin', '2012-10-17'),
(163, 4, 163, 8, 'Disponible', 1, 'admin', '2012-10-17'),
(164, 4, 164, 8, 'Disponible', 1, 'admin', '2012-10-17'),
(165, 4, 165, 8, 'Disponible', 1, 'admin', '2012-10-17'),
(166, 4, 166, 8, 'Disponible', 1, 'admin', '2012-10-17'),
(167, 4, 167, 8, 'Disponible', 1, 'admin', '2012-10-17'),
(168, 4, 168, 8, 'Disponible', 1, 'admin', '2012-10-17'),
(169, 4, 169, 8, 'Disponible', 1, 'admin', '2012-10-17'),
(170, 4, 170, 8, 'Disponible', 1, 'admin', '2012-10-17'),
(171, 4, 171, 8, 'Disponible', 1, 'admin', '2012-10-17'),
(172, 4, 172, 8, 'Disponible', 1, 'admin', '2012-10-17'),
(173, 4, 173, 8, 'Disponible', 1, 'admin', '2012-10-17'),
(174, 4, 174, 8, 'Disponible', 1, 'admin', '2012-10-17'),
(175, 4, 175, 8, 'Disponible', 1, 'admin', '2012-10-17'),
(176, 4, 176, 8, 'Disponible', 1, 'admin', '2012-10-17'),
(177, 4, 177, 8, 'Disponible', 1, 'admin', '2012-10-17'),
(178, 4, 178, 8, 'Disponible', 1, 'admin', '2012-10-17'),
(179, 4, 179, 8, 'Disponible', 1, 'admin', '2012-10-17'),
(180, 4, 180, 8, 'Disponible', 1, 'admin', '2012-10-17'),
(181, 4, 181, 8, 'Disponible', 1, 'admin', '2012-10-17'),
(182, 4, 182, 8, 'Disponible', 1, 'admin', '2012-10-17'),
(183, 4, 183, 8, 'Disponible', 1, 'admin', '2012-10-17'),
(184, 4, 184, 8, 'Disponible', 1, 'admin', '2012-10-17'),
(185, 4, 185, 8, 'Disponible', 1, 'admin', '2012-10-17'),
(186, 4, 186, 8, 'Disponible', 1, 'admin', '2012-10-17'),
(187, 4, 187, 8, 'Disponible', 1, 'admin', '2012-10-17'),
(188, 4, 188, 8, 'Disponible', 1, 'admin', '2012-10-17'),
(189, 4, 189, 8, 'Disponible', 1, 'admin', '2012-10-17'),
(190, 4, 190, 8, 'Disponible', 1, 'admin', '2012-10-17'),
(191, 4, 191, 8, 'Disponible', 1, 'admin', '2012-10-17'),
(192, 4, 192, 8, 'Disponible', 1, 'admin', '2012-10-17'),
(193, 4, 193, 8, 'Disponible', 1, 'admin', '2012-10-17'),
(194, 4, 194, 8, 'Disponible', 1, 'admin', '2012-10-17'),
(195, 4, 195, 8, 'Disponible', 1, 'admin', '2012-10-17'),
(196, 4, 196, 8, 'Disponible', 1, 'admin', '2012-10-17'),
(197, 4, 197, 8, 'Disponible', 1, 'admin', '2012-10-17'),
(198, 4, 198, 8, 'Disponible', 1, 'admin', '2012-10-17'),
(199, 4, 199, 8, 'Disponible', 1, 'admin', '2012-10-17'),
(200, 4, 200, 8, 'Disponible', 1, 'admin', '2012-10-17'),
(201, 4, 201, 8, 'Disponible', 1, 'admin', '2012-10-17'),
(202, 4, 202, 8, 'Disponible', 1, 'admin', '2012-10-17'),
(203, 14, 203, 8, 'Disponible', 1, 'admin', '2012-10-17'),
(204, 14, 204, 8, 'Disponible', 1, 'admin', '2012-10-17'),
(205, 14, 205, 8, 'Disponible', 1, 'admin', '2012-10-17'),
(206, 14, 206, 8, 'Disponible', 1, 'admin', '2012-10-17'),
(207, 14, 207, 8, 'Disponible', 1, 'admin', '2012-10-17'),
(208, 14, 208, 8, 'Disponible', 1, 'admin', '2012-10-17'),
(209, 14, 209, 8, 'Disponible', 1, 'admin', '2012-10-17'),
(210, 14, 210, 8, 'Disponible', 1, 'admin', '2012-10-17'),
(211, 14, 211, 8, 'Disponible', 1, 'admin', '2012-10-17'),
(212, 14, 212, 8, 'Disponible', 1, 'admin', '2012-10-17'),
(213, 14, 213, 8, 'Disponible', 1, 'admin', '2012-10-17'),
(214, 14, 214, 8, 'Disponible', 1, 'admin', '2012-10-17'),
(215, 14, 215, 8, 'Disponible', 1, 'admin', '2012-10-17'),
(216, 14, 216, 8, 'Disponible', 1, 'admin', '2012-10-17'),
(217, 14, 217, 8, 'Disponible', 1, 'admin', '2012-10-17'),
(218, 1, 218, 8, 'Disponible', 1, 'admin', '2012-10-17'),
(219, 14, 219, 8, 'Disponible', 1, 'admin', '2012-10-18'),
(220, 14, 220, 8, 'Disponible', 1, 'admin', '2012-10-18'),
(221, 14, 221, 8, 'Disponible', 1, 'admin', '2012-10-18'),
(222, 14, 222, 8, 'Disponible', 1, 'admin', '2012-10-18'),
(223, 14, 223, 8, 'Disponible', 1, 'admin', '2012-10-18'),
(224, 14, 224, 8, 'Disponible', 1, 'admin', '2012-10-18'),
(225, 14, 225, 8, 'Disponible', 1, 'admin', '2012-10-18'),
(226, 14, 226, 8, 'Disponible', 1, 'admin', '2012-10-18'),
(227, 14, 227, 8, 'Disponible', 1, 'admin', '2012-10-18'),
(228, 14, 228, 8, 'Disponible', 1, 'admin', '2012-10-18'),
(229, 14, 229, 1, 'Disponible', 1, 'admin', '2012-10-18'),
(230, 14, 230, 8, 'Disponible', 1, 'admin', '2012-10-18'),
(231, 14, 231, 8, 'Disponible', 1, 'admin', '2012-10-18'),
(232, 14, 232, 8, 'Disponible', 1, 'admin', '2012-10-18'),
(233, 14, 233, 8, 'Disponible', 1, 'admin', '2012-10-18'),
(234, 14, 234, 8, 'Disponible', 1, 'admin', '2012-10-18'),
(235, 14, 235, 1, 'Disponible', 1, 'admin', '2012-10-18'),
(236, 14, 236, 8, 'Disponible', 1, 'admin', '2012-10-18'),
(237, 14, 237, 8, 'Disponible', 1, 'admin', '2012-10-18'),
(238, 14, 238, 8, 'Disponible', 1, 'admin', '2012-10-18'),
(239, 14, 239, 8, 'Disponible', 1, 'admin', '2012-10-18'),
(240, 14, 240, 8, 'Disponible', 1, 'admin', '2012-10-18'),
(241, 14, 241, 8, 'Disponible', 1, 'admin', '2012-10-18'),
(242, 14, 249, 8, 'Disponible', 1, 'admin', '2012-10-18'),
(243, 14, 242, 8, 'Disponible', 1, 'admin', '2012-10-18'),
(244, 14, 243, 8, 'Disponible', 1, 'admin', '2012-10-18'),
(245, 14, 244, 8, 'Disponible', 1, 'admin', '2012-10-18'),
(246, 14, 245, 8, 'Disponible', 1, 'admin', '2012-10-18'),
(247, 14, 246, 8, 'Disponible', 1, 'admin', '2012-10-18'),
(248, 14, 247, 8, 'Disponible', 1, 'admin', '2012-10-18'),
(249, 14, 248, 8, 'Disponible', 1, 'admin', '2012-10-18'),
(250, 14, 250, 8, 'Disponible', 1, 'admin', '2012-10-18'),
(251, 14, 251, 8, 'Disponible', 1, 'admin', '2012-10-18'),
(252, 14, 252, 8, 'Disponible', 1, 'admin', '2012-10-18'),
(253, 14, 253, 8, 'Disponible', 1, 'admin', '2012-10-18'),
(254, 14, 254, 8, 'Disponible', 1, 'admin', '2012-10-18'),
(255, 14, 255, 8, 'Disponible', 1, 'admin', '2012-10-18'),
(256, 14, 256, 8, 'Disponible', 1, 'admin', '2012-10-18'),
(257, 14, 257, 8, 'Disponible', 1, 'admin', '2012-10-18'),
(258, 14, 258, 8, 'Disponible', 1, 'admin', '2012-10-18'),
(259, 14, 259, 8, 'Disponible', 1, 'admin', '2012-10-18'),
(260, 14, 260, 8, 'Disponible', 1, 'admin', '2012-10-18'),
(261, 14, 261, 8, 'Disponible', 1, 'admin', '2012-10-18'),
(262, 14, 262, 8, 'Disponible', 1, 'admin', '2012-10-18'),
(263, 14, 263, 8, 'Disponible', 1, 'admin', '2012-10-18'),
(264, 14, 264, 8, 'Disponible', 1, 'admin', '2012-10-18'),
(265, 14, 265, 8, 'Disponible', 1, 'admin', '2012-10-18'),
(266, 14, 266, 8, 'Disponible', 1, 'admin', '2012-10-18'),
(267, 14, 267, 8, 'Disponible', 1, 'admin', '2012-10-18'),
(268, 14, 268, 8, 'Disponible', 1, 'admin', '2012-10-18'),
(269, 14, 269, 8, 'Disponible', 1, 'admin', '2012-10-18'),
(270, 14, 270, 8, 'Disponible', 1, 'admin', '2012-10-18'),
(271, 14, 271, 8, 'Disponible', 1, 'admin', '2012-10-18'),
(272, 14, 272, 8, 'Disponible', 1, 'admin', '2012-10-18'),
(273, 14, 273, 8, 'Disponible', 1, 'admin', '2012-10-18'),
(274, 14, 274, 8, 'Disponible', 1, 'admin', '2012-10-18'),
(275, 14, 275, 8, 'Disponible', 1, 'admin', '2012-10-18'),
(276, 14, 276, 8, 'Disponible', 1, 'admin', '2012-10-18'),
(277, 14, 277, 8, 'Disponible', 1, 'admin', '2012-10-18'),
(278, 14, 278, 8, 'Disponible', 1, 'admin', '2012-10-18'),
(279, 14, 279, 8, 'Disponible', 1, 'admin', '2012-10-18'),
(280, 14, 280, 8, 'Disponible', 1, 'admin', '2012-10-18'),
(281, 14, 281, 8, 'Disponible', 1, 'admin', '2012-10-18'),
(282, 14, 282, 8, 'Disponible', 1, 'admin', '2012-10-18'),
(283, 14, 283, 8, 'Disponible', 1, 'admin', '2012-10-18'),
(284, 14, 284, 8, 'Disponible', 1, 'admin', '2012-10-18'),
(285, 14, 285, 8, 'Disponible', 1, 'admin', '2012-10-18'),
(286, 14, 286, 8, 'Disponible', 1, 'admin', '2012-10-18'),
(287, 14, 287, 8, 'Disponible', 1, 'admin', '2012-10-18'),
(288, 14, 288, 8, 'Disponible', 1, 'admin', '2012-10-18'),
(289, 14, 289, 8, 'Disponible', 1, 'admin', '2012-10-18'),
(290, 14, 290, 8, 'Disponible', 1, 'admin', '2012-10-18'),
(291, 14, 291, 8, 'Disponible', 1, 'admin', '2012-10-18'),
(292, 14, 292, 8, 'Disponible', 1, 'admin', '2012-10-18'),
(293, 14, 293, 8, 'Disponible', 1, 'admin', '2012-10-18'),
(294, 14, 294, 8, 'Disponible', 1, 'admin', '2012-10-18'),
(295, 14, 295, 8, 'Disponible', 1, 'admin', '2012-10-18'),
(296, 14, 296, 8, 'Disponible', 1, 'admin', '2012-10-18'),
(297, 14, 297, 8, 'Disponible', 1, 'admin', '2012-10-18'),
(298, 14, 298, 8, 'Disponible', 1, 'admin', '2012-10-18'),
(299, 14, 299, 8, 'Disponible', 1, 'admin', '2012-10-18'),
(300, 14, 300, 8, 'Disponible', 1, 'admin', '2012-10-18'),
(301, 14, 301, 8, 'Disponible', 1, 'admin', '2012-10-18'),
(302, 14, 302, 8, 'Disponible', 1, 'admin', '2012-10-18'),
(303, 14, 303, 8, 'Disponible', 1, 'admin', '2012-10-18'),
(304, 14, 304, 8, 'Disponible', 1, 'admin', '2012-10-18'),
(305, 14, 305, 8, 'Disponible', 1, 'admin', '2012-10-18'),
(306, 14, 306, 8, 'Disponible', 1, 'admin', '2012-10-18'),
(307, 14, 307, 8, 'Disponible', 1, 'admin', '2012-10-18'),
(308, 14, 308, 8, 'Disponible', 1, 'admin', '2012-10-18'),
(309, 14, 309, 8, 'Disponible', 1, 'admin', '2012-10-18'),
(310, 14, 310, 8, 'Disponible', 1, 'admin', '2012-10-18'),
(311, 14, 311, 8, 'Disponible', 1, 'admin', '2012-10-18'),
(312, 14, 312, 8, 'Disponible', 1, 'admin', '2012-10-18'),
(313, 14, 313, 8, 'Disponible', 1, 'admin', '2012-10-18'),
(314, 14, 314, 8, 'Disponible', 1, 'admin', '2012-10-18'),
(315, 14, 315, 8, 'Disponible', 1, 'admin', '2012-10-18'),
(316, 14, 316, 8, 'Disponible', 1, 'admin', '2012-10-18'),
(317, 14, 317, 8, 'Disponible', 1, 'admin', '2012-10-18'),
(318, 14, 318, 8, 'Disponible', 1, 'admin', '2012-10-18'),
(319, 14, 319, 8, 'Disponible', 1, 'admin', '2012-10-18'),
(320, 14, 320, 8, 'Disponible', 1, 'admin', '2012-10-18'),
(321, 14, 321, 8, 'Disponible', 1, 'admin', '2012-10-18'),
(322, 14, 322, 8, 'Disponible', 1, 'admin', '2012-10-18'),
(323, 14, 323, 8, 'Disponible', 1, 'admin', '2012-10-18'),
(324, 14, 324, 8, 'Disponible', 1, 'admin', '2012-10-18'),
(325, 14, 325, 8, 'Disponible', 1, 'admin', '2012-10-18'),
(326, 14, 326, 8, 'Disponible', 1, 'admin', '2012-10-18'),
(327, 14, 327, 8, 'Disponible', 1, 'admin', '2012-10-18'),
(328, 14, 328, 8, 'Disponible', 1, 'admin', '2012-10-18'),
(329, 14, 329, 8, 'Disponible', 1, 'admin', '2012-10-18'),
(330, 14, 330, 8, 'Disponible', 1, 'admin', '2012-10-18'),
(331, 14, 331, 8, 'Disponible', 1, 'admin', '2012-10-18'),
(332, 14, 332, 8, 'Disponible', 1, 'admin', '2012-10-18'),
(333, 14, 333, 8, 'Disponible', 1, 'admin', '2012-10-18'),
(334, 14, 334, 8, 'Disponible', 1, 'admin', '2012-10-18'),
(335, 14, 335, 8, 'Disponible', 1, 'admin', '2012-10-18'),
(336, 14, 336, 8, 'Disponible', 1, 'admin', '2012-10-18'),
(337, 14, 337, 8, 'Disponible', 1, 'admin', '2012-10-18'),
(338, 11, 338, 6, 'Disponible', 1, 'admin', '2012-10-18'),
(339, 11, 339, 6, 'Disponible', 1, 'admin', '2012-10-18'),
(340, 11, 341, 6, 'Disponible', 1, 'admin', '2012-10-18'),
(341, 13, 342, 8, 'Disponible', 1, 'admin', '2012-10-18'),
(342, 11, 343, 8, 'Disponible', 1, 'admin', '2012-10-18'),
(343, 11, 344, 6, 'Disponible', 1, 'admin', '2012-10-18'),
(344, 11, 345, 8, 'Disponible', 1, 'admin', '2012-10-18'),
(345, 13, 346, 8, 'Disponible', 1, 'admin', '2012-10-18'),
(346, 13, 347, 8, 'Disponible', 1, 'admin', '2012-10-18'),
(347, 13, 348, 8, 'Disponible', 1, 'admin', '2012-10-18'),
(348, 13, 349, 8, 'Disponible', 1, 'admin', '2012-10-18'),
(349, 13, 350, 8, 'Disponible', 1, 'admin', '2012-10-18'),
(350, 13, 351, 8, 'Disponible', 1, 'admin', '2012-10-18'),
(351, 13, 352, 8, 'Disponible', 1, 'admin', '2012-10-18'),
(352, 13, 353, 8, 'Disponible', 1, 'admin', '2012-10-18'),
(353, 13, 354, 8, 'Disponible', 1, 'admin', '2012-10-18'),
(354, 13, 355, 8, 'Disponible', 1, 'admin', '2012-10-18'),
(355, 13, 356, 8, 'Disponible', 1, 'admin', '2012-10-18'),
(356, 13, 357, 8, 'Disponible', 1, 'admin', '2012-10-18'),
(357, 13, 358, 8, 'Disponible', 1, 'admin', '2012-10-18'),
(358, 13, 359, 8, 'Disponible', 1, 'admin', '2012-10-18'),
(359, 13, 360, 8, 'Disponible', 1, 'admin', '2012-10-18'),
(360, 13, 361, 8, 'Disponible', 1, 'admin', '2012-10-18'),
(361, 13, 362, 6, 'Disponible', 1, 'admin', '2012-10-18'),
(362, 13, 363, 8, 'Disponible', 1, 'admin', '2012-10-18'),
(363, 13, 364, 8, 'Disponible', 1, 'admin', '2012-10-18'),
(364, 13, 365, 8, 'Disponible', 1, 'admin', '2012-10-18'),
(365, 13, 366, 8, 'Disponible', 1, 'admin', '2012-10-18'),
(366, 13, 367, 8, 'Disponible', 1, 'admin', '2012-10-18'),
(367, 13, 368, 8, 'Disponible', 1, 'admin', '2012-10-18'),
(368, 13, 369, 8, 'Disponible', 1, 'admin', '2012-10-18'),
(369, 13, 370, 8, 'Disponible', 1, 'admin', '2012-10-18'),
(370, 13, 371, 8, 'Disponible', 1, 'admin', '2012-10-18'),
(371, 13, 372, 8, 'Disponible', 1, 'admin', '2012-10-18'),
(372, 13, 373, 8, 'Disponible', 1, 'admin', '2012-10-18'),
(373, 13, 374, 8, 'Disponible', 1, 'admin', '2012-10-18'),
(374, 13, 375, 8, 'Disponible', 1, 'admin', '2012-10-18'),
(375, 13, 376, 8, 'Disponible', 1, 'admin', '2012-10-18'),
(376, 13, 377, 8, 'Disponible', 1, 'admin', '2012-10-18'),
(377, 13, 378, 8, 'Disponible', 1, 'admin', '2012-10-18'),
(378, 13, 379, 8, 'Disponible', 1, 'admin', '2012-10-18'),
(379, 13, 380, 6, 'Disponible', 1, 'admin', '2012-10-18'),
(380, 13, 381, 6, 'Disponible', 1, 'admin', '2012-10-18'),
(381, 13, 382, 8, 'Disponible', 1, 'admin', '2012-10-18'),
(382, 13, 383, 6, 'Disponible', 1, 'admin', '2012-10-18'),
(383, 13, 384, 6, 'Disponible', 1, 'admin', '2012-10-18'),
(384, 13, 385, 8, 'Disponible', 1, 'admin', '2012-10-18'),
(385, 13, 386, 6, 'Disponible', 1, 'admin', '2012-10-18'),
(386, 13, 387, 8, 'Disponible', 1, 'admin', '2012-10-18'),
(387, 13, 388, 8, 'Disponible', 1, 'admin', '2012-10-18'),
(388, 13, 389, 6, 'Disponible', 1, 'admin', '2012-10-18'),
(389, 13, 390, 8, 'Disponible', 1, 'admin', '2012-10-18'),
(390, 13, 391, 8, 'Disponible', 1, 'admin', '2012-10-18'),
(391, 13, 392, 6, 'Disponible', 1, 'admin', '2012-10-18'),
(392, 13, 393, 8, 'Disponible', 1, 'admin', '2012-10-18'),
(393, 13, 394, 8, 'Disponible', 1, 'admin', '2012-10-18'),
(394, 13, 395, 6, 'Disponible', 1, 'admin', '2012-10-18'),
(395, 13, 396, 8, 'Disponible', 1, 'admin', '2012-10-18'),
(396, 13, 397, 8, 'Disponible', 1, 'admin', '2012-10-18'),
(397, 13, 398, 8, 'Disponible', 1, 'admin', '2012-10-18'),
(398, 5, 399, 8, 'Disponible', 1, 'admin', '2012-10-18'),
(399, 5, 400, 8, 'Disponible', 1, 'admin', '2012-10-18'),
(400, 5, 401, 8, 'Disponible', 1, 'admin', '2012-10-18'),
(401, 5, 402, 8, 'Disponible', 1, 'admin', '2012-10-18'),
(402, 5, 403, 8, 'Disponible', 1, 'admin', '2012-10-18'),
(403, 5, 404, 8, 'Disponible', 1, 'admin', '2012-10-18'),
(404, 5, 405, 8, 'Disponible', 1, 'admin', '2012-10-18'),
(405, 5, 406, 8, 'Disponible', 1, 'admin', '2012-10-18'),
(406, 5, 407, 8, 'Disponible', 1, 'admin', '2012-10-18'),
(407, 5, 408, 8, 'Disponible', 1, 'admin', '2012-10-18'),
(408, 5, 409, 8, 'Disponible', 1, 'admin', '2012-10-18'),
(409, 5, 410, 8, 'Disponible', 1, 'admin', '2012-10-18'),
(410, 5, 411, 8, 'Disponible', 1, 'admin', '2012-10-18'),
(411, 5, 412, 8, 'Disponible', 1, 'admin', '2012-10-18'),
(412, 5, 413, 8, 'Disponible', 1, 'admin', '2012-10-18'),
(413, 5, 414, 8, 'Disponible', 1, 'admin', '2012-10-18'),
(414, 5, 415, 8, 'Disponible', 1, 'admin', '2012-10-18'),
(415, 5, 416, 8, 'Disponible', 1, 'admin', '2012-10-18'),
(416, 5, 417, 8, 'Disponible', 1, 'admin', '2012-10-18'),
(417, 5, 418, 8, 'Disponible', 1, 'admin', '2012-10-18'),
(418, 5, 419, 8, 'Disponible', 1, 'admin', '2012-10-18'),
(419, 5, 420, 8, 'Disponible', 1, 'admin', '2012-10-18'),
(420, 5, 421, 8, 'Disponible', 1, 'admin', '2012-10-18'),
(421, 5, 422, 8, 'Disponible', 1, 'admin', '2012-10-18'),
(422, 5, 423, 8, 'Disponible', 1, 'admin', '2012-10-18'),
(423, 5, 424, 8, 'Disponible', 1, 'admin', '2012-10-18'),
(424, 5, 425, 8, 'Disponible', 1, 'admin', '2012-10-18'),
(425, 5, 426, 8, 'Disponible', 1, 'admin', '2012-10-18'),
(426, 5, 427, 8, 'Disponible', 1, 'admin', '2012-10-18'),
(427, 5, 428, 8, 'Disponible', 1, 'admin', '2012-10-18'),
(428, 9, 429, 1, 'Disponible', 1, 'admin', '2012-10-19'),
(429, 9, 430, 1, 'Disponible', 1, 'admin', '2012-10-19'),
(430, 9, 431, 1, 'Disponible', 1, 'admin', '2012-10-19'),
(431, 9, 432, 1, 'Disponible', 1, 'admin', '2012-10-19'),
(432, 9, 433, 1, 'Disponible', 1, 'admin', '2012-10-19'),
(433, 9, 434, 1, 'Disponible', 1, 'admin', '2012-10-19'),
(434, 9, 435, 1, 'Disponible', 1, 'admin', '2012-10-19'),
(435, 9, 436, 1, 'Disponible', 1, 'admin', '2012-10-19'),
(436, 9, 437, 1, 'Disponible', 1, 'admin', '2012-10-19'),
(437, 9, 438, 1, 'Disponible', 1, 'admin', '2012-10-19'),
(438, 9, 439, 1, 'Disponible', 1, 'admin', '2012-10-19'),
(439, 9, 440, 1, 'Disponible', 1, 'admin', '2012-10-19'),
(440, 9, 441, 1, 'Disponible', 1, 'admin', '2012-10-19'),
(441, 9, 442, 1, 'Disponible', 1, 'admin', '2012-10-19'),
(442, 9, 443, 1, 'Disponible', 1, 'admin', '2012-10-19'),
(443, 9, 444, 1, 'Disponible', 1, 'admin', '2012-10-19'),
(444, 9, 445, 1, 'Disponible', 1, 'admin', '2012-10-19'),
(445, 9, 446, 1, 'Disponible', 1, 'admin', '2012-10-19'),
(446, 9, 447, 1, 'Disponible', 1, 'admin', '2012-10-19'),
(447, 9, 448, 1, 'Disponible', 1, 'admin', '2012-10-19'),
(448, 9, 449, 1, 'Disponible', 1, 'admin', '2012-10-19'),
(449, 9, 450, 1, 'Disponible', 1, 'admin', '2012-10-19'),
(450, 9, 451, 1, 'Disponible', 1, 'admin', '2012-10-19'),
(451, 9, 452, 1, 'Disponible', 1, 'admin', '2012-10-19'),
(452, 9, 453, 1, 'Disponible', 1, 'admin', '2012-10-19'),
(453, 9, 454, 1, 'Disponible', 1, 'admin', '2012-10-19'),
(454, 9, 455, 1, 'Disponible', 1, 'admin', '2012-10-19'),
(455, 9, 456, 1, 'Disponible', 1, 'admin', '2012-10-19'),
(456, 9, 457, 1, 'Disponible', 1, 'admin', '2012-10-19'),
(457, 9, 458, 1, 'Disponible', 1, 'admin', '2012-10-19'),
(458, 13, 459, 1, 'Disponible', 1, 'admin', '2012-10-19'),
(459, 13, 460, 1, 'Disponible', 1, 'admin', '2012-10-19'),
(460, 13, 461, 1, 'Disponible', 1, 'admin', '2012-10-19'),
(461, 13, 462, 1, 'Disponible', 1, 'admin', '2012-10-19'),
(462, 13, 463, 1, 'Disponible', 1, 'admin', '2012-10-19'),
(463, 13, 464, 1, 'Disponible', 1, 'admin', '2012-10-19'),
(464, 13, 466, 1, 'Disponible', 1, 'admin', '2012-10-19'),
(465, 13, 467, 1, 'Disponible', 1, 'admin', '2012-10-19'),
(466, 13, 468, 1, 'Disponible', 1, 'admin', '2012-10-19'),
(467, 13, 469, 1, 'Disponible', 1, 'admin', '2012-10-19'),
(468, 13, 470, 1, 'Disponible', 1, 'admin', '2012-10-19'),
(469, 13, 471, 1, 'Disponible', 1, 'admin', '2012-10-19'),
(470, 13, 472, 1, 'Disponible', 1, 'admin', '2012-10-19'),
(471, 13, 473, 1, 'Disponible', 1, 'admin', '2012-10-19'),
(472, 13, 465, 1, 'Disponible', 1, 'admin', '2012-10-19'),
(473, 14, 474, 8, 'Disponible', 1, 'admin', '2012-10-19'),
(474, 14, 475, 8, 'Disponible', 1, 'admin', '2012-10-19'),
(475, 14, 476, 8, 'Disponible', 1, 'admin', '2012-10-19'),
(476, 14, 477, 8, 'Disponible', 1, 'admin', '2012-10-19'),
(477, 14, 478, 8, 'Disponible', 1, 'admin', '2012-10-19'),
(478, 14, 479, 8, 'Disponible', 1, 'admin', '2012-10-19'),
(479, 14, 480, 8, 'Disponible', 1, 'admin', '2012-10-19'),
(480, 14, 481, 8, 'Disponible', 1, 'admin', '2012-10-19'),
(481, 14, 482, 8, 'Disponible', 1, 'admin', '2012-10-19'),
(482, 14, 483, 8, 'Disponible', 1, 'admin', '2012-10-19'),
(483, 14, 484, 8, 'Disponible', 1, 'admin', '2012-10-19'),
(484, 14, 485, 8, 'Disponible', 1, 'admin', '2012-10-19'),
(485, 14, 486, 8, 'Disponible', 1, 'admin', '2012-10-19'),
(486, 14, 487, 8, 'Disponible', 1, 'admin', '2012-10-19'),
(487, 14, 488, 8, 'Disponible', 1, 'admin', '2012-10-19'),
(488, 14, 489, 8, 'Disponible', 1, 'admin', '2012-10-19'),
(489, 14, 490, 8, 'Disponible', 1, 'admin', '2012-10-19'),
(490, 14, 491, 8, 'Disponible', 1, 'admin', '2012-10-19'),
(491, 14, 492, 8, 'Disponible', 1, 'admin', '2012-10-19'),
(492, 14, 493, 8, 'Disponible', 1, 'admin', '2012-10-19'),
(493, 14, 494, 8, 'Disponible', 1, 'admin', '2012-10-19'),
(494, 14, 495, 1, 'Disponible', 1, 'admin', '2012-10-19'),
(495, 14, 496, 8, 'Disponible', 1, 'admin', '2012-10-19'),
(496, 14, 497, 8, 'Disponible', 1, 'admin', '2012-10-19'),
(497, 14, 498, 8, 'Disponible', 1, 'admin', '2012-10-19'),
(498, 14, 499, 3, 'Disponible', 1, 'admin', '2012-10-19'),
(499, 14, 500, 8, 'Disponible', 1, 'admin', '2012-10-19'),
(500, 14, 501, 8, 'Disponible', 1, 'admin', '2012-10-19'),
(501, 14, 502, 8, 'Disponible', 1, 'admin', '2012-10-19'),
(502, 14, 503, 8, 'Disponible', 1, 'admin', '2012-10-19'),
(503, 3, 504, 8, 'Disponible', 1, 'admin', '2012-10-19'),
(504, 3, 505, 8, 'Disponible', 1, 'admin', '2012-10-19'),
(505, 3, 506, 8, 'Disponible', 1, 'admin', '2012-10-19'),
(506, 3, 507, 8, 'Disponible', 1, 'admin', '2012-10-19'),
(507, 3, 508, 8, 'Disponible', 1, 'admin', '2012-10-19'),
(508, 3, 509, 8, 'Disponible', 1, 'admin', '2012-10-19'),
(509, 3, 510, 8, 'Disponible', 1, 'admin', '2012-10-19'),
(510, 3, 511, 8, 'Disponible', 1, 'admin', '2012-10-19'),
(511, 3, 512, 8, 'Disponible', 1, 'admin', '2012-10-19'),
(512, 3, 513, 8, 'Disponible', 1, 'admin', '2012-10-19'),
(513, 3, 514, 8, 'Disponible', 1, 'admin', '2012-10-19'),
(514, 3, 515, 8, 'Disponible', 1, 'admin', '2012-10-19'),
(515, 3, 516, 8, 'Disponible', 1, 'admin', '2012-10-19'),
(516, 3, 517, 8, 'Disponible', 1, 'admin', '2012-10-19'),
(517, 3, 518, 8, 'Disponible', 1, 'admin', '2012-10-19'),
(518, 9, 519, 8, 'Disponible', 1, 'admin', '2012-10-19'),
(519, 9, 520, 8, 'Disponible', 1, 'admin', '2012-10-19'),
(520, 14, 521, 8, 'Disponible', 1, 'admin', '2012-10-19'),
(521, 14, 522, 8, 'Disponible', 1, 'admin', '2012-10-19'),
(522, 14, 523, 8, 'Disponible', 1, 'admin', '2012-10-19'),
(523, 14, 524, 8, 'Disponible', 1, 'admin', '2012-10-19'),
(524, 14, 525, 8, 'Disponible', 1, 'admin', '2012-10-19'),
(525, 14, 526, 8, 'Disponible', 1, 'admin', '2012-10-19'),
(526, 14, 527, 8, 'Disponible', 1, 'admin', '2012-10-19'),
(527, 14, 528, 8, 'Disponible', 1, 'admin', '2012-10-19'),
(528, 14, 529, 8, 'Disponible', 1, 'admin', '2012-10-19'),
(529, 14, 530, 8, 'Disponible', 1, 'admin', '2012-10-19'),
(530, 13, 531, 8, 'Disponible', 1, 'admin', '2012-10-19'),
(531, 13, 532, 8, 'Disponible', 1, 'admin', '2012-10-19'),
(532, 13, 533, 8, 'Disponible', 1, 'admin', '2012-10-19'),
(533, 13, 534, 8, 'Disponible', 1, 'admin', '2012-10-19'),
(534, 13, 535, 8, 'Disponible', 1, 'admin', '2012-10-19'),
(535, 13, 536, 8, 'Disponible', 1, 'admin', '2012-10-19'),
(536, 9, 537, 1, 'Disponible', 1, 'admin', '2012-10-19'),
(537, 9, 538, 1, 'Disponible', 1, 'admin', '2012-10-19'),
(538, 9, 539, 1, 'Disponible', 1, 'admin', '2012-10-19'),
(539, 9, 540, 1, 'Disponible', 1, 'admin', '2012-10-19'),
(540, 9, 541, 1, 'Disponible', 1, 'admin', '2012-10-19'),
(541, 13, 542, 8, 'Disponible', 1, 'admin', '2012-10-19'),
(542, 13, 543, 1, 'Disponible', 1, 'admin', '2012-10-19'),
(543, 13, 544, 6, 'Disponible', 1, 'admin', '2012-10-19'),
(544, 13, 545, 3, 'Disponible', 1, 'admin', '2012-10-19'),
(545, 9, 546, 1, 'Disponible', 1, 'admin', '2012-10-19'),
(546, 9, 547, 1, 'Disponible', 1, 'admin', '2012-10-19'),
(547, 9, 548, 1, 'Disponible', 1, 'admin', '2012-10-19'),
(548, 9, 549, 1, 'Disponible', 1, 'admin', '2012-10-19'),
(549, 9, 550, 1, 'Disponible', 1, 'admin', '2012-10-19'),
(550, 9, 551, 1, 'Disponible', 1, 'admin', '2012-10-19'),
(551, 9, 552, 1, 'Disponible', 1, 'admin', '2012-10-19'),
(552, 9, 553, 1, 'Disponible', 1, 'admin', '2012-10-19'),
(553, 9, 554, 1, 'Disponible', 1, 'admin', '2012-10-19'),
(554, 9, 555, 1, 'Disponible', 1, 'admin', '2012-10-19'),
(555, 9, 556, 1, 'Disponible', 1, 'admin', '2012-10-19'),
(556, 9, 557, 1, 'Disponible', 1, 'admin', '2012-10-19'),
(557, 9, 558, 1, 'Disponible', 1, 'admin', '2012-10-19'),
(558, 9, 559, 1, 'Disponible', 1, 'admin', '2012-10-19'),
(559, 9, 560, 1, 'Disponible', 1, 'admin', '2012-10-19'),
(560, 9, 561, 1, 'Disponible', 1, 'admin', '2012-10-19'),
(561, 9, 562, 1, 'Disponible', 1, 'admin', '2012-10-19'),
(562, 9, 563, 1, 'Disponible', 1, 'admin', '2012-10-19'),
(563, 9, 564, 1, 'Disponible', 1, 'admin', '2012-10-19'),
(564, 9, 565, 1, 'Disponible', 1, 'admin', '2012-10-19'),
(565, 9, 566, 1, 'Disponible', 1, 'admin', '2012-10-19'),
(566, 9, 567, 1, 'Disponible', 1, 'admin', '2012-10-19'),
(567, 9, 568, 1, 'Disponible', 1, 'admin', '2012-10-19'),
(568, 9, 569, 1, 'Disponible', 1, 'admin', '2012-10-19'),
(569, 9, 570, 1, 'Disponible', 1, 'admin', '2012-10-19'),
(570, 9, 571, 1, 'Disponible', 1, 'admin', '2012-10-19'),
(571, 9, 572, 1, 'Disponible', 1, 'admin', '2012-10-19'),
(572, 9, 573, 1, 'Disponible', 1, 'admin', '2012-10-19'),
(573, 9, 574, 1, 'Disponible', 1, 'admin', '2012-10-19'),
(574, 9, 575, 1, 'Disponible', 1, 'admin', '2012-10-19'),
(575, 9, 576, 1, 'Disponible', 1, 'admin', '2012-10-19'),
(576, 9, 577, 1, 'Disponible', 1, 'admin', '2012-10-19'),
(577, 9, 578, 1, 'Disponible', 1, 'admin', '2012-10-19'),
(578, 9, 579, 1, 'Disponible', 1, 'admin', '2012-10-19'),
(579, 9, 580, 1, 'Disponible', 1, 'admin', '2012-10-19'),
(580, 9, 581, 1, 'Disponible', 1, 'admin', '2012-10-19'),
(581, 9, 582, 1, 'Disponible', 1, 'admin', '2012-10-19'),
(582, 9, 583, 1, 'Disponible', 1, 'admin', '2012-10-19'),
(583, 9, 584, 1, 'Disponible', 1, 'admin', '2012-10-19'),
(584, 9, 585, 1, 'Disponible', 1, 'admin', '2012-10-19'),
(585, 9, 586, 1, 'Disponible', 1, 'admin', '2012-10-19'),
(586, 9, 587, 1, 'Disponible', 1, 'admin', '2012-10-19'),
(587, 9, 588, 1, 'Disponible', 1, 'admin', '2012-10-19'),
(588, 9, 589, 1, 'Disponible', 1, 'admin', '2012-10-19'),
(589, 9, 590, 1, 'Disponible', 1, 'admin', '2012-10-19'),
(590, 9, 591, 1, 'Disponible', 1, 'admin', '2012-10-19'),
(591, 9, 592, 1, 'Disponible', 1, 'admin', '2012-10-19'),
(592, 9, 593, 1, 'Disponible', 1, 'admin', '2012-10-19'),
(593, 9, 594, 1, 'Disponible', 1, 'admin', '2012-10-19'),
(594, 9, 595, 1, 'Disponible', 1, 'admin', '2012-10-19'),
(595, 9, 596, 1, 'Disponible', 1, 'admin', '2012-10-19'),
(596, 9, 597, 1, 'Disponible', 1, 'admin', '2012-10-19'),
(597, 9, 598, 1, 'Disponible', 1, 'admin', '2012-10-19'),
(598, 9, 599, 1, 'Disponible', 1, 'admin', '2012-10-19'),
(599, 9, 600, 1, 'Disponible', 1, 'admin', '2012-10-19'),
(600, 9, 601, 1, 'Disponible', 1, 'admin', '2012-10-19'),
(601, 9, 602, 1, 'Disponible', 1, 'admin', '2012-10-19'),
(602, 9, 603, 1, 'Disponible', 1, 'admin', '2012-10-19'),
(603, 9, 604, 1, 'Disponible', 1, 'admin', '2012-10-19'),
(604, 9, 605, 1, 'Disponible', 1, 'admin', '2012-10-19'),
(605, 9, 606, 1, 'Disponible', 1, 'admin', '2012-10-19'),
(606, 9, 607, 1, 'Disponible', 1, 'admin', '2012-10-19'),
(607, 9, 608, 1, 'Disponible', 1, 'admin', '2012-10-19'),
(608, 9, 609, 1, 'Disponible', 1, 'admin', '2012-10-19'),
(609, 9, 610, 1, 'Disponible', 1, 'admin', '2012-10-19'),
(610, 9, 611, 1, 'Disponible', 1, 'admin', '2012-10-19'),
(611, 9, 612, 1, 'Disponible', 1, 'admin', '2012-10-19'),
(612, 9, 613, 1, 'Disponible', 1, 'admin', '2012-10-19'),
(613, 9, 614, 1, 'Disponible', 1, 'admin', '2012-10-19'),
(614, 9, 615, 1, 'Disponible', 1, 'admin', '2012-10-19'),
(615, 9, 616, 1, 'Disponible', 1, 'admin', '2012-10-19'),
(616, 9, 617, 1, 'Disponible', 1, 'admin', '2012-10-19'),
(617, 9, 618, 1, 'Disponible', 1, 'admin', '2012-10-19'),
(618, 9, 619, 1, 'Disponible', 1, 'admin', '2012-10-19'),
(619, 8, 620, 1, 'Disponible', 1, 'admin', '2012-10-19'),
(620, 8, 621, 1, 'Disponible', 1, 'admin', '2012-10-19'),
(621, 8, 622, 1, 'Disponible', 1, 'admin', '2012-10-19'),
(622, 8, 623, 1, 'Disponible', 1, 'admin', '2012-10-19'),
(623, 8, 624, 1, 'Disponible', 1, 'admin', '2012-10-19'),
(624, 8, 625, 1, 'Disponible', 1, 'admin', '2012-10-19'),
(625, 8, 626, 1, 'Disponible', 1, 'admin', '2012-10-19'),
(626, 8, 627, 1, 'Disponible', 1, 'admin', '2012-10-19'),
(627, 8, 628, 1, 'Disponible', 1, 'admin', '2012-10-19'),
(628, 8, 629, 1, 'Disponible', 1, 'admin', '2012-10-19'),
(629, 8, 630, 1, 'Disponible', 1, 'admin', '2012-10-19'),
(630, 8, 631, 1, 'Disponible', 1, 'admin', '2012-10-19'),
(631, 8, 632, 1, 'Disponible', 1, 'admin', '2012-10-19'),
(632, 8, 633, 1, 'Disponible', 1, 'admin', '2012-10-19'),
(633, 8, 634, 1, 'Disponible', 1, 'admin', '2012-10-19'),
(634, 8, 635, 1, 'Disponible', 1, 'admin', '2012-10-19'),
(635, 8, 636, 1, 'Disponible', 1, 'admin', '2012-10-19'),
(636, 8, 637, 1, 'Disponible', 1, 'admin', '2012-10-19'),
(637, 8, 638, 1, 'Disponible', 1, 'admin', '2012-10-19'),
(638, 8, 639, 1, 'Disponible', 1, 'admin', '2012-10-19'),
(639, 8, 640, 1, 'Disponible', 1, 'admin', '2012-10-19'),
(640, 8, 641, 1, 'Disponible', 1, 'admin', '2012-10-19'),
(641, 8, 642, 1, 'Disponible', 1, 'admin', '2012-10-19'),
(642, 8, 643, 1, 'Disponible', 1, 'admin', '2012-10-19'),
(643, 8, 644, 1, 'Disponible', 1, 'admin', '2012-10-19'),
(644, 8, 645, 1, 'Disponible', 1, 'admin', '2012-10-19'),
(645, 8, 646, 1, 'Disponible', 1, 'admin', '2012-10-19'),
(646, 8, 647, 1, 'Disponible', 1, 'admin', '2012-10-19'),
(647, 8, 648, 1, 'Disponible', 1, 'admin', '2012-10-19'),
(648, 8, 649, 1, 'Disponible', 1, 'admin', '2012-10-19'),
(649, 11, 650, 6, 'Disponible', 1, 'admin', '2012-10-20'),
(650, 11, 651, 6, 'Disponible', 1, 'admin', '2012-10-20'),
(651, 11, 652, 6, 'Disponible', 1, 'admin', '2012-10-20'),
(652, 11, 653, 6, 'Disponible', 1, 'admin', '2012-10-20'),
(653, 11, 654, 6, 'Disponible', 1, 'admin', '2012-10-20'),
(654, 11, 655, 6, 'Disponible', 1, 'admin', '2012-10-20'),
(655, 11, 656, 6, 'Disponible', 1, 'admin', '2012-10-20'),
(656, 11, 657, 6, 'Disponible', 1, 'admin', '2012-10-20'),
(657, 11, 658, 6, 'Disponible', 1, 'admin', '2012-10-20'),
(658, 11, 659, 6, 'Disponible', 1, 'admin', '2012-10-20'),
(659, 11, 660, 6, 'Disponible', 1, 'admin', '2012-10-20'),
(660, 11, 661, 6, 'Disponible', 1, 'admin', '2012-10-20'),
(661, 11, 662, 6, 'Disponible', 1, 'admin', '2012-10-20'),
(662, 11, 663, 6, 'Disponible', 1, 'admin', '2012-10-20'),
(663, 11, 664, 6, 'Disponible', 1, 'admin', '2012-10-20'),
(664, 11, 665, 6, 'Disponible', 1, 'admin', '2012-10-20'),
(665, 11, 666, 6, 'Disponible', 1, 'admin', '2012-10-20'),
(666, 11, 667, 6, 'Disponible', 1, 'admin', '2012-10-20'),
(667, 11, 668, 6, 'Disponible', 1, 'admin', '2012-10-20'),
(668, 11, 669, 6, 'Disponible', 1, 'admin', '2012-10-20'),
(669, 11, 670, 6, 'Disponible', 1, 'admin', '2012-10-20'),
(670, 11, 671, 6, 'Disponible', 1, 'admin', '2012-10-20'),
(671, 11, 672, 6, 'Disponible', 1, 'admin', '2012-10-20'),
(672, 11, 673, 6, 'Disponible', 1, 'admin', '2012-10-20'),
(673, 11, 674, 6, 'Disponible', 1, 'admin', '2012-10-20'),
(674, 11, 675, 6, 'Disponible', 1, 'admin', '2012-10-20'),
(675, 11, 676, 6, 'Disponible', 1, 'admin', '2012-10-20'),
(676, 11, 677, 6, 'Disponible', 1, 'admin', '2012-10-20'),
(677, 11, 678, 6, 'Disponible', 1, 'admin', '2012-10-20'),
(678, 11, 679, 6, 'Disponible', 1, 'admin', '2012-10-20'),
(679, 11, 680, 6, 'Disponible', 1, 'admin', '2012-10-20'),
(680, 11, 681, 6, 'Disponible', 1, 'admin', '2012-10-20'),
(681, 11, 682, 6, 'Disponible', 1, 'admin', '2012-10-20'),
(682, 11, 683, 6, 'Disponible', 1, 'admin', '2012-10-20'),
(683, 11, 684, 6, 'Disponible', 1, 'admin', '2012-10-20'),
(684, 11, 685, 6, 'Disponible', 1, 'admin', '2012-10-20'),
(685, 11, 686, 6, 'Disponible', 1, 'admin', '2012-10-20'),
(686, 11, 687, 6, 'Disponible', 1, 'admin', '2012-10-20'),
(687, 11, 688, 6, 'Disponible', 1, 'admin', '2012-10-20'),
(688, 11, 689, 6, 'Disponible', 1, 'admin', '2012-10-20'),
(689, 11, 690, 6, 'Disponible', 1, 'admin', '2012-10-20'),
(690, 11, 691, 6, 'Disponible', 1, 'admin', '2012-10-20'),
(691, 11, 692, 6, 'Disponible', 1, 'admin', '2012-10-20'),
(692, 11, 693, 6, 'Disponible', 1, 'admin', '2012-10-20'),
(693, 11, 694, 6, 'Disponible', 1, 'admin', '2012-10-20'),
(694, 11, 695, 6, 'Disponible', 1, 'admin', '2012-10-20'),
(695, 11, 696, 6, 'Disponible', 1, 'admin', '2012-10-20'),
(696, 11, 697, 6, 'Disponible', 1, 'admin', '2012-10-20'),
(697, 11, 698, 6, 'Disponible', 1, 'admin', '2012-10-20'),
(698, 11, 699, 6, 'Disponible', 1, 'admin', '2012-10-20'),
(699, 11, 700, 6, 'Disponible', 1, 'admin', '2012-10-20'),
(700, 11, 701, 6, 'Disponible', 1, 'admin', '2012-10-20'),
(701, 11, 702, 6, 'Disponible', 1, 'admin', '2012-10-20'),
(702, 11, 703, 6, 'Disponible', 1, 'admin', '2012-10-20'),
(703, 11, 704, 6, 'Disponible', 1, 'admin', '2012-10-20'),
(704, 11, 705, 6, 'Disponible', 1, 'admin', '2012-10-20'),
(705, 11, 706, 6, 'Disponible', 1, 'admin', '2012-10-20'),
(706, 11, 707, 6, 'Disponible', 1, 'admin', '2012-10-20'),
(707, 11, 708, 6, 'Disponible', 1, 'admin', '2012-10-20'),
(708, 11, 709, 6, 'Disponible', 1, 'admin', '2012-10-20'),
(709, 11, 710, 6, 'Disponible', 1, 'admin', '2012-10-20'),
(710, 11, 711, 6, 'Disponible', 1, 'admin', '2012-10-20'),
(711, 11, 712, 8, 'Disponible', 1, 'admin', '2012-10-20'),
(712, 11, 713, 8, 'Disponible', 1, 'admin', '2012-10-20'),
(713, 11, 714, 6, 'Disponible', 1, 'admin', '2012-10-20'),
(715, 13, 751, 1, 'Disponible', 1, 'admin', '2012-10-20'),
(716, 13, 752, 1, 'Disponible', 1, 'admin', '2012-10-20'),
(717, 13, 753, 1, 'Disponible', 1, 'admin', '2012-10-20'),
(718, 13, 754, 1, 'Disponible', 1, 'admin', '2012-10-20'),
(719, 13, 755, 1, 'Disponible', 1, 'admin', '2012-10-20'),
(720, 13, 756, 1, 'Disponible', 1, 'admin', '2012-10-20'),
(721, 13, 757, 1, 'Disponible', 1, 'admin', '2012-10-20'),
(722, 13, 758, 1, 'Disponible', 1, 'admin', '2012-10-20'),
(723, 13, 759, 1, 'Disponible', 1, 'admin', '2012-10-20'),
(724, 13, 760, 1, 'Disponible', 1, 'admin', '2012-10-20'),
(725, 13, 761, 1, 'Disponible', 1, 'admin', '2012-10-20'),
(726, 13, 762, 1, 'Disponible', 1, 'admin', '2012-10-20'),
(727, 13, 763, 1, 'Disponible', 1, 'admin', '2012-10-20'),
(728, 13, 764, 1, 'Disponible', 1, 'admin', '2012-10-20'),
(729, 13, 765, 1, 'Disponible', 1, 'admin', '2012-10-20'),
(730, 13, 766, 1, 'Disponible', 1, 'admin', '2012-10-20'),
(731, 13, 767, 1, 'Disponible', 1, 'admin', '2012-10-20'),
(732, 13, 768, 1, 'Disponible', 1, 'admin', '2012-10-20'),
(733, 13, 769, 1, 'Disponible', 1, 'admin', '2012-10-20'),
(734, 13, 770, 1, 'Disponible', 1, 'admin', '2012-10-20'),
(735, 13, 771, 1, 'Disponible', 1, 'admin', '2012-10-20'),
(736, 13, 772, 1, 'Disponible', 1, 'admin', '2012-10-20'),
(737, 13, 773, 1, 'Disponible', 1, 'admin', '2012-10-20'),
(738, 13, 774, 1, 'Disponible', 1, 'admin', '2012-10-20'),
(739, 13, 775, 1, 'Disponible', 1, 'admin', '2012-10-20'),
(740, 13, 776, 1, 'Disponible', 1, 'admin', '2012-10-20'),
(741, 13, 777, 1, 'Disponible', 1, 'admin', '2012-10-20'),
(742, 13, 778, 1, 'Disponible', 1, 'admin', '2012-10-20'),
(743, 13, 779, 1, 'Disponible', 1, 'admin', '2012-10-20'),
(744, 13, 780, 1, 'Disponible', 1, 'admin', '2012-10-20'),
(745, 13, 781, 1, 'Disponible', 1, 'admin', '2012-10-20'),
(746, 13, 782, 1, 'Disponible', 1, 'admin', '2012-10-20'),
(747, 13, 783, 1, 'Disponible', 1, 'admin', '2012-10-20'),
(748, 13, 784, 1, 'Disponible', 1, 'admin', '2012-10-20'),
(749, 13, 785, 1, 'Disponible', 1, 'admin', '2012-10-20'),
(750, 11, 786, 6, 'Disponible', 1, 'admin', '2012-10-20'),
(751, 11, 787, 6, 'Disponible', 1, 'admin', '2012-10-20'),
(752, 11, 788, 6, 'Disponible', 1, 'admin', '2012-10-20'),
(753, 11, 789, 6, 'Disponible', 1, 'admin', '2012-10-20'),
(754, 11, 790, 6, 'Disponible', 1, 'admin', '2012-10-20'),
(755, 11, 791, 6, 'Disponible', 1, 'admin', '2012-10-20'),
(756, 11, 792, 6, 'Disponible', 1, 'admin', '2012-10-20'),
(757, 11, 793, 6, 'Disponible', 1, 'admin', '2012-10-20'),
(758, 11, 794, 6, 'Disponible', 1, 'admin', '2012-10-20'),
(759, 11, 795, 6, 'Disponible', 1, 'admin', '2012-10-20'),
(760, 11, 796, 6, 'Disponible', 1, 'admin', '2012-10-20'),
(761, 11, 797, 6, 'Disponible', 1, 'admin', '2012-10-20'),
(762, 11, 798, 6, 'Disponible', 1, 'admin', '2012-10-20'),
(763, 11, 799, 6, 'Disponible', 1, 'admin', '2012-10-20'),
(764, 11, 800, 6, 'Disponible', 1, 'admin', '2012-10-20'),
(765, 11, 801, 6, 'Disponible', 1, 'admin', '2012-10-20'),
(766, 11, 802, 6, 'Disponible', 1, 'admin', '2012-10-20'),
(767, 11, 803, 6, 'Disponible', 1, 'admin', '2012-10-20'),
(768, 11, 804, 6, 'Disponible', 1, 'admin', '2012-10-20'),
(769, 11, 805, 6, 'Disponible', 1, 'admin', '2012-10-20'),
(770, 11, 806, 6, 'Disponible', 1, 'admin', '2012-10-20'),
(771, 11, 807, 6, 'Disponible', 1, 'admin', '2012-10-20'),
(772, 11, 808, 6, 'Disponible', 1, 'admin', '2012-10-20'),
(773, 11, 809, 6, 'Disponible', 1, 'admin', '2012-10-20'),
(774, 11, 810, 6, 'Disponible', 1, 'admin', '2012-10-20'),
(775, 11, 811, 6, 'Disponible', 1, 'admin', '2012-10-20'),
(776, 11, 812, 6, 'Disponible', 1, 'admin', '2012-10-20'),
(777, 11, 813, 6, 'Disponible', 1, 'admin', '2012-10-20'),
(778, 11, 814, 6, 'Disponible', 1, 'admin', '2012-10-20'),
(779, 11, 815, 6, 'Disponible', 1, 'admin', '2012-10-20'),
(780, 11, 816, 6, 'Disponible', 1, 'admin', '2012-10-20'),
(781, 11, 817, 6, 'Disponible', 1, 'admin', '2012-10-20'),
(782, 11, 818, 6, 'Disponible', 1, 'admin', '2012-10-20'),
(783, 11, 819, 6, 'Disponible', 1, 'admin', '2012-10-20'),
(784, 11, 820, 6, 'Disponible', 1, 'admin', '2012-10-20'),
(785, 11, 821, 6, 'Disponible', 1, 'admin', '2012-10-20'),
(786, 11, 822, 6, 'Disponible', 1, 'admin', '2012-10-20'),
(787, 2, 823, 3, 'Disponible', 1, 'admin', '2012-10-20'),
(788, 2, 824, 3, 'Disponible', 1, 'admin', '2012-10-20'),
(789, 2, 825, 3, 'Disponible', 1, 'admin', '2012-10-20'),
(790, 2, 826, 3, 'Disponible', 1, 'admin', '2012-10-20'),
(791, 2, 827, 3, 'Disponible', 1, 'admin', '2012-10-20'),
(792, 2, 828, 3, 'Disponible', 1, 'admin', '2012-10-20'),
(793, 2, 829, 3, 'Disponible', 1, 'admin', '2012-10-20'),
(794, 2, 830, 3, 'Disponible', 1, 'admin', '2012-10-20'),
(795, 2, 831, 6, 'Disponible', 1, 'admin', '2012-10-20'),
(796, 2, 832, 3, 'Disponible', 1, 'admin', '2012-10-20'),
(797, 2, 833, 3, 'Disponible', 1, 'admin', '2012-10-20'),
(798, 2, 834, 3, 'Disponible', 1, 'admin', '2012-10-20'),
(799, 2, 835, 3, 'Disponible', 1, 'admin', '2012-10-20'),
(800, 2, 836, 3, 'Disponible', 1, 'admin', '2012-10-20'),
(801, 2, 837, 3, 'Disponible', 1, 'admin', '2012-10-20'),
(802, 2, 838, 3, 'Disponible', 1, 'admin', '2012-10-20'),
(803, 2, 839, 3, 'Disponible', 1, 'admin', '2012-10-20'),
(804, 2, 840, 3, 'Disponible', 1, 'admin', '2012-10-20'),
(805, 2, 841, 3, 'Disponible', 1, 'admin', '2012-10-20'),
(806, 2, 842, 3, 'Disponible', 1, 'admin', '2012-10-20'),
(807, 9, 843, 1, 'Disponible', 1, 'admin', '2012-10-20'),
(808, 9, 844, 1, 'Disponible', 1, 'admin', '2012-10-20'),
(809, 9, 845, 1, 'Disponible', 1, 'admin', '2012-10-20'),
(810, 9, 846, 1, 'Disponible', 1, 'admin', '2012-10-20'),
(811, 9, 847, 1, 'Disponible', 1, 'admin', '2012-10-20'),
(812, 9, 848, 1, 'Disponible', 1, 'admin', '2012-10-20'),
(813, 9, 849, 1, 'Disponible', 1, 'admin', '2012-10-20'),
(814, 9, 850, 1, 'Disponible', 1, 'admin', '2012-10-20'),
(815, 9, 851, 1, 'Disponible', 1, 'admin', '2012-10-20'),
(816, 9, 852, 1, 'Disponible', 1, 'admin', '2012-10-20'),
(817, 9, 853, 1, 'Disponible', 1, 'admin', '2012-10-20'),
(818, 9, 854, 1, 'Disponible', 1, 'admin', '2012-10-20'),
(819, 9, 855, 1, 'Disponible', 1, 'admin', '2012-10-20'),
(820, 9, 856, 1, 'Disponible', 1, 'admin', '2012-10-20'),
(821, 9, 857, 1, 'Disponible', 1, 'admin', '2012-10-20');


INSERT INTO `carpeta` (`idCarpeta`, `idCaja`, `idTipoCarpeta`, `idUsuario`, `Fecha_Ini`, `Fecha_Fin`, `Serie`, `Subserie`, `nSerieInf`, `nSerieSup`, `FechaMaxRet`, `Fecha_Creacion`) VALUES
(1, 1, 1, 'admin', '2008-02-01', '2008-03-31', 'Facturas', 'Facturas Vehiculos', 23299, 23642, '2018-03-31', '2012-10-16'),
(2, 1, 1, 'admin', '2008-04-01', '2008-04-30', 'Facturas', 'Facturas Vehiculos', 25047, 25570, '2018-04-30', '2012-10-16'),
(3, 1, 1, 'admin', '2008-04-01', '2008-04-30', 'Facturas', 'Facturas Vehiculos', 35540, 35980, '2018-04-30', '2012-10-16'),
(4, 2, 1, 'admin', '2008-06-01', '2008-07-31', 'Facturas', 'Facturas Veh', 3000, 3599, '2018-07-31', '2012-10-08'),
(5, 2, 1, 'admin', '2008-07-01', '2008-08-31', 'Facturas', 'Facturas Veh', 3600, 3999, '2018-08-31', '2012-10-08'),
(6, 2, 1, 'admin', '2008-07-01', '2008-07-31', 'Facturas', 'Facturas Veh', 4000, 4084, '2018-07-31', '2012-10-08'),
(7, 2, 1, 'admin', '2008-08-01', '2008-08-31', 'Facturas', 'Facturas Veh', 5501, 5999, '2018-08-31', '2012-10-08'),
(8, 2, 1, 'admin', '2008-08-01', '2008-09-30', 'Facturas', 'Facturas Veh', 6001, 6500, '2018-09-30', '2012-10-08'),
(9, 2, 1, 'admin', '2008-01-01', '2008-01-31', 'Facturas', 'Facturas Veh', 2264, 2316, '2018-01-31', '2012-10-08'),
(10, 3, 1, 'admin', '2008-09-01', '2008-10-31', 'Facturas', 'Facturas Veh', 0, 0, '2018-10-31', '2012-10-08'),
(11, 4, 1, 'admin', '2008-05-01', '2008-06-30', 'Facturas', 'Facturas Repuestos / Vehiculos', 3, 499, '2018-06-30', '2012-10-16'),
(12, 4, 1, 'admin', '2008-06-01', '2008-06-30', 'Facturas', 'Facturas Repuestos / Vehiculos', 500, 1000, '2018-06-30', '2012-10-16'),
(13, 4, 1, 'admin', '2008-08-01', '2008-08-31', 'Facturas', 'Facturas Repuestos / Vehiculos', 7000, 7399, '2018-08-31', '2012-10-16'),
(14, 4, 1, 'admin', '2008-08-01', '2008-09-30', 'Facturas', 'Facturas Repuestos / Vehiculos', 7400, 7998, '2018-09-30', '2012-10-16'),
(15, 5, 1, 'admin', '2008-06-01', '2008-07-31', 'Facturas', 'Facturas Repuestos', 2120, 2990, '2018-07-31', '2012-10-08'),
(16, 5, 1, 'admin', '2008-07-01', '2008-08-31', 'Facturas', 'Facturas Repuestos', 4501, 4999, '2018-08-31', '2012-10-08'),
(17, 5, 1, 'admin', '2008-08-01', '2008-08-31', 'Facturas', 'Facturas Repuestos', 5000, 5500, '2018-08-31', '2012-10-08'),
(18, 5, 1, 'admin', '2008-08-01', '2008-08-31', 'Facturas', 'Facturas Repuestos', 6501, 6999, '2018-08-31', '2012-10-08'),
(19, 6, 1, 'admin', '2010-01-01', '2010-12-31', 'Archivo Cliente', 'Admon 2010 Archivo Cliente', 0, 0, '2020-12-31', '2012-10-08'),
(20, 7, 1, 'admin', '2008-10-01', '2008-10-31', 'Facturas', 'Facturas Veh', 9000, 10399, '2018-10-31', '2012-10-08'),
(21, 7, 1, 'admin', '2008-10-01', '2008-11-30', 'Facturas', 'Facturas Veh', 10000, 10992, '2018-11-30', '2012-10-08'),
(22, 7, 1, 'admin', '2008-12-01', '2008-12-31', 'Facturas', 'Facturas Veh', 11037, 11499, '2018-12-31', '2012-10-08'),
(23, 7, 1, 'admin', '2008-12-01', '2008-12-31', 'Facturas', 'Facturas Veh', 11500, 11999, '2018-12-31', '2012-10-08'),
(24, 7, 1, 'admin', '2008-12-01', '2008-12-31', 'Facturas', 'Facturas Veh', 15001, 15094, '2018-12-31', '2012-10-08'),
(25, 8, 1, 'admin', '2008-01-01', '2008-12-31', 'Control Fiscal', 'Control Fiscal de Veh', 35600, 35999, '2018-12-31', '2012-10-08'),
(26, 8, 1, 'admin', '2008-01-01', '2008-12-31', 'Control Fiscal', 'Control Fiscal de Veh', 36000, 36299, '2018-12-31', '2012-10-08'),
(27, 8, 1, 'admin', '2008-01-01', '2008-12-31', 'Control Fiscal', 'Control Fiscal de Repuestos', 24000, 24499, '2018-12-31', '2012-10-08'),
(28, 8, 1, 'admin', '2008-01-01', '2008-12-31', 'Control Fiscal', 'Control Fiscal de Repuestos', 35000, 35499, '2018-12-31', '2012-10-08'),
(29, 9, 1, 'admin', '2010-01-01', '2010-12-31', 'Archivo Cliente', 'Cuentas por Cobrar 2010 y Archivo Cliente', 0, 0, '2020-12-31', '2012-10-08'),
(30, 10, 1, 'admin', '2010-01-01', '2010-12-31', 'Notas de Credito', 'Notas de Credito', 0, 0, '2020-12-31', '2012-10-08'),
(31, 11, 1, 'admin', '2008-01-01', '2008-12-31', 'Facturas', 'Facturas de Repuestos Originales', 19001, 19289, '2018-12-31', '2012-10-08'),
(32, 11, 1, 'admin', '2008-01-01', '2008-12-31', 'Facturas', 'Facturas de Repuestos Originales', 20192, 34800, '2018-12-31', '2012-10-08'),
(33, 11, 1, 'admin', '2008-01-01', '2008-12-31', 'Facturas', 'Facturas de Repuestos Originales', 34801, 36034, '2018-12-31', '2012-10-08'),
(34, 11, 1, 'admin', '2008-01-01', '2008-12-31', 'Facturas', 'Facturas Originales Intereses de Mora / Academia', 0, 0, '2018-12-31', '2012-10-08'),
(35, 12, 1, 'admin', '2009-02-01', '2009-02-28', 'Facturas', 'Facturas Repuestos', 16001, 16399, '2019-02-28', '2012-10-08'),
(36, 12, 1, 'admin', '2009-02-01', '2009-03-31', 'Facturas', 'Facturas Repuestos', 16400, 16999, '2019-03-31', '2012-10-08'),
(37, 12, 1, 'admin', '2009-03-01', '2009-03-31', 'Facturas', 'Facturas Repuestos', 17002, 17299, '2019-03-31', '2012-10-08'),
(38, 12, 1, 'admin', '2009-03-01', '2009-03-31', 'Facturas', 'Facturas Repuestos', 17300, 17649, '2019-03-31', '2012-10-08'),
(39, 12, 1, 'admin', '2009-03-01', '2009-04-30', 'Facturas', 'Facturas Repuestos', 17650, 18000, '2019-04-30', '2012-10-08'),
(40, 13, 1, 'admin', '2009-01-01', '2009-12-31', 'Control Fiscal', 'Control Fiscal Repuestos', 20700, 21975, '2019-12-31', '2012-10-08'),
(41, 13, 1, 'admin', '2009-01-01', '2009-12-31', 'Control Fiscal', 'Control Fiscal Repuestos', 25000, 25599, '2019-12-31', '2012-10-08'),
(42, 13, 1, 'admin', '2009-01-01', '2009-12-31', 'Control Fiscal', 'Control Fiscal Repuestos', 27005, 27599, '2019-12-31', '2012-10-08'),
(43, 13, 1, 'admin', '2009-01-01', '2009-12-31', 'Control Fiscal', 'Control Fiscal Repuestos', 27600, 27999, '2019-12-31', '2012-10-08'),
(44, 14, 1, 'admin', '2009-01-01', '2009-12-31', 'Notas de Credito', 'Notas de Credito Originales', 14689, 19860, '2019-12-31', '2012-10-08'),
(45, 14, 1, 'admin', '2009-01-01', '2009-12-31', 'Notas de Credito', 'Notas de Credito Originales', 19857, 20940, '2019-12-31', '2012-10-08'),
(46, 14, 1, 'admin', '2009-01-01', '2009-12-31', 'Notas de Credito', 'Notas de Credito Originales', 22021, 25599, '2019-12-31', '2012-10-08'),
(47, 14, 1, 'admin', '2009-01-01', '2009-12-31', 'Notas de Credito', 'Notas de Credito Originales', 27389, 30269, '2019-12-31', '2012-10-08'),
(48, 15, 1, 'admin', '2009-01-01', '2009-12-31', 'Facturas', 'Facturas Repuestos', 13135, 25903, '2019-12-31', '2012-10-08'),
(49, 15, 1, 'admin', '2009-01-08', '2009-12-08', 'Facturas', 'Facturas Repuestos', 26338, 29599, '2019-12-08', '2012-10-08'),
(50, 15, 1, 'admin', '2009-01-01', '2009-12-31', 'Facturas', 'Facturas Repuestos', 29600, 30242, '2019-12-31', '2012-10-08'),
(51, 15, 1, 'admin', '2009-01-01', '2009-12-31', 'Facturas', 'Facturas Repuestos', 30328, 30959, '2019-12-31', '2012-10-08'),
(52, 16, 1, 'admin', '2009-01-01', '2009-12-31', 'Garantia', 'Garantia', 0, 0, '2019-12-31', '2012-10-08'),
(53, 17, 1, 'admin', '2009-01-01', '2009-12-31', 'Garantia', 'Garantia', 0, 0, '2019-12-31', '2012-10-08'),
(54, 18, 1, 'admin', '2009-01-01', '2009-12-31', 'Garantia', 'Garantia', 0, 0, '2019-12-31', '2012-10-08'),
(55, 19, 1, 'admin', '2009-01-01', '2009-12-31', 'Control Salida de Repuestos', 'Control Salida de Repuestos Vigilancia', 0, 0, '2019-12-31', '2012-10-08'),
(56, 20, 1, 'admin', '2009-01-01', '2009-12-31', 'Compras Mariara', 'Compras Mariara Caja Nro 1', 0, 0, '2019-12-31', '2012-10-08'),
(57, 21, 1, 'admin', '2009-01-01', '2009-12-31', 'Seguridad Soporte Factura', 'Seguridad Soporte Factura 2009 6, 7, 8, 9, 10, 11', 0, 0, '2019-12-31', '2012-10-08'),
(58, 22, 1, 'admin', '2009-01-01', '2009-12-31', 'Seguridad Soporte Factura', 'Seguridad Soporte Factura 2009 6, 7, 8, 9, 10, 12', 0, 0, '2019-12-31', '2012-10-08'),
(59, 23, 1, 'admin', '2009-01-01', '2009-12-31', 'Recepcion', 'Recepcion de Vehiculos y Garantia', 0, 0, '2019-12-31', '2012-10-08'),
(60, 24, 1, 'admin', '2009-01-01', '2009-12-31', 'Garantia', 'Garantia', 0, 0, '2019-12-31', '2012-10-08'),
(61, 25, 1, 'admin', '2009-01-01', '2009-12-31', 'Factura de Almacen', 'Factura de Almacen', 0, 0, '2019-12-31', '2012-10-08'),
(62, 26, 1, 'admin', '2009-01-01', '2009-12-31', 'Facturas', 'Facturas', 0, 0, '2019-12-31', '2012-10-08'),
(63, 27, 1, 'admin', '2009-01-01', '2009-12-31', 'Facturas', 'Facturas', 0, 0, '2019-12-31', '2012-10-08'),
(64, 28, 1, 'admin', '2009-01-01', '2009-12-31', 'Facturas', 'Facturas', 0, 0, '2019-12-31', '2012-10-08'),
(65, 29, 1, 'admin', '2007-01-01', '2007-12-31', 'Recepciones', 'Recepciones', 0, 0, '2017-12-31', '2012-10-08'),
(66, 30, 1, 'admin', '2009-01-01', '2009-12-31', 'Seguridad Soporte Facturas', 'Seguridad Soporte Facturas', 0, 0, '2019-12-31', '2012-10-08'),
(67, 31, 1, 'admin', '2008-01-01', '2008-01-31', 'Facturas Vehiculos', 'Facturas Vehiculos', 31394, 33999, '2018-01-31', '2012-10-08'),
(68, 31, 1, 'admin', '2008-01-01', '2008-01-31', 'Facturas Vehiculos', 'Facturas Vehiculos', 34000, 34999, '2018-01-31', '2012-10-08'),
(69, 31, 1, 'admin', '2008-01-01', '2008-01-31', 'Facturas Vehiculos', 'Facturas Vehiculos', 34300, 34359, '2018-01-31', '2012-10-08'),
(70, 31, 1, 'admin', '2008-01-01', '2008-02-28', 'Facturas Vehiculos', 'Facturas Vehiculos', 34500, 34999, '2018-02-28', '2012-10-08'),
(71, 31, 1, 'admin', '2008-02-01', '2008-03-31', 'Facturas Vehiculos', 'Facturas Vehiculos', 35000, 35999, '2018-03-31', '2012-10-08'),
(72, 31, 1, 'admin', '2008-03-01', '2008-04-30', 'Facturas Vehiculos', 'Facturas Vehiculos', 36500, 36575, '2018-04-30', '2012-10-08'),
(73, 32, 1, 'admin', '2009-01-01', '2009-12-31', 'Garantia', 'Garantia', 0, 0, '2019-12-31', '2012-10-08'),
(74, 33, 1, 'admin', '2009-01-01', '2009-12-31', 'Garantia', 'Garantia', 0, 0, '2019-12-31', '2012-10-08'),
(75, 34, 1, 'admin', '2010-01-01', '2010-12-31', 'Control Fiscal', 'Control Fiscal de Repuestos', 45994, 46994, '2020-12-31', '2012-10-08'),
(76, 34, 1, 'admin', '2010-01-01', '2010-12-31', 'Control Fiscal', 'Control Fiscal de Repuestos', 41903, 42923, '2020-12-31', '2012-10-08'),
(77, 34, 1, 'admin', '2010-01-01', '2010-12-31', 'Control Fiscal', 'Control Fiscal de Repuestos', 42005, 42963, '2020-12-31', '2012-10-08'),
(78, 35, 1, 'admin', '2009-01-01', '2009-12-31', 'Archivo Cliente', 'Archivo Cliente', 47087, 47382, '2019-12-31', '2012-10-08'),
(79, 35, 1, 'admin', '2009-01-01', '2009-12-31', 'Archivo Cliente', 'Archivo Cliente', 47383, 49045, '2019-12-31', '2012-10-08'),
(80, 36, 1, 'admin', '2010-05-01', '2010-06-30', 'Control Fiscal', 'Control Fiscal de Repuestos', 35971, 42476, '2020-06-30', '2012-10-08'),
(81, 36, 1, 'admin', '2010-06-01', '2010-06-30', 'Control Fiscal', 'Control Fiscal de Repuestos', 39967, 41319, '2020-06-30', '2012-10-08'),
(82, 36, 1, 'admin', '2010-10-01', '2010-12-31', 'Control Fiscal', 'Control Fiscal de Repuestos', 40707, 41233, '2020-12-31', '2012-10-08'),
(83, 37, 1, 'admin', '2008-05-01', '2008-05-31', 'Notas de Credito', 'Notas de Credito Control Fiscal de Veh', 11200, 11359, '2018-05-31', '2012-10-08'),
(84, 37, 1, 'admin', '2008-05-01', '2008-05-31', 'Notas de Credito', 'Notas de Credito Control Fiscal de Veh', 11600, 11699, '2018-05-31', '2012-10-08'),
(85, 37, 1, 'admin', '2008-01-01', '2008-12-31', 'Notas de Credito', 'Notas de Credito Control Fiscal de Veh', 11930, 11999, '2018-12-31', '2012-10-08'),
(86, 37, 1, 'admin', '2008-01-01', '2008-12-31', 'Notas de Credito', 'Notas de Credito Control Fiscal de Veh', 12000, 12199, '2018-12-31', '2012-10-08'),
(87, 38, 1, 'admin', '2008-08-01', '2008-09-30', 'Por definir', 'Por definir', 6000, 6500, '2018-09-30', '2012-10-08'),
(88, 39, 1, 'admin', '2008-02-01', '2008-02-28', 'Control Fiscal', 'Control Fiscal de Repuestos', 23032, 23499, '2018-02-28', '2012-10-08'),
(89, 39, 1, 'admin', '2008-02-01', '2008-02-28', 'Control Fiscal', 'Control Fiscal de Repuestos', 23500, 23641, '2018-02-28', '2012-10-08'),
(90, 39, 1, 'admin', '2008-03-01', '2008-04-30', 'Control Fiscal', 'Control Fiscal de Repuestos', 24305, 24999, '2018-04-30', '2012-10-08'),
(91, 39, 1, 'admin', '2008-05-01', '2008-05-31', 'Control Fiscal', 'Control Fiscal de Repuestos', 26052, 26308, '2018-05-31', '2012-10-08'),
(92, 39, 1, 'admin', '2008-05-01', '2008-05-31', 'Control Fiscal', 'Control Fiscal de Repuestos', 25313, 25962, '2018-05-31', '2012-10-08'),
(93, 39, 1, 'admin', '2008-01-01', '2008-01-31', 'Control Fiscal', 'Control Fiscal de Repuestos', 22857, 22990, '2018-01-31', '2012-10-08'),
(94, 40, 1, 'admin', '2008-06-01', '2008-06-30', 'Control Fiscal', 'Control Fiscal de Repuestos', 1000, 1699, '2018-06-30', '2012-10-08'),
(95, 40, 1, 'admin', '2008-06-01', '2008-06-30', 'Control Fiscal', 'Control Fiscal de Repuestos', 1700, 1999, '2018-06-30', '2012-10-08'),
(96, 40, 1, 'admin', '2008-06-01', '2008-07-31', 'Control Fiscal', 'Control Fiscal de Repuestos', 2000, 2599, '2018-07-31', '2012-10-08'),
(97, 40, 1, 'admin', '2008-07-01', '2008-07-31', 'Control Fiscal', 'Control Fiscal de Repuestos', 2600, 2999, '2018-07-31', '2012-10-08'),
(98, 41, 1, 'admin', '2008-09-01', '2008-10-31', 'Facturas', 'Facturas Repuestos Veh', 8000, 8500, '2018-10-31', '2012-10-08'),
(99, 41, 1, 'admin', '2008-09-01', '2008-09-30', 'Facturas', 'Facturas Repuestos Veh', 8501, 8599, '2018-09-30', '2012-10-08'),
(100, 41, 1, 'admin', '2008-09-01', '2008-10-31', 'Facturas', 'Facturas Repuestos Veh', 8600, 8999, '2018-10-31', '2012-10-08'),
(101, 41, 1, 'admin', '2008-10-01', '2008-10-31', 'Facturas', 'Facturas Repuestos Veh', 9001, 9813, '2018-10-31', '2012-10-08'),
(102, 42, 1, 'admin', '2009-01-01', '2009-12-31', 'Control Fiscal', 'Control Fiscal Vehiculos', 15065, 15599, '2019-12-31', '2012-10-08'),
(103, 42, 1, 'admin', '2009-01-01', '2009-12-31', 'Control Fiscal', 'Control Fiscal Vehiculos', 15600, 16000, '2019-12-31', '2012-10-08'),
(104, 42, 1, 'admin', '2009-01-01', '2009-12-31', 'Control Fiscal', 'Control Fiscal Vehiculos', 18001, 18429, '2019-12-31', '2012-10-08'),
(105, 42, 1, 'admin', '2009-01-01', '2009-12-31', 'Control Fiscal', 'Control Fiscal Vehiculos', 18430, 19000, '2019-12-31', '2012-10-08'),
(106, 43, 1, 'admin', '2009-01-01', '2009-12-31', 'Admon 2009 MUVECA', 'Admon 2009 MUVECA', 0, 0, '2019-12-31', '2012-10-08'),
(107, 44, 1, 'admin', '2009-01-01', '2009-12-31', 'Repuestos', 'Repuestos', 0, 0, '2019-12-31', '2012-10-08'),
(108, 45, 1, 'admin', '2010-01-01', '2010-12-31', 'Facturas', 'Facturas Originales', 0, 0, '2020-12-31', '2012-10-08'),
(109, 46, 1, 'admin', '2009-01-01', '2009-12-31', 'Garantias', 'Garantias', 0, 0, '2019-12-31', '2012-10-16'),
(110, 47, 1, 'admin', '2009-01-01', '2009-12-31', 'Garantias', 'Garantias', 0, 0, '2019-12-31', '2012-10-16'),
(111, 48, 1, 'admin', '2009-01-01', '2009-12-31', 'Garantias', 'Garantias', 0, 0, '2019-12-31', '2012-10-16'),
(112, 49, 1, 'admin', '2008-05-01', '2008-05-31', 'Control Fiscal', 'Control Fiscal Vehiculos', 36300, 36575, '2018-05-31', '2012-10-16'),
(113, 49, 1, 'admin', '2008-01-01', '2008-02-28', 'Control Fiscal', 'Control Fiscal Vehiculos', 34653, 34999, '2018-02-28', '2012-10-16'),
(114, 49, 1, 'admin', '2008-01-01', '2008-01-31', 'Control Fiscal', 'Control Fiscal Vehiculos', 34000, 34343, '2018-01-31', '2012-10-16'),
(115, 49, 1, 'admin', '2008-09-01', '2008-09-30', 'Control Fiscal', 'Control Fiscal Vehiculos', 7000, 7499, '2018-09-30', '2012-10-16'),
(116, 49, 1, 'admin', '2008-01-01', '2008-01-31', 'Control Fiscal', 'Control Fiscal Vehiculos', 3883, 33999, '2018-01-31', '2012-10-16'),
(117, 50, 1, 'admin', '2008-10-01', '2008-11-30', 'Control Fiscal', 'Control Fiscal Vehiculos', 10000, 10475, '2018-11-30', '2012-10-16'),
(118, 50, 1, 'admin', '2008-11-01', '2008-11-30', 'Control Fiscal', 'Control Fiscal Vehiculos', 10500, 10999, '2018-11-30', '2012-10-16'),
(119, 50, 1, 'admin', '2008-11-01', '2008-12-31', 'Control Fiscal', 'Control Fiscal Vehiculos', 11028, 11499, '2018-12-31', '2012-10-16'),
(120, 50, 1, 'admin', '2008-12-01', '2008-12-31', 'Control Fiscal', 'Control Fiscal Vehiculos', 11500, 11999, '2018-12-31', '2012-10-16'),
(121, 51, 1, 'admin', '2008-07-01', '2008-08-31', 'Control Fiscal', 'Facturas Control Fiscal Repuestos', 4501, 4999, '2018-08-31', '2012-10-16'),
(122, 51, 1, 'admin', '2008-08-01', '2008-08-31', 'Control Fiscal', 'Facturas Control Fiscal Repuestos', 6501, 6999, '2018-08-31', '2012-10-16'),
(123, 51, 1, 'admin', '2008-08-01', '2008-08-31', 'Control Fiscal', 'Facturas Control Fiscal Repuestos', 7000, 7499, '2018-08-31', '2012-10-16'),
(124, 51, 1, 'admin', '2008-08-01', '2008-09-30', 'Control Fiscal', 'Facturas Control Fiscal Vehiculos', 7500, 7999, '2018-09-30', '2012-10-16'),
(125, 52, 1, 'admin', '2009-01-01', '2009-12-31', 'Control Fiscal', 'Control Fiscal Repuestos', 24099, 24300, '2019-12-31', '2012-10-16'),
(126, 52, 1, 'admin', '2009-01-01', '2009-12-31', 'Control Fiscal', 'Control Fiscal Repuestos', 24400, 24499, '2019-12-31', '2012-10-16'),
(127, 52, 1, 'admin', '2009-01-01', '2009-12-31', 'Control Fiscal', 'Control Fiscal Repuestos', 25600, 25993, '2019-12-31', '2012-10-16'),
(128, 52, 1, 'admin', '2009-01-01', '2009-12-31', 'Control Fiscal', 'Control Fiscal Repuestos', 29343, 29999, '2019-12-31', '2012-10-16'),
(129, 53, 1, 'admin', '2008-04-01', '2008-04-30', 'Notas de Credito', 'Notas de Credito Control Fiscal de Repuestos / Vehiculos', 11600, 11699, '2018-04-30', '2012-10-16'),
(130, 53, 1, 'admin', '2008-05-01', '2008-05-31', 'Notas de Credito', 'Notas de Credito Control Fiscal de Repuestos / Vehiculos', 11700, 11799, '2018-05-31', '2012-10-16'),
(131, 53, 1, 'admin', '2008-05-01', '2008-05-31', 'Notas de Credito', 'Notas de Credito Control Fiscal de Repuestos / Vehiculos', 11800, 11899, '2018-05-31', '2012-10-16'),
(132, 53, 1, 'admin', '2008-05-01', '2008-05-31', 'Notas de Credito', 'Notas de Credito Control Fiscal de Repuestos / Vehiculos', 11900, 12000, '2018-05-31', '2012-10-16'),
(133, 54, 1, 'admin', '2008-06-01', '2008-07-31', 'Facturas', 'Facturas Control Fiscal Vehiculos', 3000, 3499, '2018-07-31', '2012-10-16'),
(134, 54, 1, 'admin', '2008-07-01', '2008-08-31', 'Facturas', 'Facturas Control Fiscal Vehiculos', 3500, 3999, '2018-08-31', '2012-10-16'),
(135, 54, 1, 'admin', '2008-08-01', '2008-08-31', 'Facturas', 'Facturas Control Fiscal Vehiculos', 5000, 5599, '2018-08-31', '2012-10-16'),
(136, 54, 1, 'admin', '2008-08-01', '2008-08-31', 'Facturas', 'Facturas Control Fiscal Vehiculos', 5600, 5999, '2018-08-31', '2012-10-16'),
(137, 55, 1, 'admin', '2009-01-01', '2009-12-31', 'Control Fiscal', 'Control Fiscal Repuestos', 28000, 28600, '2019-12-31', '2012-10-16'),
(138, 55, 1, 'admin', '2009-01-01', '2009-12-31', 'Control Fiscal', 'Control Fiscal Repuestos', 28601, 28999, '2019-12-31', '2012-10-16'),
(139, 55, 1, 'admin', '2009-01-01', '2009-12-31', 'Control Fiscal', 'Control Fiscal Repuestos', 29001, 29600, '2019-12-31', '2012-10-16'),
(140, 55, 1, 'admin', '2009-01-01', '2009-12-31', 'Control Fiscal', 'Control Fiscal Repuestos', 29601, 29999, '2019-12-31', '2012-10-16'),
(141, 56, 1, 'admin', '2009-01-01', '2009-12-31', 'Facturas', 'Facturas Control Fiscal de Repuestos', 17000, 17499, '2019-12-31', '2012-10-16'),
(142, 56, 1, 'admin', '2009-01-01', '2009-12-31', 'Facturas', 'Facturas Control Fiscal de Repuestos', 17500, 18000, '2019-12-31', '2012-10-16'),
(143, 56, 1, 'admin', '2009-01-01', '2009-12-31', 'Facturas', 'Facturas Control Fiscal de Repuestos', 19299, 19900, '2019-12-31', '2012-10-16'),
(144, 56, 1, 'admin', '2009-01-01', '2009-12-31', 'Facturas', 'Facturas Control Fiscal de Repuestos', 20099, 20600, '2019-12-31', '2012-10-16'),
(145, 57, 1, 'admin', '2009-01-01', '2009-12-31', 'Facturas', 'Facturas Control Fiscal Repuestos', 14500, 14999, '2019-12-31', '2012-10-16'),
(146, 57, 1, 'admin', '2009-01-01', '2009-12-31', 'Facturas', 'Facturas Control Fiscal Repuestos', 16000, 16499, '2019-12-31', '2012-10-16'),
(147, 57, 1, 'admin', '2009-01-01', '2009-12-31', 'Facturas', 'Facturas Control Fiscal Repuestos', 16500, 16999, '2019-12-31', '2012-10-16'),
(148, 57, 1, 'admin', '2009-01-01', '2009-12-31', 'Facturas', 'Facturas Control Fiscal Repuestos', 19000, 19499, '2019-12-31', '2012-10-16'),
(149, 58, 1, 'admin', '2009-01-01', '2009-12-31', 'por definir', 'por definir', 34196, 34999, '2019-12-31', '2012-10-16'),
(150, 59, 1, 'admin', '2009-01-01', '2009-12-31', 'Control Fiscal', 'Control Fiscal de Vehiculos', 15527, 15842, '2019-12-31', '2012-10-16'),
(151, 59, 1, 'admin', '2009-01-01', '2009-12-31', 'Control Fiscal', 'Control Fiscal de Vehiculos', 21073, 31774, '2019-12-31', '2012-10-16'),
(152, 59, 1, 'admin', '2009-01-01', '2009-12-31', 'Control Fiscal', 'Control Fiscal de Vehiculos', 26367, 26677, '2019-12-31', '2012-10-16'),
(153, 60, 1, 'admin', '2009-01-01', '2009-12-31', 'Control Fiscal', 'Control Fiscal Vehiculos', 21001, 21599, '2019-12-31', '2012-10-16'),
(154, 60, 1, 'admin', '2009-01-01', '2009-12-31', 'Control Fiscal', 'Control Fiscal Vehiculos', 21600, 22000, '2019-12-31', '2012-10-16'),
(155, 60, 1, 'admin', '2009-01-01', '2009-12-31', 'Control Fiscal', 'Control Fiscal Vehiculos', 26001, 26599, '2019-12-31', '2012-10-16'),
(156, 60, 1, 'admin', '2009-01-01', '2009-12-31', 'Control Fiscal', 'Control Fiscal Vehiculos', 26600, 27000, '2019-12-31', '2012-10-16'),
(157, 61, 1, 'admin', '2007-01-01', '2007-12-31', 'Guia de Transporte', 'Guia de Transporte', 0, 0, '2017-12-31', '2012-10-16'),
(158, 62, 1, 'admin', '2007-01-01', '2007-12-31', 'Solicitudes Negadas', 'Solicitudes Negadas', 0, 0, '2017-12-31', '2012-10-16'),
(159, 63, 1, 'admin', '2009-01-01', '2009-12-31', 'Embarques Repuestos', 'Embarques Repuestos', 0, 0, '2019-12-31', '2012-10-16'),
(160, 64, 1, 'admin', '2008-02-01', '2008-02-28', 'Notas Credito', 'Notas Credito Control Fiscal Repuestos / Vehiculos', 11069, 11171, '2018-02-28', '2012-10-16'),
(161, 64, 1, 'admin', '2008-04-01', '2008-04-30', 'Notas Credito', 'Notas Credito Control Fiscal Repuestos / Vehiculos', 11250, 11299, '2018-04-30', '2012-10-16'),
(162, 64, 1, 'admin', '2008-04-01', '2008-04-30', 'Notas Credito', 'Notas Credito Control Fiscal Repuestos / Vehiculos', 11300, 11399, '2018-04-30', '2012-10-16'),
(163, 64, 1, 'admin', '2008-04-01', '2008-04-30', 'Notas Credito', 'Notas Credito Control Fiscal Repuestos / Vehiculos', 11400, 11499, '2018-04-30', '2012-10-16'),
(164, 64, 1, 'admin', '2008-04-01', '2008-04-30', 'Notas Credito', 'Notas Credito Control Fiscal Repuestos / Vehiculos', 11500, 11599, '2018-04-30', '2012-10-16'),
(165, 65, 1, 'admin', '2009-01-01', '2009-12-31', 'Control Fiscal', 'Control Fiscal Facturas de Repuestos', 19299, 19900, '2019-12-31', '2012-10-16'),
(166, 65, 1, 'admin', '2009-01-01', '2009-12-31', 'Control Fiscal', 'Control Fiscal Facturas de Repuestos', 20099, 20901, '2019-12-31', '2012-10-16'),
(167, 65, 1, 'admin', '2009-01-01', '2009-12-31', 'Control Fiscal', 'Control Fiscal Facturas de Repuestos', 23399, 23400, '2019-12-31', '2012-10-16'),
(168, 66, 1, 'admin', '2009-01-01', '2009-12-31', 'Control fiscal', 'Control fiscal Repuestos', 22001, 22600, '2019-12-31', '2012-10-16'),
(169, 66, 1, 'admin', '2009-01-01', '2009-12-31', 'Control fiscal Repuestos', 'Control fiscal Repuestos', 22601, 22999, '2019-12-31', '2012-10-16'),
(170, 66, 1, 'admin', '2009-01-01', '2009-12-31', 'Control fiscal Repuestos', 'Control fiscal Repuestos', 23000, 23399, '2019-12-31', '2012-10-16'),
(171, 66, 1, 'admin', '2009-01-01', '2009-12-31', 'Control fiscal', 'Control fiscal Repuestos', 23400, 23999, '2019-12-31', '2012-10-16'),
(172, 67, 1, 'admin', '2008-01-01', '2008-12-31', 'Control Fiscal', 'Control Fiscal Vehiculos', 2265, 2306, '2018-12-31', '2012-10-16'),
(173, 67, 1, 'admin', '2007-01-01', '2007-12-31', 'Notas de Credito', 'Notas de Credito', 2051, 2263, '2017-12-31', '2012-10-16'),
(174, 67, 1, 'admin', '2007-04-01', '2007-05-31', 'Notas de Credito', 'Notas de Credito', 7605, 7937, '2017-05-31', '2012-10-16'),
(175, 67, 1, 'admin', '2007-12-01', '2007-12-31', 'Notas de Credito', 'Notas de Credito', 32841, 33891, '2017-12-31', '2012-10-16'),
(176, 67, 1, 'admin', '2007-10-01', '2007-10-31', 'Notas de Credito', 'Notas de Credito', 30973, 30999, '2017-10-31', '2012-10-16'),
(177, 67, 1, 'admin', '2007-10-01', '2007-10-31', 'Notas de Credito', 'Notas de Credito', 31000, 31761, '2017-10-31', '2012-10-16'),
(178, 67, 1, 'admin', '2007-12-01', '2007-12-31', 'Notas de Credito', 'Notas de Credito', 32511, 32840, '2017-12-31', '2012-10-16'),
(179, 68, 1, 'admin', '2007-04-01', '2007-05-31', 'Control Fiscal', 'Control Fiscal de Repuestos y Vehiculos', 17734, 18140, '2017-05-31', '2012-10-16'),
(180, 68, 1, 'admin', '2007-05-01', '2007-06-30', 'Control Fiscal', 'Control Fiscal de Repuestos y Vehiculos', 18141, 18629, '2017-06-30', '2012-10-16'),
(181, 68, 1, 'admin', '2007-05-01', '2007-06-30', 'Control Fiscal', 'Control Fiscal de Repuestos y Vehiculos', 25009, 25716, '2017-06-30', '2012-10-16'),
(182, 68, 1, 'admin', '2007-08-01', '2007-08-31', 'Control Fiscal', 'Control Fiscal de Repuestos y Vehiculos', 27606, 28274, '2017-08-31', '2012-10-16'),
(183, 69, 1, 'admin', '2010-01-01', '2010-12-31', 'Facturas', 'Facturas de Repuestos', 0, 0, '2020-12-31', '2012-10-16'),
(184, 70, 1, 'admin', '2010-01-01', '2010-12-31', 'Posters Propaganda', 'Gigantografias Posters Propaganda Vehiculos ', 0, 0, '2020-12-31', '2012-10-16'),
(185, 71, 1, 'admin', '2008-01-01', '2008-12-31', 'Notas de Credito', 'Notas de Credito Originales', 4680, 6998, '2018-12-31', '2012-10-16'),
(186, 71, 1, 'admin', '2008-01-01', '2009-12-31', 'Notas de Credito', 'Notas de Credito Originales', 7105, 7870, '2019-12-31', '2012-10-16'),
(187, 71, 1, 'admin', '2008-01-01', '2008-12-31', 'Notas de Credito', 'Notas de Credito Originales', 7801, 9830, '2018-12-31', '2012-10-16'),
(188, 71, 1, 'admin', '2008-01-01', '2008-12-31', 'Facturas, Notas de Credito', 'Facturas Notas de Credito Vehiculos, Cursos, Intereses', 0, 0, '2018-12-31', '2012-10-16'),
(189, 72, 1, 'admin', '2008-01-01', '2008-12-31', 'Notas de Credito', 'Notas de Credito Originales Repuestos', 10900, 10999, '2018-12-31', '2012-10-16'),
(190, 72, 1, 'admin', '2008-01-01', '2008-12-31', 'Notas de Credito', 'Notas de Credito Originales Repuestos', 11085, 12209, '2018-12-31', '2012-10-16'),
(191, 72, 1, 'admin', '2008-01-01', '2008-12-31', 'Notas de Credito', 'Notas de Credito Originales Repuestos', 12031, 14470, '2018-12-31', '2012-10-16'),
(192, 72, 1, 'admin', '2008-01-01', '2008-12-31', 'Notas de Credito', 'Soportes Notas de Credito', 0, 0, '2018-12-31', '2012-10-16'),
(193, 73, 1, 'admin', '2008-01-01', '2008-12-31', 'Notas de Credito', 'Notas de Credito Originales Repuestos', 1297, 1843, '2018-12-31', '2012-10-16'),
(194, 73, 1, 'admin', '2008-01-01', '2008-12-31', 'Notas de Credito', 'Notas de Credito Originales Repuestos', 1922, 1958, '2018-12-31', '2012-10-16'),
(195, 73, 1, 'admin', '2008-01-01', '2008-12-31', 'Notas de Credito', 'Notas de Credito Originales Repuestos', 3588, 4779, '2018-12-31', '2012-10-16'),
(196, 73, 1, 'admin', '2008-01-01', '2008-12-31', 'Notas de Credito', 'Notas de Credito Originales Vehiculos', 6259, 6338, '2018-12-31', '2012-10-16'),
(197, 74, 1, 'admin', '2009-01-01', '2009-12-31', 'Control Fiscal', 'Control Fiscal Repuestos', 30000, 30700, '2019-12-31', '2012-10-16'),
(198, 74, 1, 'admin', '2009-01-01', '2009-12-31', 'Control Fiscal', 'Control Fiscal Repuestos', 30701, 30999, '2019-12-31', '2012-10-16'),
(199, 74, 1, 'admin', '2009-01-01', '2009-12-31', 'Control Fiscal', 'Control Fiscal Repuestos', 33000, 33670, '2019-12-31', '2012-10-16'),
(200, 74, 1, 'admin', '2009-01-01', '2009-12-31', 'Control Fiscal', 'Control Fiscal Repuestos', 33671, 34685, '2019-12-31', '2012-10-16'),
(201, 75, 1, 'admin', '2009-01-01', '2009-12-31', 'LOCTI', 'LOCTI', 0, 0, '2019-12-31', '2012-10-16'),
(202, 76, 1, 'admin', '2008-01-01', '2008-12-31', 'LOCTI', 'LOCTI', 0, 0, '2018-12-31', '2012-10-16'),
(203, 76, 1, 'admin', '2007-01-01', '2007-12-31', 'Control Fiscal', 'Control Fiscal de Vehiculos', 26428, 27015, '2017-12-31', '2012-10-16'),
(204, 76, 1, 'admin', '2007-01-01', '2007-12-31', 'Control Fiscal', 'Control Fiscal de Vehiculos', 27016, 27605, '2017-12-31', '2012-10-16'),
(205, 76, 1, 'admin', '2007-01-01', '2007-12-31', 'Control Fiscal', 'Control Fiscal de Vehiculos', 28275, 28950, '2017-12-31', '2012-10-16'),
(206, 76, 1, 'admin', '2007-01-01', '2007-12-31', 'Control Fiscal', 'Control Fiscal de Vehiculos', 28951, 29605, '2017-12-31', '2012-10-16'),
(207, 77, 1, 'admin', '2007-06-01', '2007-08-31', 'Control Fiscal', 'Control Fiscal de Vehiculos', 26428, 27015, '2017-08-31', '2012-10-16'),
(208, 77, 1, 'admin', '2007-08-01', '2007-08-31', 'Control Fiscal', 'Control Fiscal de Vehiculos', 27016, 27605, '2017-08-31', '2012-10-16'),
(209, 77, 1, 'admin', '2007-08-01', '2007-09-30', 'Control Fiscal', 'Control Fiscal de Vehiculos', 28275, 28950, '2017-09-30', '2012-10-16'),
(210, 77, 1, 'admin', '2007-09-01', '2007-09-30', 'Control Fiscal', 'Control Fiscal de Vehiculos', 28951, 29605, '2017-09-30', '2012-10-16'),
(211, 78, 1, 'admin', '2007-06-01', '2007-07-31', 'Control Fiscal', 'Control Fiscal de Repuestos y Vehiculos', 18630, 19124, '2017-07-31', '2012-10-16'),
(212, 78, 1, 'admin', '2007-07-01', '2007-08-31', 'Control Fiscal', 'Control Fiscal de Repuestos y Vehiculos', 19125, 19820, '2017-08-31', '2012-10-16'),
(213, 78, 1, 'admin', '2007-08-01', '2007-09-30', 'Control Fiscal', 'Control Fiscal de Repuestos y Vehiculos', 19821, 20455, '2017-09-30', '2012-10-16'),
(214, 78, 1, 'admin', '2007-01-01', '2007-01-31', 'Control Fiscal', 'Control Fiscal de Repuestos y Vehiculos - Serie A', 21414, 21915, '2017-01-31', '2012-10-16'),
(215, 79, 1, 'admin', '2008-10-01', '2008-10-31', 'Control Fiscal', 'Control Fiscal de Repuestos', 9000, 9527, '2018-10-31', '2012-10-16'),
(216, 79, 1, 'admin', '2008-10-01', '2008-11-30', 'Control Fiscal', 'Control Fiscal de Repuestos', 12000, 12499, '2018-11-30', '2012-10-16'),
(217, 79, 1, 'admin', '2008-11-01', '2008-11-30', 'Control Fiscal', 'Control Fiscal de Repuestos', 12500, 12999, '2018-11-30', '2012-10-16'),
(218, 79, 1, 'admin', '2008-01-01', '2008-12-31', 'Control Fiscal', 'Control Fiscal de Repuestos. Soportes NC Repuestos', 0, 0, '2018-12-31', '2012-10-16'),
(219, 80, 1, 'admin', '2008-01-01', '2008-12-31', 'Repuestos', 'Repuestos AutoKia La Paz, Yuyi Universal', 0, 0, '2018-12-31', '2012-10-16'),
(220, 80, 1, 'admin', '2008-01-01', '2008-12-31', 'Facturas', 'Relacion de facturas enviadas a Concesionarios Jul-Dic', 0, 0, '2018-12-31', '2012-10-16'),
(221, 80, 1, 'admin', '2008-01-01', '2008-12-31', 'REPUESTOS', 'REPUESTOS', 0, 0, '2018-12-31', '2012-10-16'),
(222, 81, 1, 'admin', '2007-01-01', '2007-02-28', 'Control Fiscal', 'Control Fiscal de Vehiculos', 21916, 22482, '2017-02-28', '2012-10-16'),
(223, 81, 1, 'admin', '2007-03-01', '2007-03-31', 'Control Fiscal', 'Control Fiscal de Vehiculos', 22483, 23157, '2017-03-31', '2012-10-16'),
(224, 81, 1, 'admin', '2007-03-01', '2007-04-30', 'Control Fiscal', 'Control Fiscal de Vehiculos', 23158, 23856, '2017-04-30', '2012-10-16'),
(225, 81, 1, 'admin', '2007-04-01', '2007-05-31', 'Control Fiscal', 'Control Fiscal de Vehiculos', 23857, 24189, '2017-05-31', '2012-10-16'),
(226, 82, 1, 'admin', '2008-11-01', '2008-11-30', 'Control Fiscal', 'Control Fiscal de Repuestos', 13000, 13499, '2018-11-30', '2012-10-16'),
(227, 82, 1, 'admin', '2008-12-01', '2008-12-31', 'Control Fiscal', 'Control Fiscal de Repuestos', 13500, 13998, '2018-12-31', '2012-10-16'),
(228, 82, 1, 'admin', '2008-12-01', '2008-12-31', 'Control Fiscal', 'Control Fiscal de Repuestos', 14000, 14484, '2018-12-31', '2012-10-16'),
(229, 83, 1, 'admin', '2008-01-01', '2009-12-31', 'Bancos y Contratos ', 'Bancos  y Contratos', 0, 0, '2019-12-31', '2012-10-16'),
(230, 84, 1, 'admin', '2007-01-01', '2007-12-31', 'Bco Venezuela', 'Bco Venezuela Caja 2', 0, 0, '2017-12-31', '2012-10-16'),
(231, 85, 1, 'admin', '2009-01-01', '2009-12-31', 'Facturas', 'Copias Facturas Vehiculos - Repuestos', 0, 0, '2019-12-31', '2012-10-16'),
(232, 86, 1, 'admin', '2007-09-01', '2007-09-30', 'Control Fiscal', 'Control Fiscal de Vehiculos', 29606, 30254, '2017-09-30', '2012-10-16'),
(233, 86, 1, 'admin', '2007-09-01', '2007-10-31', 'Control Fiscal', 'Control Fiscal de Vehiculos', 30255, 30972, '2017-10-31', '2012-10-16'),
(234, 86, 1, 'admin', '2007-10-01', '2007-11-30', 'Control Fiscal', 'Control Fiscal de Vehiculos', 31601, 32228, '2017-11-30', '2012-10-16'),
(235, 86, 1, 'admin', '2007-12-01', '2007-12-31', 'Control Fiscal', 'Control Fiscal de Vehiculos', 33200, 33689, '2017-12-31', '2012-10-16'),
(236, 87, 1, 'admin', '2007-02-01', '2007-04-30', 'Control Fiscal', 'Control Fiscal de Repuestos y Vehiculos', 16991, 17752, '2017-04-30', '2012-10-16'),
(237, 87, 1, 'admin', '2007-09-01', '2007-09-30', 'Control Fiscal', 'Control Fiscal de Repuestos y Vehiculos', 20456, 20882, '2017-09-30', '2012-10-16'),
(238, 87, 1, 'admin', '2007-01-01', '2007-04-30', 'Control Fiscal', 'Control Fiscal de Repuestos y Vehiculos. Repuestos NC', 6958, 7604, '2017-04-30', '2012-10-16'),
(239, 87, 1, 'admin', '2007-08-01', '2007-08-31', 'Control Fiscal', 'Control Fiscal de Repuestos y Vehiculos. Vehiculos NC', 9181, 9240, '2017-08-31', '2012-10-16'),
(240, 88, 1, 'admin', '2007-06-01', '2007-08-31', 'Control Fiscal', 'Control Fiscal de Repuestos y Vehiculos', 8451, 9180, '2017-08-31', '2012-10-16'),
(241, 88, 1, 'admin', '2007-08-01', '2007-09-30', 'Control Fiscal', 'Control Fiscal de Repuestos y Vehiculos', 9161, 9864, '2017-09-30', '2012-10-16'),
(242, 88, 1, 'admin', '2007-06-01', '2007-08-31', 'Control Fiscal', 'Control Fiscal de Repuestos y Vehiculos', 8697, 8760, '2017-08-31', '2012-10-16'),
(243, 88, 1, 'admin', '2007-06-01', '2007-08-31', 'Control Fiscal', 'Control Fiscal de Repuestos y Vehiculos', 8466, 9239, '2017-08-31', '2012-10-16'),
(244, 89, 1, 'admin', '2007-01-01', '2007-12-31', 'LOCTI', 'LOCTI', 0, 0, '2017-12-31', '2012-10-16'),
(245, 90, 1, 'admin', '2007-01-01', '2008-12-31', 'LOCTI', 'LOCTI', 0, 0, '2018-12-31', '2012-10-16'),
(246, 91, 1, 'admin', '2008-01-01', '2009-12-31', 'LOCTI', 'LOCTI', 0, 0, '2019-12-31', '2012-10-16'),
(247, 92, 1, 'admin', '2006-11-01', '2007-01-31', 'Facturas', 'Facturas Repuestos', 16000, 16499, '2017-01-31', '2012-10-16'),
(248, 92, 1, 'admin', '2007-01-01', '2007-02-28', 'Facturas', 'Facturas Repuestos', 16500, 16999, '2017-02-28', '2012-10-16'),
(249, 92, 1, 'admin', '2007-02-01', '2007-04-30', 'Facturas', 'Facturas Repuestos', 17000, 17599, '2017-04-30', '2012-10-16'),
(250, 92, 1, 'admin', '2007-04-01', '2007-05-31', 'Facturas', 'Facturas Repuestos', 17600, 17999, '2017-05-31', '2012-10-16'),
(251, 93, 1, 'admin', '2008-01-01', '2008-12-31', 'Control Fiscal', 'Control Fiscal de Repuestos', 9000, 9527, '2018-12-31', '2012-10-16'),
(252, 93, 1, 'admin', '2008-01-01', '2008-12-31', 'Control Fiscal', 'Control Fiscal de Repuestos', 12000, 12499, '2018-12-31', '2012-10-16'),
(253, 93, 1, 'admin', '2008-01-01', '2008-12-31', 'Control Fiscal', 'Control Fiscal de Repuestos', 12500, 12999, '2018-12-31', '2012-10-16'),
(254, 93, 1, 'admin', '2008-01-01', '2008-12-31', 'Control Fiscal', 'Control Fiscal Vehiculos', 11700, 11999, '2018-12-31', '2012-10-16'),
(255, 94, 1, 'admin', '2007-08-01', '2007-09-30', 'Facturas', 'Facturas Repuestos', 20000, 20599, '2017-09-30', '2012-10-16'),
(256, 94, 1, 'admin', '2007-09-01', '2007-10-31', 'Facturas', 'Facturas vehiculos', 20600, 20999, '2017-10-31', '2012-10-16'),
(257, 94, 1, 'admin', '2007-10-01', '2007-11-30', 'Facturas', 'Facturas repuestos', 21000, 21599, '2017-11-30', '2012-10-16'),
(258, 94, 1, 'admin', '2007-11-01', '2007-11-30', 'Facturas', 'Facturas Repuestos', 21600, 21999, '2017-11-30', '2012-10-16'),
(259, 95, 1, 'admin', '2007-11-01', '2007-12-31', 'Facturas', 'Facturas Repuestos', 22000, 22599, '2017-12-31', '2012-10-16'),
(260, 95, 1, 'admin', '2007-12-01', '2007-12-31', 'Facturas', 'Facturas Repuestos', 22600, 22866, '2017-12-31', '2012-10-16'),
(261, 95, 1, 'admin', '2007-01-01', '2007-02-28', 'Facturas', 'Facturas Repuestos', 16281, 16990, '2017-02-28', '2012-10-16'),
(262, 95, 1, 'admin', '2007-01-01', '2007-01-31', 'Facturas', 'Facturas Repuestos', 20894, 21413, '2017-01-31', '2012-10-16'),
(263, 96, 1, 'admin', '2007-01-01', '2007-12-31', 'Control Fiscal', 'Control Fiscal de Vehiculos', 21916, 22482, '2017-12-31', '2012-10-16'),
(264, 96, 1, 'admin', '2007-01-01', '2007-12-31', 'Control Fiscal', 'Control Fiscal de Vehiculos', 22483, 23157, '2017-12-31', '2012-10-16'),
(265, 96, 1, 'admin', '2007-01-01', '2007-12-31', 'Control Fiscal', 'Control Fiscal de Vehiculos', 23158, 23856, '2017-12-31', '2012-10-16'),
(266, 96, 1, 'admin', '2007-01-01', '2007-12-31', 'Control Fiscal', 'Control Fiscal de Vehiculos', 23857, 24189, '2017-12-31', '2012-10-16'),
(267, 97, 1, 'admin', '2007-01-01', '2007-12-31', 'Facturas', 'Facturas Vehiculos por Concesionarios', 0, 0, '2017-12-31', '2012-10-16'),
(268, 98, 1, 'admin', '2007-01-01', '2007-12-31', 'Facturas', 'Facturas Vehiculos por Concesionarios', 0, 0, '2017-12-31', '2012-10-16'),
(269, 99, 1, 'admin', '2007-01-01', '2007-12-31', 'Facturas', 'Facturas Vehiculos por Concesionarios', 0, 0, '2017-12-31', '2012-10-16'),
(270, 100, 1, 'admin', '2007-06-01', '2007-08-31', 'Facturas', 'Facturas Vehiculos', 26171, 26995, '2017-08-31', '2012-10-16'),
(271, 100, 1, 'admin', '2007-08-01', '2007-08-31', 'Facturas', 'Facturas Vehiculos', 27018, 27993, '2017-08-31', '2012-10-16'),
(272, 100, 1, 'admin', '2007-08-01', '2007-09-30', 'Facturas', 'Facturas Vehiculos', 28018, 28997, '2017-09-30', '2012-10-16'),
(273, 100, 1, 'admin', '2007-09-01', '2007-09-30', 'Facturas', 'Facturas Vehiculos', 29015, 29989, '2017-09-30', '2012-10-16'),
(274, 101, 1, 'admin', '2007-11-01', '2007-11-30', 'Facturas', 'Facturas Vehiculos', 31786, 31999, '2017-11-30', '2012-10-16'),
(275, 101, 1, 'admin', '2007-11-01', '2007-11-30', 'Facturas', 'Facturas Vehiculos', 32000, 32399, '2017-11-30', '2012-10-16'),
(276, 101, 1, 'admin', '2007-11-01', '2007-11-30', 'Facturas', 'Facturas Vehiculos', 32425, 32684, '2017-11-30', '2012-10-16'),
(277, 102, 1, 'admin', '2007-12-01', '2007-12-31', 'Facturas', 'Facturas Vehiculos', 32826, 32999, '2017-12-31', '2012-10-16'),
(278, 102, 1, 'admin', '2007-11-01', '2007-12-31', 'Facturas', 'Facturas Vehiculos', 33000, 33399, '2017-12-31', '2012-10-16'),
(279, 102, 1, 'admin', '2007-01-01', '2007-01-31', 'Facturas', 'Facturas Vehiculos', 33447, 33873, '2017-01-31', '2012-10-16'),
(280, 103, 1, 'admin', '2007-01-01', '2007-12-31', 'Facturas', 'Facturas Vehiculos por Concesionarios', 0, 0, '2017-12-31', '2012-10-16'),
(281, 103, 1, 'admin', '2007-01-01', '2007-12-31', 'Cobranzas', 'Gastos de Cobranzas - Intereses de Mora', 0, 0, '2017-12-31', '2012-10-16'),
(282, 103, 1, 'admin', '2007-01-01', '2007-12-31', 'Certificados de Origen', 'Reimpresi', 0, 0, '2017-12-31', '2012-10-16'),
(283, 104, 1, 'admin', '2007-01-01', '2007-12-31', 'Facturas', 'Facturas Vehiculos por Concesionarios', 0, 0, '2017-12-31', '2012-10-16'),
(284, 105, 1, 'admin', '2007-11-01', '2007-12-31', 'Notas de Credito ', 'Notas de Credito ', 0, 0, '2017-12-31', '2012-10-16'),
(285, 106, 1, 'admin', '2007-09-01', '2007-12-31', 'Notas de Credito ', 'Notas de Credito ', 0, 0, '2017-12-31', '2012-10-16'),
(286, 107, 1, 'admin', '2007-01-01', '2007-01-31', 'Notas de Credito ', 'Notas de Credito ', 6823, 6999, '2017-01-31', '2012-10-16'),
(287, 107, 1, 'admin', '2007-01-01', '2007-01-31', 'Notas de Credito ', 'Notas de Credito ', 7002, 7069, '2017-01-31', '2012-10-16'),
(288, 107, 1, 'admin', '2007-03-01', '2007-05-31', 'Notas de Credito ', 'Notas de Credito ', 7472, 7999, '2017-05-31', '2012-10-16'),
(289, 107, 1, 'admin', '2007-01-01', '2007-12-31', 'Notas de Credito ', 'Notas de Credito ', 8000, 8995, '2017-12-31', '2012-10-16'),
(290, 108, 1, 'admin', '2007-08-01', '2007-08-31', 'Notas de Credito', 'Notas de Credito  Repuestos / Vehiculos', 9044, 9044, '2017-08-31', '2012-10-16'),
(291, 108, 1, 'admin', '2007-08-01', '2007-08-31', 'Notas de Credito', 'Notas de Credito  Repuestos / Vehiculos', 9149, 9153, '2017-08-31', '2012-10-16'),
(292, 108, 1, 'admin', '2007-08-01', '2007-08-31', 'Notas de Credito', 'Notas de Credito  Repuestos / Vehiculos', 9241, 9299, '2017-08-31', '2012-10-16'),
(293, 108, 1, 'admin', '2007-08-01', '2007-08-31', 'Notas de Credito', 'Notas de Credito  Repuestos / Vehiculos', 9300, 9399, '2017-08-31', '2012-10-16'),
(294, 108, 1, 'admin', '2007-08-01', '2007-08-30', 'Notas de Credito', 'Notas de Credito  Repuestos / Vehiculos', 9400, 9499, '2017-08-30', '2012-10-16'),
(295, 108, 1, 'admin', '2007-08-01', '2007-09-30', 'Notas de Credito', 'Notas de Credito  Repuestos / Vehiculos', 9500, 9575, '2017-09-30', '2012-10-16'),
(296, 109, 1, 'admin', '2007-09-01', '2007-09-30', 'Notas de Credito', 'Notas de Credito  Repuestos / Vehiculos', 9619, 9699, '2017-09-30', '2012-10-16'),
(297, 109, 1, 'admin', '2007-09-01', '2007-09-30', 'Notas de Credito', 'Notas de Credito  Repuestos / Vehiculos', 9714, 9795, '2017-09-30', '2012-10-16'),
(298, 109, 1, 'admin', '2007-09-01', '2007-09-30', 'Notas de Credito', 'Notas de Credito  Repuestos / Vehiculos', 9832, 9899, '2017-09-30', '2012-10-16'),
(299, 109, 1, 'admin', '2007-09-01', '2007-09-30', 'Notas de Credito', 'Notas de Credito  Repuestos / Vehiculos', 9900, 9999, '2017-09-30', '2012-10-16'),
(300, 109, 1, 'admin', '2007-01-01', '2007-05-31', 'Notas de Credito', 'Notas de Credito  Repuestos / Vehiculos', 2011, 2149, '2017-05-31', '2012-10-16'),
(301, 109, 1, 'admin', '2007-05-01', '2007-12-31', 'Notas de Credito', 'Notas de Credito  Repuestos / Vehiculos', 2151, 2263, '2017-12-31', '2012-10-16'),
(302, 110, 1, 'admin', '2007-01-01', '2008-12-31', 'Expedientes', 'Copias de expedientes de Importacion', 0, 0, '2018-12-31', '2012-10-16'),
(303, 111, 1, 'admin', '2007-01-01', '2007-12-31', 'Expedientes', 'Copias de expedientes de Importacion', 0, 0, '2017-12-31', '2012-10-16'),
(304, 112, 1, 'admin', '2006-01-01', '2006-12-31', 'Facturas', 'Facturas Vehiculos por Concesionarios', 0, 0, '2016-12-31', '2012-10-16'),
(305, 113, 1, 'admin', '2006-01-01', '2006-12-31', 'NC - Repuestos de Vehiculos', 'NC - Repuestos de Vehiculos', 0, 0, '2016-12-31', '2012-10-16'),
(306, 114, 1, 'admin', '2006-07-01', '2006-11-30', 'NC - Repuestos de Vehiculos', 'NC - Repuestos de Vehiculos', 0, 0, '2016-11-30', '2012-10-16'),
(307, 114, 1, 'admin', '2006-02-01', '2006-05-31', 'Notas de Debito', 'Notas de Debito', 0, 0, '2016-05-31', '2012-10-16'),
(308, 115, 1, 'admin', '2006-01-01', '2006-03-31', 'Facturas', 'Facturas Vehiculos por Concesionarios', 0, 0, '2016-03-31', '2012-10-16'),
(309, 116, 1, 'admin', '2007-02-01', '2007-04-30', 'Notas de Credito', 'Notas de Credito Vehiculos / Repuestos', 0, 0, '2017-04-30', '2012-10-17'),
(310, 117, 1, 'admin', '2006-10-01', '2006-11-30', 'Notas de Credito', 'Notas de Credito Vehiculos / Repuestos', 0, 0, '2016-11-30', '2012-10-17'),
(311, 118, 1, 'admin', '2007-01-01', '2007-07-31', 'Notas de Credito', 'Notas de Credito Vehiculos / Repuestos', 0, 0, '2017-07-31', '2012-10-17'),
(312, 119, 1, 'admin', '2006-07-01', '2006-07-31', 'Notas de Credito', 'Notas de Credito Repuestos / Vehiculos', 0, 0, '2016-07-31', '2012-10-17'),
(313, 119, 1, 'admin', '2007-01-01', '2007-12-31', 'Notas de Debito', 'Notas de Debito Repuestos / Vehiculos', 0, 0, '2017-12-31', '2012-10-17'),
(314, 119, 1, 'admin', '2006-08-01', '2006-12-31', 'Notas de Debito', 'Notas de Debito Repuestos / Vehiculos', 0, 0, '2016-12-31', '2012-10-17'),
(315, 119, 1, 'admin', '2006-06-01', '2006-08-31', 'Notas de Debito', 'Notas de Debito Repuestos / Vehiculos', 0, 0, '2016-08-31', '2012-10-17'),
(316, 120, 1, 'admin', '2006-02-01', '2006-04-30', 'Facturas', 'Facturas Vehiculos / Repuestos Control Fiscal', 13381, 14049, '2016-04-30', '2012-10-17'),
(317, 120, 1, 'admin', '2006-05-01', '2006-06-30', 'Facturas', 'Facturas Vehiculos / Repuestos Control Fiscal', 14050, 14690, '2016-06-30', '2012-10-17'),
(318, 120, 1, 'admin', '2006-09-01', '2006-11-30', 'Facturas', 'Facturas Vehiculos / Repuestos Control Fiscal', 14851, 15548, '2016-11-30', '2012-10-17'),
(319, 120, 1, 'admin', '2006-11-01', '2006-12-31', 'Facturas', 'Facturas Vehiculos / Repuestos Control Fiscal', 15549, 16280, '2016-12-31', '2012-10-17'),
(320, 121, 1, 'admin', '2006-11-01', '2006-11-30', 'Facturas', 'Facturas Control Fiscal Vehiculos', 19081, 19647, '2016-11-30', '2012-10-17'),
(321, 121, 1, 'admin', '2006-12-01', '2006-12-31', 'Facturas', 'Facturas Control Fiscal Vehiculos', 19648, 20101, '2016-12-31', '2012-10-17'),
(322, 121, 1, 'admin', '2006-12-01', '2006-12-31', 'Facturas', 'Facturas Control Fiscal Vehiculos', 20102, 20883, '2016-12-31', '2012-10-17'),
(323, 122, 1, 'admin', '2007-05-01', '2007-06-30', 'Notas de Credito', 'Notas de Credito Repuestos / Vehiculos', 7900, 8075, '2017-06-30', '2012-10-17'),
(324, 122, 1, 'admin', '2007-06-01', '2007-06-30', 'Notas de Credito', 'Notas de Credito Repuestos / Vehiculos', 7958, 8450, '2017-06-30', '2012-10-17'),
(325, 122, 1, 'admin', '2007-09-01', '2007-09-30', 'Notas de Credito', 'Notas de Credito Repuestos / Vehiculos', 9576, 9705, '2017-09-30', '2012-10-17'),
(326, 122, 1, 'admin', '2007-09-01', '2007-09-30', 'Notas de Credito', 'Notas de Credito Repuestos / Vehiculos', 9706, 9829, '2017-09-30', '2012-10-17'),
(327, 123, 1, 'admin', '2006-01-01', '2006-01-31', 'Notas de Credito', 'Notas de Credito Repuestos / Vehiculos', 4419, 4520, '2016-01-31', '2012-10-17'),
(328, 123, 1, 'admin', '2006-01-01', '2006-03-31', 'Notas de Credito', 'Notas de Credito Repuestos / Vehiculos', 4521, 4650, '2016-03-31', '2012-10-17'),
(329, 123, 1, 'admin', '2006-01-01', '2006-12-31', 'Facturas', 'Facturas Vehiculos por Concesionarios', 0, 0, '2016-12-31', '2012-10-17'),
(330, 124, 1, 'admin', '2005-10-01', '2005-10-31', 'Notas de Credito', 'Notas de Credito Repuestos / Vehiculos', 4079, 4160, '2015-10-31', '2012-10-17'),
(331, 124, 1, 'admin', '2005-10-01', '2005-11-30', 'Notas de Credito', 'Notas de Credito Repuestos / Vehiculos', 4162, 4240, '2015-11-30', '2012-10-17'),
(332, 124, 1, 'admin', '2005-11-01', '2005-11-30', 'Notas de Credito', 'Notas de Credito Repuestos / Vehiculos', 4241, 4317, '2015-11-30', '2012-10-17'),
(333, 124, 1, 'admin', '2005-11-01', '2005-12-31', 'Notas de Credito', 'Notas de Credito Repuestos / Vehiculos', 4318, 4431, '2015-12-31', '2012-10-17'),
(334, 125, 1, 'admin', '2005-01-01', '2005-04-30', 'Control Fiscal', 'Control Fiscal de Vehiculos', 11451, 12105, '2015-04-30', '2012-10-17'),
(335, 125, 1, 'admin', '2005-05-01', '2005-08-31', 'Control Fiscal', 'Control Fiscal de Vehiculos', 12106, 12704, '2015-08-31', '2012-10-17'),
(336, 125, 1, 'admin', '2005-08-01', '2005-12-31', 'Control Fiscal', 'Control Fiscal de Vehiculos', 12705, 13380, '2015-12-31', '2012-10-17'),
(337, 126, 1, 'admin', '2005-02-01', '2005-08-31', 'Notas de Debito', 'Notas de Debito Repuestos / Vehiculos', 1040, 1238, '2015-08-31', '2012-10-17'),
(338, 126, 1, 'admin', '2005-02-01', '2005-11-30', 'Notas de Debito', 'Notas de Debito Repuestos / Vehiculos', 1237, 1378, '2015-11-30', '2012-10-17'),
(339, 126, 1, 'admin', '2005-08-01', '2005-10-31', 'Notas de Debito', 'Notas de Debito Repuestos / Vehiculos', 1379, 1485, '2015-10-31', '2012-10-17'),
(340, 126, 1, 'admin', '2005-10-01', '2005-12-31', 'Notas de Debito', 'Notas de Debito Repuestos / Vehiculos', 1486, 1572, '2015-12-31', '2012-10-17'),
(341, 127, 1, 'admin', '2004-12-01', '2005-04-30', 'Control Fiscal', 'Control Fiscal Facturas de Repuestos', 9401, 10034, '2015-04-30', '2012-10-17'),
(342, 127, 1, 'admin', '2005-05-01', '2005-08-31', 'Control Fiscal', 'Control Fiscal Facturas de Repuestos', 10035, 10701, '2015-08-31', '2012-10-17'),
(343, 127, 1, 'admin', '2005-11-01', '2005-12-31', 'Control Fiscal', 'Control Fiscal Facturas de Repuestos', 11301, 11842, '2015-12-31', '2012-10-17'),
(344, 127, 1, 'admin', '2005-08-01', '2005-10-31', 'Control Fiscal', 'Control Fiscal Facturas de Repuestos', 10702, 11300, '2015-10-31', '2012-10-17'),
(345, 128, 1, 'admin', '2004-09-01', '2004-12-31', 'Control Fiscal', 'Control Fiscal Notas de Credito', 1004, 1174, '2014-12-31', '2012-10-17'),
(346, 128, 1, 'admin', '2004-01-01', '2004-12-31', 'Control Fiscal', 'Control Fiscal Notas de Credito', 1175, 1575, '2014-12-31', '2012-10-17'),
(347, 128, 1, 'admin', '2004-01-01', '2004-10-31', 'Control Fiscal', 'Control Fiscal Notas de Credito', 3412, 4130, '2014-10-31', '2012-10-17'),
(348, 128, 1, 'admin', '2004-11-01', '2004-12-31', 'Control Fiscal', 'Control Fiscal Notas de Credito', 4131, 4583, '2014-12-31', '2012-10-17'),
(349, 128, 1, 'admin', '2004-01-01', '2004-12-31', 'Notas Credito, Notas Debito', 'NC y ND Copia Rosada', 0, 0, '2014-12-31', '2012-10-17'),
(350, 129, 1, 'admin', '2005-01-01', '2005-03-31', 'Notas de Credito', 'Notas de Credito', 3219, 3564, '2015-03-31', '2012-10-17'),
(351, 129, 1, 'admin', '2005-01-01', '2005-12-31', 'Notas de Credito', 'Notas de Credito', 3407, 3447, '2015-12-31', '2012-10-17'),
(352, 129, 1, 'admin', '2005-03-01', '2005-05-31', 'Notas de Credito', 'Notas de Credito', 3567, 3656, '2015-05-31', '2012-10-17'),
(353, 129, 1, 'admin', '2005-05-01', '2005-06-30', 'Notas de Credito', 'Notas de Credito', 3657, 3744, '2015-06-30', '2012-10-17'),
(354, 130, 1, 'admin', '2004-05-01', '2004-07-31', 'Notas de Credito', 'Notas de Credito', 2905, 3041, '2014-07-31', '2012-10-17'),
(355, 130, 1, 'admin', '2004-07-01', '2004-09-30', 'Notas de Credito', 'Notas de Credito', 3051, 3162, '2014-09-30', '2012-10-17'),
(356, 130, 1, 'admin', '2004-09-01', '2004-11-30', 'Notas de Credito', 'Notas de Credito', 3164, 3304, '2014-11-30', '2012-10-17'),
(357, 130, 1, 'admin', '2012-10-17', '2012-10-17', 'Notas de Credito', 'Notas de Credito', 4434, 4583, '2022-10-17', '2012-10-17'),
(358, 131, 1, 'admin', '2004-01-01', '2006-12-31', 'Facturas', 'Facturas Repuestos Copia Cliente', 0, 0, '2016-12-31', '2012-10-17'),
(359, 132, 1, 'admin', '2001-01-01', '2001-12-31', 'Notas de Credito', 'Notas de Credito Vehiculos', 1, 823, '2011-12-31', '2012-10-17'),
(360, 132, 1, 'admin', '2000-09-01', '2000-09-30', 'Facturas', 'Facturas Control Fiscal', 371, 539, '2010-09-30', '2012-10-17'),
(361, 132, 1, 'admin', '2001-10-01', '2001-12-31', 'Facturas', 'Facturas Control Fiscal', 1, 654, '2011-12-31', '2012-10-17'),
(362, 132, 1, 'admin', '2000-01-01', '2001-12-31', 'Documentos', 'Documentos Concesionarios', 0, 0, '2011-12-31', '2012-10-17'),
(363, 132, 1, 'admin', '2001-01-01', '2001-12-31', 'Documentos', 'Documentos Concesionarios', 0, 0, '2011-12-31', '2012-10-17'),
(364, 132, 1, 'admin', '2000-01-01', '2001-12-31', 'Facturas', 'Facturas por Cobrar', 0, 0, '2011-12-31', '2012-10-17');
INSERT INTO `carpeta` (`idCarpeta`, `idCaja`, `idTipoCarpeta`, `idUsuario`, `Fecha_Ini`, `Fecha_Fin`, `Serie`, `Subserie`, `nSerieInf`, `nSerieSup`, `FechaMaxRet`, `Fecha_Creacion`) VALUES
(365, 132, 1, 'admin', '2001-01-01', '2001-02-28', 'Facturas', 'Facturas por Cobrar', 0, 0, '2011-02-28', '2012-10-17'),
(366, 132, 1, 'admin', '2000-07-01', '2000-07-31', 'Facturas', 'Facturas por Cobrar', 0, 0, '2010-07-31', '2012-10-17'),
(367, 133, 1, 'admin', '2003-12-01', '2003-12-31', 'Notas de Credito y Debito', 'Notas de Credito y Debito Control Fiscal', 658, 842, '2013-12-31', '2012-10-17'),
(368, 133, 1, 'admin', '2004-01-01', '2004-07-31', 'Notas de Credito y Debito', 'Notas de Credito y Debito Control Fiscal', 843, 1065, '2014-07-31', '2012-10-17'),
(369, 133, 1, 'admin', '2004-11-01', '2004-12-31', 'Notas de Credito', 'Notas de Credito', 3310, 3406, '2014-12-31', '2012-10-17'),
(370, 133, 1, 'admin', '2003-12-01', '2003-12-31', 'Notas de Credito', 'Notas de Credito Control Fiscal', 2253, 2668, '2013-12-31', '2012-10-17'),
(371, 133, 1, 'admin', '2004-01-01', '2004-06-30', 'Notas de Credito', 'Notas de Credito Control Fiscal', 2269, 2952, '2014-06-30', '2012-10-17'),
(372, 133, 1, 'admin', '2004-07-01', '2004-12-31', 'Notas de Credito', 'Notas de Credito Control Fiscal', 2953, 3411, '2014-12-31', '2012-10-17'),
(373, 133, 1, 'admin', '2006-03-01', '2006-04-30', 'Control Fiscal', 'Control Fiscal Rep-Veh', 4584, 5155, '2016-04-30', '2012-10-17'),
(374, 133, 1, 'admin', '2006-05-01', '2006-08-31', 'Control Fiscal', 'Control Fiscal Rep-Veh', 5166, 5799, '2016-08-31', '2012-10-17'),
(375, 133, 1, 'admin', '2006-07-01', '2006-08-31', 'Control Fiscal', 'Control Fiscal Rep-Veh', 5444, 5578, '2016-08-31', '2012-10-17'),
(376, 133, 1, 'admin', '2006-08-01', '2006-09-30', 'Control Fiscal', 'Control Fiscal Rep-Veh', 5800, 6400, '2016-09-30', '2012-10-17'),
(377, 134, 1, 'admin', '2003-11-01', '2003-12-31', 'Facturas', 'Facturas Control Fiscal de Repuestos', 5266, 7021, '2013-12-31', '2012-10-17'),
(378, 134, 1, 'admin', '2004-01-01', '2004-02-28', 'Facturas', 'Facturas Control Fiscal de Repuestos', 7022, 7476, '2014-02-28', '2012-10-17'),
(379, 134, 1, 'admin', '2004-04-01', '2004-06-30', 'Facturas', 'Facturas Control Fiscal de Repuestos', 7477, 8000, '2014-06-30', '2012-10-17'),
(380, 134, 1, 'admin', '2004-07-01', '2004-08-31', 'Facturas', 'Facturas Control Fiscal de Repuestos', 8001, 8680, '2014-08-31', '2012-10-17'),
(381, 134, 1, 'admin', '2004-09-01', '2004-12-31', 'Facturas', 'Facturas Control Fiscal de Repuestos', 8682, 9399, '2014-12-31', '2012-10-17'),
(382, 135, 1, 'admin', '2003-11-01', '2003-12-31', 'Facturas', 'Facturas Control Fiscal de Vehiculos', 9428, 10324, '2013-12-31', '2012-10-17'),
(383, 135, 1, 'admin', '2004-01-01', '2004-03-31', 'Facturas', 'Facturas Control Fiscal de Vehiculos', 10325, 10500, '2014-03-31', '2012-10-17'),
(384, 135, 1, 'admin', '2004-03-01', '2004-08-31', 'Facturas', 'Facturas Control Fiscal de Vehiculos', 10501, 10950, '2014-08-31', '2012-10-17'),
(385, 135, 1, 'admin', '2004-08-01', '2004-12-31', 'Facturas', 'Facturas Control Fiscal de Vehiculos', 10951, 11450, '2014-12-31', '2012-10-17'),
(386, 136, 1, 'admin', '2003-07-01', '2003-07-31', 'Notas de Credito y Debito', 'Notas de Credito y Debito', 561, 684, '2013-07-31', '2012-10-17'),
(387, 136, 1, 'admin', '2003-09-01', '2003-12-31', 'Notas de Credito y Debito', 'Notas de Credito y Debito', 704, 842, '2013-12-31', '2012-10-17'),
(388, 136, 1, 'admin', '2004-01-01', '2004-10-31', 'Notas de Credito y Debito', 'Notas de Credito y Debito', 843, 1106, '2014-10-31', '2012-10-17'),
(389, 136, 1, 'admin', '2004-04-01', '2004-05-31', 'Notas de Credito y Debito', 'Notas de Credito y Debito', 2771, 2903, '2014-05-31', '2012-10-17'),
(390, 137, 1, 'admin', '2003-01-01', '2003-06-30', 'Control Fiscal', 'Control Fiscal de Vehiculos / Repuestos', 4551, 5368, '2013-06-30', '2012-10-17'),
(391, 137, 1, 'admin', '2003-07-01', '2003-08-31', 'Control Fiscal', 'Control Fiscal de Vehiculos / Repuestos', 5359, 6094, '2013-08-31', '2012-10-17'),
(392, 137, 1, 'admin', '2003-09-01', '2003-11-30', 'Control Fiscal', 'Control Fiscal de Vehiculos / Repuestos', 6096, 6893, '2013-11-30', '2012-10-17'),
(393, 137, 1, 'admin', '2002-11-01', '2002-12-31', 'Control Fiscal', 'Control Fiscal de Vehiculos / Repuestos', 9313, 9478, '2012-12-31', '2012-10-17'),
(394, 137, 1, 'admin', '2003-01-01', '2003-06-30', 'Control Fiscal', 'Control Fiscal de Vehiculos / Repuestos', 9479, 9892, '2013-06-30', '2012-10-17'),
(395, 138, 1, 'admin', '2003-05-01', '2003-06-30', 'Notas de Credito', 'Notas de Credito', 2053, 2169, '2013-06-30', '2012-10-17'),
(396, 138, 1, 'admin', '2003-06-01', '2003-07-31', 'Notas de Credito', 'Notas de Credito', 2170, 2253, '2013-07-31', '2012-10-17'),
(397, 138, 1, 'admin', '2003-07-01', '2003-08-31', 'Notas de Credito', 'Notas de Credito', 2254, 2343, '2013-08-31', '2012-10-17'),
(398, 139, 1, 'admin', '2003-01-01', '2003-01-31', 'Notas de Credito', 'Notas de Credito', 1776, 1778, '2013-01-31', '2012-10-17'),
(399, 139, 1, 'admin', '2003-01-01', '2003-05-31', 'Notas de Credito', 'Notas de Credito', 1779, 2059, '2013-05-31', '2012-10-17'),
(400, 139, 1, 'admin', '2003-03-01', '2003-06-30', 'Notas de Credito', 'Notas de Credito', 1928, 2052, '2013-06-30', '2012-10-17'),
(401, 139, 1, 'admin', '2003-08-01', '2003-10-31', 'Notas de Credito', 'Notas de Credito', 2344, 2482, '2013-10-31', '2012-10-17'),
(402, 140, 1, 'admin', '2002-01-01', '2002-02-28', 'Facturas', 'Facturas Control Fiscal de Repuestos', 655, 1097, '2012-02-28', '2012-10-17'),
(403, 140, 1, 'admin', '2002-03-01', '2002-04-30', 'Facturas', 'Facturas Control Fiscal de Repuestos', 1098, 1543, '2012-04-30', '2012-10-17'),
(404, 140, 1, 'admin', '2002-05-01', '2002-06-30', 'Facturas', 'Facturas Control Fiscal de Repuestos', 1544, 2210, '2012-06-30', '2012-10-17'),
(405, 140, 1, 'admin', '2002-07-01', '2002-07-31', 'Facturas', 'Facturas Control Fiscal de Repuestos', 2211, 2767, '2012-07-31', '2012-10-17'),
(406, 140, 1, 'admin', '2002-08-01', '2002-08-31', 'Facturas', 'Facturas Control Fiscal de Repuestos', 2768, 3306, '2012-08-31', '2012-10-17'),
(407, 140, 1, 'admin', '2002-09-01', '2002-09-30', 'Facturas', 'Facturas Control Fiscal de Repuestos', 3307, 3730, '2012-09-30', '2012-10-17'),
(408, 141, 1, 'admin', '2003-10-01', '2003-12-31', 'Facturas', 'Facturas de Repuestos', 3731, 4550, '2013-12-31', '2012-10-17'),
(409, 141, 1, 'admin', '2003-01-01', '2003-04-30', 'Facturas', 'Facturas de Repuestos', 4551, 5118, '2013-04-30', '2012-10-17'),
(410, 141, 1, 'admin', '2003-05-01', '2003-07-31', 'Facturas', 'Facturas de Repuestos', 5119, 5861, '2013-07-31', '2012-10-17'),
(411, 141, 1, 'admin', '2003-08-01', '2003-10-31', 'Facturas', 'Facturas de Repuestos', 5862, 6625, '2013-10-31', '2012-10-17'),
(412, 142, 1, 'admin', '2002-03-01', '2002-10-31', 'Notas de Credito y Debito', 'Notas de Credito y Debito', 351, 529, '2012-10-31', '2012-10-17'),
(413, 142, 1, 'admin', '2002-10-01', '2002-12-31', 'Notas de Credito y Debito', 'Notas de Credito y Debito', 532, 560, '2012-12-31', '2012-10-17'),
(414, 142, 1, 'admin', '2002-11-01', '2002-11-30', 'Notas de Credito y Debito', 'Notas de Credito y Debito', 546, 548, '2012-11-30', '2012-10-17'),
(415, 142, 1, 'admin', '2002-03-01', '2002-05-31', 'Notas de Credito y Debito', 'Notas de Credito y Debito', 974, 1093, '2012-05-31', '2012-10-17'),
(416, 142, 1, 'admin', '2002-05-01', '2002-06-30', 'Notas de Credito y Debito', 'Notas de Credito y Debito', 1094, 1178, '2012-06-30', '2012-10-17'),
(417, 142, 1, 'admin', '2002-06-01', '2002-07-31', 'Notas de Credito y Debito', 'Notas de Credito y Debito', 1179, 1297, '2012-07-31', '2012-10-17'),
(418, 143, 1, 'admin', '2002-11-01', '2002-12-31', 'Facturas', 'Facturas Repuestos', 1678, 1773, '2012-12-31', '2012-10-17'),
(419, 143, 1, 'admin', '2002-08-01', '2002-09-30', 'Facturas', 'Facturas Repuestos', 3165, 3730, '2012-09-30', '2012-10-17'),
(420, 143, 1, 'admin', '2003-11-01', '2003-12-31', 'Facturas', 'Facturas Repuestos', 6626, 7020, '2013-12-31', '2012-10-17'),
(421, 144, 1, 'admin', '2001-01-01', '2003-12-31', 'Facturas', 'Facturas Repuestos / Vehiculos por Concesionarios AKI Motors Automotriz MABER Dist. Tachira Caracas ', 0, 0, '2013-12-31', '2012-10-17'),
(422, 145, 1, 'admin', '2001-01-01', '2003-12-31', 'Facturas', 'Facturas Repuestos / Vehiculos por Concesionarios Shuma Motors Autokia Bell Motors', 0, 0, '2013-12-31', '2012-10-17'),
(423, 145, 1, 'admin', '2001-01-01', '2003-12-31', 'Facturas', 'Facturas Repuestos / Vehiculos por Concesionarios Shuma Motors Autokia Bell Motors', 0, 0, '2013-12-31', '2012-10-17'),
(424, 146, 1, 'admin', '2001-01-01', '2003-12-31', 'Facturas', 'Facturas Repuestos / Vehiculos por Concesionarios Yuyi Motors Sumy Motors Central Kia Tauro Motors', 0, 0, '2013-12-31', '2012-10-17'),
(425, 147, 1, 'admin', '2001-01-01', '2003-12-31', 'Facturas', 'Facturas Repuestos / Vehiculos por Concesionarios Zulauto Concesionarios Varios', 0, 0, '2013-12-31', '2012-10-17'),
(426, 148, 1, 'admin', '2001-01-01', '2001-03-31', 'Notas de Credito', 'Notas de Credito', 1, 170, '2011-03-31', '2012-10-17'),
(427, 148, 1, 'admin', '2001-03-01', '2001-04-30', 'Notas de Credito', 'Notas de Credito', 171, 312, '2011-04-30', '2012-10-17'),
(428, 148, 1, 'admin', '2001-05-01', '2001-07-31', 'Notas de Credito', 'Notas de Credito', 342, 447, '2011-07-31', '2012-10-17'),
(429, 148, 1, 'admin', '2001-07-01', '2001-08-31', 'Notas de Credito', 'Notas de Credito', 448, 600, '2011-08-31', '2012-10-17'),
(430, 149, 1, 'admin', '2001-02-01', '2001-02-28', 'Control Fiscal', 'Control Fiscal Vehiculos / Repuestos', 1851, 2186, '2011-02-28', '2012-10-17'),
(431, 149, 1, 'admin', '2001-03-01', '2001-03-31', 'Control Fiscal', 'Control Fiscal Vehiculos / Repuestos', 2187, 2689, '2011-03-31', '2012-10-17'),
(432, 149, 1, 'admin', '2001-04-01', '2001-04-30', 'Control Fiscal', 'Control Fiscal Vehiculos / Repuestos', 2691, 3151, '2011-04-30', '2012-10-17'),
(433, 149, 1, 'admin', '2001-05-01', '2001-05-31', 'Control Fiscal', 'Control Fiscal Vehiculos / Repuestos', 3152, 3690, '2011-05-31', '2012-10-17'),
(434, 149, 1, 'admin', '2001-06-01', '2001-06-30', 'Control Fiscal', 'Control Fiscal Vehiculos / Repuestos', 3226, 4171, '2011-06-30', '2012-10-17'),
(435, 149, 1, 'admin', '2001-07-01', '2001-07-31', 'Control Fiscal', 'Control Fiscal Vehiculos / Repuestos', 4172, 4573, '2011-07-31', '2012-10-17'),
(436, 149, 1, 'admin', '2001-08-01', '2001-08-31', 'Control Fiscal', 'Control Fiscal Vehiculos / Repuestos', 4574, 4847, '2011-08-31', '2012-10-17'),
(437, 149, 1, 'admin', '2001-08-01', '2001-08-31', 'Control Fiscal', 'Control Fiscal Vehiculos / Repuestos', 4848, 5040, '2011-08-31', '2012-10-17'),
(438, 149, 1, 'admin', '2001-09-01', '2001-09-30', 'Control Fiscal', 'Control Fiscal Vehiculos / Repuestos', 5041, 5500, '2011-09-30', '2012-10-17'),
(439, 149, 1, 'admin', '2001-09-01', '2001-10-31', 'Control Fiscal', 'Control Fiscal Vehiculos / Repuestos', 5109, 5502, '2011-10-31', '2012-10-17'),
(440, 149, 1, 'admin', '2001-10-01', '2001-10-31', 'Control Fiscal', 'Control Fiscal Vehiculos / Repuestos', 5710, 5962, '2011-10-31', '2012-10-17'),
(441, 150, 1, 'admin', '2001-11-01', '2001-11-30', 'Control Fiscal', 'Control Fiscal Vehiculos / Repuestos', 5964, 6099, '2011-11-30', '2012-10-17'),
(442, 150, 1, 'admin', '2001-11-01', '2001-12-31', 'Control Fiscal', 'Control Fiscal Vehiculos / Repuestos', 5963, 6589, '2011-12-31', '2012-10-17'),
(443, 150, 1, 'admin', '2001-12-01', '2001-12-31', 'Control Fiscal', 'Control Fiscal Vehiculos / Repuestos', 6590, 6821, '2011-12-31', '2012-10-17'),
(444, 150, 1, 'admin', '2000-07-01', '2000-07-31', 'Control Fiscal', 'Control Fiscal Vehiculos / Repuestos', 1, 141, '2010-07-31', '2012-10-17'),
(445, 150, 1, 'admin', '2000-08-01', '2000-08-31', 'Control Fiscal', 'Control Fiscal Vehiculos / Repuestos', 142, 370, '2010-08-31', '2012-10-17'),
(446, 150, 1, 'admin', '2000-10-01', '2000-10-31', 'Control Fiscal', 'Control Fiscal Vehiculos / Repuestos', 540, 769, '2010-10-31', '2012-10-17'),
(447, 150, 1, 'admin', '2000-12-01', '2000-12-31', 'Control Fiscal', 'Control Fiscal Vehiculos / Repuestos', 1139, 1468, '2010-12-31', '2012-10-17'),
(448, 151, 1, 'admin', '2009-01-01', '2010-12-31', 'Facturas', 'Facturas de Repuestos Originales', 0, 0, '2020-12-31', '2012-10-17'),
(449, 152, 1, 'admin', '2008-01-01', '2008-12-31', 'Facturas', 'Facturas de Repuestos Originales', 0, 0, '2018-12-31', '2012-10-17'),
(450, 153, 1, 'admin', '2002-08-01', '2002-09-30', 'Notas de Credito', 'Notas de Credito', 1424, 1575, '2012-09-30', '2012-10-17'),
(451, 153, 1, 'admin', '2003-10-01', '2003-11-30', 'Notas de Credito', 'Notas de Credito', 2483, 2589, '2013-11-30', '2012-10-17'),
(452, 153, 1, 'admin', '2003-12-01', '2003-12-31', 'Notas de Credito', 'Notas de Credito', 2590, 2668, '2013-12-31', '2012-10-17'),
(453, 153, 1, 'admin', '2004-01-01', '2004-01-31', 'Notas de Credito', 'Notas de Credito', 2669, 2687, '2014-01-31', '2012-10-17'),
(454, 153, 1, 'admin', '2004-01-01', '2004-02-28', 'Notas de Credito', 'Notas de Credito', 2688, 2770, '2014-02-28', '2012-10-17'),
(455, 154, 1, 'admin', '2006-06-01', '2006-06-30', 'Control Fiscal', 'Control Fiscal Facturas Vehiculos', 14691, 15260, '2016-06-30', '2012-10-17'),
(456, 154, 1, 'admin', '2006-06-01', '2006-07-31', 'Control Fiscal', 'Control Fiscal Facturas Vehiculos', 15261, 15830, '2016-07-31', '2012-10-17'),
(457, 154, 1, 'admin', '2006-07-01', '2006-08-31', 'Control Fiscal', 'Control Fiscal Facturas Vehiculos', 15831, 16425, '2016-08-31', '2012-10-17'),
(458, 154, 1, 'admin', '2006-10-01', '2006-11-30', 'Control Fiscal', 'Control Fiscal Facturas Vehiculos', 17778, 18467, '2016-11-30', '2012-10-17'),
(459, 155, 1, 'admin', '2002-01-01', '2002-01-31', 'Control Fiscal', 'Control Fiscal Vehiculos', 6822, 7387, '2012-01-31', '2012-10-17'),
(460, 155, 1, 'admin', '2002-02-01', '2002-03-31', 'Control Fiscal', 'Control Fiscal Vehiculos', 7388, 8021, '2012-03-31', '2012-10-17'),
(461, 155, 1, 'admin', '2002-04-01', '2002-05-31', 'Control Fiscal', 'Control Fiscal Vehiculos', 8022, 8275, '2012-05-31', '2012-10-17'),
(462, 155, 1, 'admin', '2002-06-01', '2002-07-31', 'Control Fiscal', 'Control Fiscal Vehiculos', 8276, 8595, '2012-07-31', '2012-10-17'),
(463, 155, 1, 'admin', '2002-06-01', '2002-07-31', 'Control Fiscal', 'Control Fiscal Vehiculos', 8596, 8785, '2012-07-31', '2012-10-17'),
(464, 155, 1, 'admin', '2002-08-01', '2002-08-31', 'Control Fiscal', 'Control Fiscal Vehiculos', 8786, 8962, '2012-08-31', '2012-10-17'),
(465, 156, 1, 'admin', '2002-10-17', '2002-10-17', 'CxP', 'CxP - revisar esta caja y actualizar data', 0, 0, '2012-10-17', '2012-10-17'),
(466, 157, 1, 'admin', '2002-10-17', '2002-10-17', 'Solicitudes Cheques ABL', 'Solicitudes Cheques ABL - Actualizar data de esta carpeta y caja', 0, 0, '2012-10-17', '2012-10-17'),
(467, 158, 1, 'admin', '2005-01-01', '2005-12-31', 'Control de Asistencia', 'Control de Asistencia', 0, 0, '2015-12-31', '2012-10-17'),
(468, 159, 1, 'admin', '2000-01-01', '2000-12-31', 'Egresados 2000', 'Egresados 2000', 0, 0, '2010-12-31', '2012-10-17'),
(469, 159, 1, 'admin', '2000-01-01', '2000-01-31', 'Nomina Diaria y Confidencial', 'Nomina Diaria y Confidencial', 0, 0, '2010-01-31', '2012-10-17'),
(470, 160, 1, 'admin', '2009-01-01', '2009-12-31', 'Control de Asistencia', 'Control de Asistencia', 0, 0, '2019-12-31', '2012-10-17'),
(471, 161, 1, 'admin', '2005-01-01', '2005-05-31', 'Pases Muelle Guia Carretera', 'Pases Muelle Guia Carretera', 0, 0, '2015-05-31', '2012-10-17'),
(472, 162, 1, 'admin', '2010-01-01', '2010-12-31', 'Control de Asistencia', 'Control de Asistencia KiA / MUVECA / ECASA / CERAMICAS', 0, 0, '2020-12-31', '2012-10-17'),
(473, 163, 1, 'admin', '2007-01-01', '2008-12-31', 'Control de Asistencia', 'Control de Asistencia', 0, 0, '2018-12-31', '2012-10-17'),
(474, 163, 1, 'admin', '2007-01-01', '2007-12-31', 'Cartas AVALES', 'Cartas AVALES', 0, 0, '2017-12-31', '2012-10-17'),
(475, 164, 1, 'admin', '2009-01-01', '2009-12-31', 'Por definir', 'Recursos Humanos - requiere actualizar contenido de esta carpeta y caja', 0, 0, '2019-12-31', '2012-10-17'),
(476, 165, 1, 'admin', '2009-01-01', '2009-12-31', 'Control de Asistencia', 'Control de Asistencia', 0, 0, '2019-12-31', '2012-10-17'),
(477, 166, 1, 'admin', '2004-01-01', '2004-12-31', 'Vacaciones 2004 Nominas', 'Vacaciones 2004 Nominas', 0, 0, '2014-12-31', '2012-10-17'),
(478, 167, 1, 'admin', '2003-01-01', '2003-12-31', 'Nomina', 'Nomina Diaria Recibos MOVILNET', 0, 0, '2013-12-31', '2012-10-17'),
(479, 167, 1, 'admin', '2003-01-01', '2003-12-31', 'Ahorro Vital SODEXO', 'Ahorro Vital SODEXO', 0, 0, '2013-12-31', '2012-10-17'),
(480, 168, 1, 'admin', '2002-01-01', '2002-12-31', 'Nomina', 'Nomina Impuesto Cesta Tickets', 0, 0, '2012-12-31', '2012-10-17'),
(481, 168, 1, 'admin', '2002-01-01', '2002-12-31', 'Nomina ', 'Siquel Nomina BAVARIAN Horas Extra', 0, 0, '2012-12-31', '2012-10-17'),
(482, 169, 1, 'admin', '2003-01-01', '2004-12-31', 'Retirados', 'Retirados', 0, 0, '2014-12-31', '2012-10-17'),
(483, 169, 1, 'admin', '2005-01-01', '2005-12-31', 'Horas Extra', 'Horas Extra', 0, 0, '2015-12-31', '2012-10-17'),
(484, 170, 1, 'admin', '2002-01-01', '2002-12-24', 'Egresados Caja 1', 'Egresados Caja 1 - Requiere actualizacion', 0, 0, '2012-12-24', '2012-10-17'),
(485, 171, 1, 'admin', '2002-01-01', '2002-12-31', 'Egresados Caja 2', 'Egresados Caja 2 - Requiere actualizacion', 0, 0, '2012-12-31', '2012-10-17'),
(486, 172, 1, 'admin', '2002-01-01', '2002-12-31', 'Egresados Caja 3', 'Egresados Caja 3 - Requiere actualizacion', 0, 0, '2012-12-31', '2012-10-17'),
(487, 173, 1, 'admin', '2005-01-01', '2005-12-31', 'Nomina', 'Nomina Confidencial Mensual Diaria Impuesto ', 0, 0, '2015-12-31', '2012-10-17'),
(488, 174, 1, 'admin', '2006-01-01', '2006-12-31', 'Egresados', 'Egresados 2006', 0, 0, '2016-12-31', '2012-10-17'),
(489, 175, 1, 'admin', '2006-01-01', '2006-12-31', 'Documentos legales', 'Documentos legales Serv. Generales Flota', 0, 0, '2016-12-31', '2012-10-17'),
(490, 176, 1, 'admin', '2006-01-01', '2007-12-31', 'Egresados', 'Egresados', 0, 0, '2017-12-31', '2012-10-17'),
(491, 176, 1, 'admin', '2006-01-01', '2006-12-31', 'Cesta Tickets', 'Cesta Tickets', 0, 0, '2016-12-31', '2012-10-17'),
(492, 177, 1, 'admin', '2007-01-01', '2007-12-31', 'Pagos e Impuestos', 'FUNDAMETAL Pagos e Impuestos', 0, 0, '2017-12-31', '2012-10-17'),
(493, 177, 1, 'admin', '2007-01-01', '2007-12-31', 'Entrenamiento', 'Entrenamiento', 0, 0, '2017-12-31', '2012-10-17'),
(494, 178, 1, 'admin', '2009-01-01', '2010-12-31', 'HCM', 'HCM', 0, 0, '2020-12-31', '2012-10-17'),
(495, 178, 1, 'admin', '2006-01-01', '2007-12-31', 'Vida y Accidentes', 'Vida y Accidentes', 0, 0, '2017-12-31', '2012-10-17'),
(496, 178, 1, 'admin', '2006-01-01', '2007-12-31', 'Seres Previsivos', 'Seres Previsivos', 0, 0, '2017-12-31', '2012-10-17'),
(497, 178, 1, 'admin', '2008-01-01', '2009-12-31', 'Requisiciones de Personal HCM', 'Requisiciones de Personal HCM', 0, 0, '2019-12-31', '2012-10-17'),
(498, 179, 1, 'admin', '2006-01-01', '2007-12-31', 'Impuesto', 'Impuesto', 0, 0, '2017-12-31', '2012-10-17'),
(499, 179, 1, 'admin', '2008-01-01', '2009-12-31', 'Cesta Tickets', 'Cesta Tickets', 0, 0, '2019-12-31', '2012-10-17'),
(500, 179, 1, 'admin', '2009-01-01', '2009-12-31', 'Transporte Lorenzo', 'Transporte Lorenzo', 0, 0, '2019-12-31', '2012-10-17'),
(501, 179, 1, 'admin', '2007-01-01', '2008-12-31', 'Guarderia', 'Guarderia', 0, 0, '2018-12-31', '2012-10-17'),
(502, 180, 1, 'admin', '2007-01-01', '2007-12-31', 'Nomina', 'Nomina', 0, 0, '2017-12-31', '2012-10-17'),
(503, 180, 1, 'admin', '2001-01-01', '2007-12-31', 'Utilidades', 'Utilidades', 0, 0, '2017-12-31', '2012-10-17'),
(504, 180, 1, 'admin', '2007-01-01', '2007-12-31', 'Nomina', 'Nomina Mensual MUVECA', 0, 0, '2017-12-31', '2012-10-17'),
(505, 180, 1, 'admin', '2007-01-01', '2008-12-31', 'Bonificacion', 'Bonificacion', 0, 0, '2018-12-31', '2012-10-17'),
(506, 181, 1, 'admin', '2008-01-01', '2008-12-31', 'Nomina Mensual ', 'Nomina Mensual ', 0, 0, '2018-12-31', '2012-10-17'),
(507, 181, 1, 'admin', '2008-01-01', '2008-12-31', 'Pasivo Maximo', 'Pasivo Maximo', 0, 0, '2018-12-31', '2012-10-17'),
(508, 182, 1, 'admin', '2008-01-01', '2008-12-31', 'Horas Extra', 'Horas Extra', 0, 0, '2018-12-31', '2012-10-17'),
(509, 182, 1, 'admin', '2008-01-01', '2008-12-31', 'Plan de Entrenamiento', 'Plan de Entrenamiento', 0, 0, '2018-12-31', '2012-10-17'),
(510, 182, 1, 'admin', '2000-01-01', '2008-12-31', 'Control de Asistencia', 'Control de Asistencia', 0, 0, '2018-12-31', '2012-10-17'),
(511, 183, 1, 'admin', '2006-01-01', '2006-12-31', 'Control de Asistencia', 'Control de Asistencia', 0, 0, '2016-12-31', '2012-10-17'),
(512, 183, 1, 'admin', '2006-01-01', '2006-12-31', 'Archivo de elegibles', 'Archivo de elegibles', 0, 0, '2016-12-31', '2012-10-17'),
(513, 183, 1, 'admin', '2006-01-01', '2006-12-31', 'INPSASEL', 'INPSASEL', 0, 0, '2016-12-31', '2012-10-17'),
(514, 183, 1, 'admin', '2006-01-01', '2006-12-31', 'MOVILNET', 'MOVILNET', 0, 0, '2016-12-31', '2012-10-17'),
(515, 184, 1, 'admin', '2008-01-01', '2008-12-31', 'Nomina', 'Nomina Diaria y Confidencial', 0, 0, '2018-12-31', '2012-10-17'),
(516, 185, 1, 'admin', '2001-01-01', '2001-12-31', 'Cheques Provincial', 'Cheques Provincial', 0, 0, '2011-12-31', '2012-10-17'),
(517, 186, 1, 'admin', '2002-01-01', '2002-12-31', 'KIA', 'KIA - requiere actualizacion', 0, 0, '2012-12-31', '2012-10-17'),
(518, 187, 1, 'admin', '2006-01-01', '2007-12-31', 'Horas extra Vacaciones', 'Horas extra Vacaciones', 0, 0, '2017-12-31', '2012-10-17'),
(519, 187, 1, 'admin', '2006-01-01', '2006-12-31', 'Egresados', 'Egresados', 0, 0, '2016-12-31', '2012-10-17'),
(520, 188, 1, 'admin', '2005-01-01', '2007-12-31', 'Descripcion de cargos', 'Descripcion de cargos Incremento Compensaciones Manuales Nomina', 0, 0, '2017-12-31', '2012-10-17'),
(521, 189, 1, 'admin', '2008-01-01', '2008-12-31', 'Egresados', 'Egresados', 0, 0, '2018-12-31', '2012-10-17'),
(522, 190, 1, 'admin', '2005-01-01', '2005-12-31', 'HCM', 'HCM', 0, 0, '2015-12-31', '2012-10-17'),
(523, 191, 1, 'admin', '2005-01-01', '2007-12-31', 'HCM Horas extra, Cesta Tickets', 'HCM Horas extra 2005-2006 Cesta Tickets 2007', 0, 0, '2017-12-31', '2012-10-17'),
(524, 192, 1, 'admin', '2004-01-01', '2004-12-31', 'Nomina', 'Nomina SODEXO', 0, 0, '2014-12-31', '2012-10-17'),
(525, 193, 1, 'admin', '2007-01-01', '2007-12-31', 'Reporte Personal Activo', 'Reporte Personal Activo', 0, 0, '2017-12-31', '2012-10-17'),
(526, 193, 1, 'admin', '2008-01-01', '2008-12-31', 'Plan Administrativo', 'Plan Administrativo', 0, 0, '2018-12-31', '2012-10-17'),
(527, 193, 1, 'admin', '2007-01-01', '2007-12-31', 'Evaluaciones', 'Evaluaciones', 0, 0, '2017-12-31', '2012-10-17'),
(528, 193, 1, 'admin', '2005-01-01', '2005-12-31', 'Descripci', 'Descripci', 0, 0, '2015-12-31', '2012-10-17'),
(529, 193, 1, 'admin', '2006-01-01', '2006-12-31', 'Jurisprudencia', 'Jurisprudencia', 0, 0, '2016-12-31', '2012-10-17'),
(530, 194, 1, 'admin', '2007-01-01', '2007-12-31', 'Nomina', 'Nomina Mensual y Diaria', 0, 0, '2017-12-31', '2012-10-17'),
(531, 195, 1, 'admin', '2008-01-01', '2008-12-31', 'Reporte Personal Activo', 'Reporte Personal Activo', 0, 0, '2018-12-31', '2012-10-17'),
(532, 195, 1, 'admin', '2008-01-01', '2008-12-31', 'Control de Entradas y Salidas ', 'Control de Entradas y Salidas - Caracas', 0, 0, '2018-12-31', '2012-10-17'),
(533, 195, 1, 'admin', '2008-01-01', '2008-10-31', 'Asistencia', 'Asistencia Mariara', 0, 0, '2018-10-31', '2012-10-17'),
(534, 195, 1, 'admin', '2008-01-01', '2008-12-31', 'MOVILNET', 'MOVILNET', 0, 0, '2018-12-31', '2012-10-17'),
(535, 195, 1, 'admin', '2008-01-01', '2008-12-31', 'Solicitud de Anticipo', 'Solicitud de Anticipo', 0, 0, '2018-12-31', '2012-10-17'),
(536, 196, 1, 'admin', '2008-01-01', '2008-12-31', 'Nomina - Recibos', 'Nomina Diaria - Recibos de Pago', 0, 0, '2018-12-31', '2012-10-17'),
(537, 197, 1, 'admin', '2005-01-01', '2007-12-31', 'Nomina', 'Nomina Confidencial, Mensual y Diaria', 0, 0, '2017-12-31', '2012-10-17'),
(538, 198, 1, 'admin', '2009-01-01', '2009-12-31', 'Nomina - Utilidades', 'Nomina Diaria - Utilidades', 0, 0, '2019-12-31', '2012-10-17'),
(539, 199, 1, 'admin', '2002-01-01', '2002-12-31', 'Certificado de Origen', 'Certificado de Origen Caja Nro 6', 0, 0, '2012-12-31', '2012-10-17'),
(540, 200, 1, 'admin', '2002-01-01', '2002-12-31', 'Certificado de Origen', 'Certificado de Origen Caja Nro 7', 0, 0, '2012-12-31', '2012-10-17'),
(541, 201, 1, 'admin', '2001-01-01', '2001-12-31', 'Certificado de Origen', 'Certificado de Origen Caja Nro 3', 0, 0, '2011-12-31', '2012-10-17'),
(542, 202, 1, 'admin', '2004-01-01', '2004-12-31', 'Certificado de Origen Caja Nro', 'Certificado de Origen Caja Nro 10', 0, 0, '2014-12-31', '2012-10-17'),
(543, 202, 1, 'admin', '2005-01-01', '2005-12-31', 'Notas de Credito', 'Notas de Credito', 3961, 4320, '2015-12-31', '2012-10-17'),
(544, 203, 1, 'admin', '2001-01-01', '2002-12-31', 'Nominas', 'Nominas Evaluaci', 0, 0, '2012-12-31', '2012-10-17'),
(545, 204, 1, 'admin', '2001-01-01', '2002-12-31', 'Nominas', 'Nominas', 0, 0, '2012-12-31', '2012-10-17'),
(546, 205, 1, 'admin', '2001-01-01', '2001-12-31', 'Nominas', 'Nominas Horas Extra KIA', 0, 0, '2011-12-31', '2012-10-17'),
(547, 206, 1, 'admin', '2002-01-01', '2002-12-31', 'KIA', 'KIA', 0, 0, '2012-12-31', '2012-10-17'),
(548, 207, 1, 'admin', '2002-01-01', '2002-12-31', 'KIA', 'KIA - Requiere actualizacion de caja y carpetas', 0, 0, '2012-12-31', '2012-10-17'),
(549, 208, 1, 'admin', '2002-01-01', '2002-12-31', 'KIA', 'KIA - Requiere actualizacion de caja y carpetas', 0, 0, '2012-12-31', '2012-10-17'),
(550, 209, 1, 'admin', '2002-01-01', '2002-12-31', 'Bco Bolivar Enero', 'Bco Bolivar Enero', 0, 0, '2012-12-31', '2012-10-17'),
(551, 210, 1, 'admin', '2004-01-01', '2005-12-31', 'Facturas', 'Facturas Vehiculos Control', 0, 0, '2015-12-31', '2012-10-17'),
(552, 211, 1, 'admin', '2002-08-01', '2002-12-31', 'Planillas', 'Planillas', 0, 0, '2012-12-31', '2012-10-17'),
(553, 212, 1, 'admin', '2001-01-01', '2004-12-31', 'Envios a Porlamar', 'Envios a Porlamar 9 KIA 01 al 04', 0, 0, '2014-12-31', '2012-10-17'),
(554, 213, 1, 'admin', '2002-01-01', '2002-12-31', 'KIA', 'KIA - Requiere actualizacion de caja y carpetas', 0, 0, '2012-12-31', '2012-10-17'),
(555, 214, 1, 'admin', '2002-01-01', '2002-12-31', 'Conciliaciones Cheques', 'Conciliaciones Cheques Bco Bolivar KIA', 0, 0, '2012-12-31', '2012-10-17'),
(556, 215, 1, 'admin', '2002-01-01', '2002-12-31', 'KIA', 'KIA - Requiere actualizacion de caja y carpetas', 0, 0, '2012-12-31', '2012-10-17'),
(557, 216, 1, 'admin', '2002-01-01', '2002-12-31', 'KIA', 'KIA - Requiere actualizacion de caja y carpetas', 0, 0, '2012-12-31', '2012-10-17'),
(558, 217, 1, 'admin', '2012-10-17', '2012-10-17', 'KIA', 'KIA - Requiere actualizacion de caja y carpetas', 0, 0, '2022-10-17', '2012-10-17'),
(559, 218, 1, 'admin', '2002-01-01', '2002-12-31', 'Sistemas', 'Sistemas - Requiere actualizacion de caja y carpetas', 0, 0, '2012-12-31', '2012-10-17'),
(560, 219, 1, 'admin', '2002-05-01', '2002-08-31', 'Bco Mercantil', 'Bco Mercantil. Requiere actualizacion', 0, 0, '2012-08-31', '2012-10-18'),
(561, 220, 1, 'admin', '2012-10-18', '2012-10-18', 'Recibo Cobro ', 'Admon 2006 Recibo Cobro ', 11229, 11499, '2022-10-18', '2012-10-18'),
(562, 221, 1, 'admin', '2005-01-01', '2007-10-31', 'Nomina', 'Nomina Mensual Diaria', 0, 0, '2017-10-31', '2012-10-18'),
(563, 222, 1, 'admin', '2002-01-01', '2002-12-31', 'KIA', 'KIA', 0, 0, '2012-12-31', '2012-10-18'),
(564, 223, 1, 'admin', '2002-01-01', '2002-12-31', 'Admon Manuales', 'Admon Manuales', 0, 0, '2012-12-31', '2012-10-18'),
(565, 224, 1, 'admin', '2002-01-01', '2002-12-31', 'KIA', 'KIA - requiere actualizar', 0, 0, '2012-12-31', '2012-10-18'),
(566, 225, 1, 'admin', '2002-01-01', '2002-12-31', 'Orden de Compra', 'Orden de Compra', 0, 0, '2012-12-31', '2012-10-18'),
(567, 226, 1, 'admin', '2006-01-01', '2006-12-31', 'Recibos de Cobros', 'Recibos de Cobros 2006', 10061, 11228, '2016-12-31', '2012-10-18'),
(568, 227, 1, 'admin', '2002-01-01', '2002-12-31', 'Compras KIA', 'Compras KIA', 0, 0, '2012-12-31', '2012-10-18'),
(569, 228, 1, 'admin', '2012-10-18', '2012-10-18', 'KIA', 'KIA - requiere actualizacion', 0, 0, '2022-10-18', '2012-10-18'),
(570, 229, 1, 'admin', '2006-10-01', '2006-12-31', 'Admon Mercantil', 'Admon Mercantil CxP 2006 Nov - Dic', 0, 0, '2016-12-31', '2012-10-18'),
(571, 230, 1, 'admin', '2006-09-01', '2006-10-31', 'KIA', 'KIA - requiere actualizacion', 0, 0, '2016-10-31', '2012-10-18'),
(572, 231, 1, 'admin', '2002-01-01', '2002-12-31', 'Notas de Credito', 'KIA Notas de Credito', 0, 0, '2012-12-31', '2012-10-18'),
(573, 232, 1, 'admin', '2002-01-01', '2002-12-31', 'KIA', 'KIA -  requiere actualizacion', 0, 0, '2012-12-31', '2012-10-18'),
(574, 233, 1, 'admin', '2002-01-01', '2002-12-31', 'Facturas Bancos', 'Facturas Bancos', 0, 0, '2012-12-31', '2012-10-18'),
(575, 234, 1, 'admin', '2002-01-01', '2002-12-31', 'KIA', 'KIA - requiere actualizacion', 0, 0, '2012-12-31', '2012-10-18'),
(576, 235, 1, 'admin', '2006-01-01', '2006-12-31', 'Recibos de Cobro', 'Admon Recibos de Cobro 2006', 0, 0, '2016-12-31', '2012-10-18'),
(577, 236, 1, 'admin', '2002-01-01', '2002-12-31', 'Servicios Generales', 'Servicios Generales', 0, 0, '2012-12-31', '2012-10-18'),
(578, 237, 1, 'admin', '2002-01-01', '2002-12-31', 'Documentos Concesionarios KIA', 'Documentos Concesionarios KIA', 0, 0, '2012-12-31', '2012-10-18'),
(579, 238, 1, 'admin', '2002-01-01', '2002-12-31', 'KIA', 'KIA - requiere actualizacion', 0, 0, '2012-12-31', '2012-10-18'),
(580, 239, 1, 'admin', '2002-01-01', '2002-12-31', 'KIA', 'KIA - requiere actualizacion', 0, 0, '2012-12-31', '2012-10-18'),
(581, 240, 1, 'admin', '2002-01-01', '2002-12-31', 'KIA', 'KIA - requiere actualizacion', 0, 0, '2012-12-31', '2012-10-18'),
(582, 241, 1, 'admin', '2002-01-01', '2002-12-31', 'KIA', 'KIA - requiere actualizacion', 0, 0, '2012-12-31', '2012-10-18'),
(583, 242, 1, 'admin', '2002-01-01', '2002-10-31', 'KIA', 'KIA - requiere actualizacion', 0, 0, '2012-10-31', '2012-10-18'),
(584, 243, 1, 'admin', '2003-01-01', '2003-09-30', 'KIA Planilla Derecho de Import', 'KIA Planilla Derecho de Importacion', 0, 0, '2013-09-30', '2012-10-18'),
(585, 244, 1, 'admin', '2004-01-01', '2005-12-31', 'Cartas de Credito', 'Cartas de Credito Bco Canarias 2004 Bco Exterior 2005 Mercantil 2004 Caja Nro 6', 0, 0, '2015-12-31', '2012-10-18'),
(586, 245, 1, 'admin', '2002-01-01', '2002-12-31', 'KIA', 'KIA - requiere actualizacion', 0, 0, '2012-12-31', '2012-10-18'),
(587, 246, 1, 'admin', '2002-01-01', '2002-12-31', 'KIA', 'KIA - requiere actualizacion', 0, 0, '2012-12-31', '2012-10-18'),
(588, 247, 1, 'admin', '2000-01-01', '2000-12-31', 'Certificados de Origen', 'Certificados de Origen 2000 Nro 1', 0, 0, '2010-12-31', '2012-10-18'),
(589, 248, 1, 'admin', '2004-12-01', '2004-12-31', 'Bco Bolivar', 'Bco Bolivar Dic 2004', 0, 0, '2014-12-31', '2012-10-18'),
(590, 249, 1, 'admin', '2008-01-01', '2008-12-31', 'Facturas', 'Admon Facturas Vehiculos 2008 Caja Nro 3', 0, 0, '2018-12-31', '2012-10-18'),
(591, 249, 1, 'admin', '2000-01-01', '2000-12-31', 'Certificados de Origen', 'Certificados de Origen 2000 Nro 8', 0, 0, '2010-12-31', '2012-10-18'),
(592, 250, 1, 'admin', '2002-01-01', '2002-12-31', 'KIA', 'KIA - requiere actualizacion', 0, 0, '2012-12-31', '2012-10-18'),
(593, 251, 1, 'admin', '2000-01-01', '2002-12-31', 'Impresora Laser Jet', 'Impresora Laser Jet', 0, 0, '2012-12-31', '2012-10-18'),
(594, 252, 1, 'admin', '2002-01-01', '2002-12-31', 'Kit de mantenimiento', 'Instrucci', 0, 0, '2012-12-31', '2012-10-18'),
(595, 253, 1, 'admin', '2002-01-01', '2002-12-31', 'KIA Cheques Correlativo', 'KIA Cheques Correlativo', 0, 0, '2012-12-31', '2012-10-18'),
(596, 254, 1, 'admin', '2001-10-01', '2001-12-31', 'KIA Bco Provincial', 'KIA Bco Provincial', 0, 0, '2011-12-31', '2012-10-18'),
(597, 255, 1, 'admin', '2001-07-01', '2001-10-31', 'Bco Provincial Correlativo', 'Bco Provincial Correlativo', 0, 0, '2011-10-31', '2012-10-18'),
(598, 256, 1, 'admin', '2002-10-01', '2002-12-31', 'Archivo de Isol Rujano', 'Archivo de Isol Rujano', 0, 0, '2012-12-31', '2012-10-18'),
(599, 257, 1, 'admin', '2005-01-01', '2007-12-31', 'Cargo, Compensaciones', 'Descripcion Cargo 2005 Incremento 2007 Compensaciones 2007', 0, 0, '2017-12-31', '2012-10-18'),
(600, 258, 1, 'admin', '2002-01-01', '2002-12-31', 'Compras', 'Compras', 0, 0, '2012-12-31', '2012-10-18'),
(601, 259, 1, 'admin', '2002-01-01', '2002-12-31', 'KIA Mantenimiento', 'KIA Mantenimiento', 0, 0, '2012-12-31', '2012-10-18'),
(602, 260, 1, 'admin', '2002-01-01', '2002-12-31', 'Sistemas 1', 'Sistemas 1', 0, 0, '2012-12-31', '2012-10-18'),
(603, 261, 1, 'admin', '2004-01-01', '2004-06-30', 'KIA', 'KIA Bco Mercantil', 0, 0, '2014-06-30', '2012-10-18'),
(604, 262, 1, 'admin', '2002-01-01', '2002-12-31', 'KIA', 'KIA', 0, 0, '2012-12-31', '2012-10-18'),
(605, 263, 1, 'admin', '2002-01-01', '2002-12-31', 'Kit de mantenimiento', 'Instrucci', 0, 0, '2012-12-31', '2012-10-18'),
(606, 264, 1, 'admin', '2002-01-01', '2002-12-31', 'KIA', 'KIA', 0, 0, '2012-12-31', '2012-10-18'),
(607, 265, 1, 'admin', '2002-01-01', '2002-12-31', 'Libro Ventas Ajuste Inventario', 'Libro Ventas Ajuste Inventario Mayo analitico Comp Diario Nov', 0, 0, '2012-12-31', '2012-10-18'),
(608, 266, 1, 'admin', '2002-01-01', '2002-12-31', 'Cuentas por pagar', 'Cuentas por pagar', 0, 0, '2012-12-31', '2012-10-18'),
(609, 267, 1, 'admin', '2006-01-01', '2006-12-31', 'Universal Aurokia Sandro', 'Universal Aurokia Sandro 2006', 0, 0, '2016-12-31', '2012-10-18'),
(610, 268, 1, 'admin', '2002-01-01', '2002-12-31', 'KIA', 'KIA', 0, 0, '2012-12-31', '2012-10-18'),
(611, 269, 1, 'admin', '2002-01-01', '2002-12-31', 'KARROS KIA Mi KIA Yuyi KIAUTO', 'KARROS KIA Mi KIA Yuyi KIAUTO', 0, 0, '2012-12-31', '2012-10-18'),
(612, 270, 1, 'admin', '2002-01-01', '2002-12-31', 'IMP SUMY Milenio AK Motors KIA', 'IMP SUMY Milenio AK Motors KIAGAR R', 0, 0, '2012-12-31', '2012-10-18'),
(613, 271, 1, 'admin', '2002-01-01', '2002-12-31', 'Autom KIA Universal AK Motors ', 'Autom KIA Universal AK Motors DUKIA SISMY ZEMDER', 0, 0, '2012-12-31', '2012-10-18'),
(614, 272, 1, 'admin', '2002-01-01', '2002-12-31', 'Control de Documentos Cuentas ', 'Control de Documentos Cuentas por Cobrar', 0, 0, '2012-12-31', '2012-10-18'),
(615, 273, 1, 'admin', '2005-01-01', '2005-12-31', 'Cobros', 'Cobros 2005 ', 5001, 6200, '2015-12-31', '2012-10-18'),
(616, 274, 1, 'admin', '2004-01-01', '2005-12-31', 'Facturas', 'Facturas Verdes', 0, 0, '2015-12-31', '2012-10-18'),
(617, 275, 1, 'admin', '2002-01-01', '2002-12-31', 'Cobros', 'Cobros Caja Nro 7', 7200, 7520, '2012-12-31', '2012-10-18'),
(618, 276, 1, 'admin', '2003-01-01', '2004-12-31', 'Notas de Credito y Debito', 'Notas Rosadas 2003 - 2004 Notas de Credito Notas de Debito', 0, 0, '2014-12-31', '2012-10-18'),
(619, 277, 1, 'admin', '2002-01-01', '2002-12-31', 'Control SENIAT', 'Control SENIAT', 0, 0, '2012-12-31', '2012-10-18'),
(620, 278, 1, 'admin', '2005-01-01', '2005-12-31', 'Cobros', 'Cobros 2005 Caja Nro 6', 6921, 7199, '2015-12-31', '2012-10-18'),
(621, 279, 1, 'admin', '2004-01-01', '2004-12-31', 'Recibo', 'Recibo Cobro 2004', 0, 0, '2014-12-31', '2012-10-18'),
(622, 280, 1, 'admin', '2012-10-18', '2012-10-18', 'Planillas', 'Planillas Bavarian Motors', 0, 0, '2022-10-18', '2012-10-18'),
(623, 281, 1, 'admin', '2002-01-01', '2002-12-31', 'Facturas', 'Correlativo Facturas Vehiculos Repuestos KIA', 0, 0, '2012-12-31', '2012-10-18'),
(624, 282, 1, 'admin', '2002-01-01', '2002-12-31', 'Documentos Concesionarios', 'Documentos Concesionarios y Otros KIA', 0, 0, '2012-12-31', '2012-10-18'),
(625, 283, 1, 'admin', '2005-01-01', '2005-12-31', 'Cobros', 'Cobros 2005 Caja Nro 8', 0, 0, '2015-12-31', '2012-10-18'),
(626, 284, 1, 'admin', '2002-01-01', '2002-12-31', 'Certificados Anulados', 'Certificados Anulados Dpto Facturacion', 0, 0, '2012-12-31', '2012-10-18'),
(627, 285, 1, 'admin', '2002-01-01', '2002-12-31', 'Notas de Credito', 'Notas de Credito', 0, 0, '2012-12-31', '2012-10-18'),
(628, 286, 1, 'admin', '2002-01-01', '2002-12-31', 'Formas Moore', 'Formas Moore', 0, 0, '2012-12-31', '2012-10-18'),
(629, 287, 1, 'admin', '2012-10-18', '2012-10-18', 'Notas de Credito', 'Notas de Credito', 0, 0, '2022-10-18', '2012-10-18'),
(630, 288, 1, 'admin', '2002-01-01', '2002-12-31', 'Carpetas de Mantenimiento', 'Carpetas de Mantenimiento', 0, 0, '2012-12-31', '2012-10-18'),
(631, 289, 1, 'admin', '2002-01-01', '2002-12-31', 'KIA', 'KIA', 0, 0, '2012-12-31', '2012-10-18'),
(632, 290, 1, 'admin', '2002-01-01', '2002-12-31', 'KIA', 'KIA', 0, 0, '2012-12-31', '2012-10-18'),
(633, 291, 1, 'admin', '2002-01-01', '2002-12-31', 'KIA', 'KIA', 0, 0, '2012-12-31', '2012-10-18'),
(634, 292, 1, 'admin', '2002-01-01', '2002-12-31', 'Certificados Anulados', 'Certificados Anulados', 0, 0, '2012-12-31', '2012-10-18'),
(635, 293, 1, 'admin', '2002-01-01', '2010-12-31', 'Control SENIAT', 'Control SENIAT Vehiculos 2002 - 2010', 0, 0, '2020-12-31', '2012-10-18'),
(636, 294, 1, 'admin', '2002-01-01', '2002-12-31', 'Mantenimiento Repuestos Vehicu', 'Mantenimiento Repuestos Vehiculos', 0, 0, '2012-12-31', '2012-10-18'),
(637, 295, 1, 'admin', '2002-01-01', '2002-12-31', 'KIA', 'KIA', 0, 0, '2012-12-31', '2012-10-18'),
(638, 296, 1, 'admin', '2000-01-01', '2000-12-31', 'Planillas', 'Planillas A', 0, 0, '2010-12-31', '2012-10-18'),
(639, 297, 1, 'admin', '2002-01-01', '2002-12-31', 'KIA Planillas de Importacion 2', 'KIA Planillas de Importacion 2001', 0, 0, '2012-12-31', '2012-10-18'),
(640, 298, 1, 'admin', '2002-01-01', '2002-12-31', 'KIA', 'KIA', 0, 0, '2012-12-31', '2012-10-18'),
(641, 299, 1, 'admin', '2000-05-01', '2001-08-31', 'Asuntos Externos', 'Asuntos Externos Factura DISA Transporte Internacional Menial', 0, 0, '2011-08-31', '2012-10-18'),
(642, 300, 1, 'admin', '2002-01-01', '2002-12-31', 'Control Entrega de Documentos ', 'Control Entrega de Documentos CxC Facturacion', 0, 0, '2012-12-31', '2012-10-18'),
(643, 301, 1, 'admin', '2002-01-01', '2002-12-31', 'KIA', 'KIA', 0, 0, '2012-12-31', '2012-10-18'),
(644, 302, 1, 'admin', '2002-01-01', '2002-12-31', 'KIA', 'KIA', 0, 0, '2012-12-31', '2012-10-18'),
(645, 303, 1, 'admin', '2002-01-01', '2002-12-31', 'Nomina', 'Nomina 2002 Impuesto Cesta Tickets', 0, 0, '2012-12-31', '2012-10-18'),
(646, 304, 1, 'admin', '2003-01-01', '2005-12-31', 'Nominas, Recibos, Cesta Ticket', 'Relaciones Industriales SIQUEL Cesta Tickets, Plan Adiestramiento Nominas y Recibos Movilnet ', 0, 0, '2015-12-31', '2012-10-18'),
(647, 305, 1, 'admin', '2007-01-01', '2007-12-31', 'Recibos Pagos', 'Recibos Pagos Utilidades', 0, 0, '2017-12-31', '2012-10-18'),
(648, 306, 1, 'admin', '2002-01-01', '2002-12-31', 'KIA', 'KIA', 0, 0, '2012-12-31', '2012-10-18'),
(649, 307, 1, 'admin', '2000-01-01', '2002-12-31', 'Servicios Generales', 'Servicios Generales Entrega Articulos Limpieza Salida Materiales y Blocks Control Entrada Salida Per', 0, 0, '2012-12-31', '2012-10-18'),
(650, 308, 1, 'admin', '2002-01-01', '2002-12-31', 'Notas de Debito', 'Correlativos SENIAT Notas de Debito', 0, 0, '2012-12-31', '2012-10-18'),
(651, 309, 1, 'admin', '2002-01-01', '2002-12-31', 'KIA', 'KIA', 0, 0, '2012-12-31', '2012-10-18'),
(652, 310, 1, 'admin', '2002-01-01', '2002-12-31', 'Control SENIAT de Vehiculos', 'Admon 2005 Control SENIAT de Vehiculos', 0, 0, '2012-12-31', '2012-10-18'),
(653, 311, 1, 'admin', '2002-01-01', '2002-12-31', 'Recibos de Cobro', 'Recibos de Cobro', 0, 0, '2012-12-31', '2012-10-18'),
(654, 312, 1, 'admin', '2002-01-01', '2006-12-31', 'RRHH Personal Egresado', 'RRHH Personal Egresado 2006 Caja Nro 2', 0, 0, '2016-12-31', '2012-10-18'),
(655, 313, 1, 'admin', '2006-01-01', '2006-12-31', 'RRHH Personal Egresado', 'RRHH Personal Egresado 2006 Caja Nro 2', 0, 0, '2016-12-31', '2012-10-18'),
(656, 314, 1, 'admin', '2002-01-01', '2002-12-31', 'Curriculum', 'Curriculum', 0, 0, '2012-12-31', '2012-10-18'),
(657, 315, 1, 'admin', '2006-10-01', '2006-12-31', 'Servicios Generales Varios', 'RRHH 2006 Caja Nro 4 Servicios Generales Varios', 0, 0, '2016-12-31', '2012-10-18'),
(658, 316, 1, 'admin', '2002-01-01', '2002-12-31', 'Curriculum', 'Curriculum', 0, 0, '2012-12-31', '2012-10-18'),
(659, 317, 1, 'admin', '2001-01-01', '2002-12-31', 'Nomina KIA', 'Nomina KIA 2001 - 2002', 0, 0, '2012-12-31', '2012-10-18'),
(660, 318, 1, 'admin', '2001-01-01', '2001-12-31', 'Nomina KIA', 'Nomina KIA 2001', 0, 0, '2011-12-31', '2012-10-18'),
(661, 319, 1, 'admin', '2005-01-01', '2006-12-31', 'Nomina, horas extras', 'Nomina ARI 2005 Horas Extras 2006 Digitel 2006 Movilnet 2006', 0, 0, '2016-12-31', '2012-10-18'),
(662, 320, 1, 'admin', '2003-01-01', '2005-12-31', 'Retirados, Horas Extra', 'Retirados 2003 Horas Extra 2005 KIA', 0, 0, '2015-12-31', '2012-10-18'),
(663, 321, 1, 'admin', '2002-01-01', '2002-12-31', 'Tarjeta Procesada', 'Tarjeta Procesada', 0, 0, '2012-12-31', '2012-10-18'),
(664, 322, 1, 'admin', '2005-01-01', '2005-12-31', 'RRHH HCM', 'RRHH HCM 2005 ', 0, 0, '2015-12-31', '2012-10-18'),
(665, 323, 1, 'admin', '2006-01-31', '2007-12-31', 'RRHH Caja Nro 2 Egresados', 'RRHH Caja Nro 2 Egresados 2006 -2007', 0, 0, '2017-12-31', '2012-10-18'),
(666, 324, 1, 'admin', '2002-01-01', '2002-12-31', 'Recibos Facturas Movilnet', 'Recibos Facturas Movilnet', 0, 0, '2012-12-31', '2012-10-18'),
(667, 325, 1, 'admin', '2002-01-01', '2002-12-31', 'Personal Retirado', 'Personal Retirado', 0, 0, '2012-12-31', '2012-10-18'),
(668, 326, 1, 'admin', '2008-01-01', '2008-08-31', 'Contabilidad, Conciliaciones', 'Contabilidad 2008 Conciliaciones Ene - Ago 2008', 0, 0, '2018-08-31', '2012-10-18'),
(669, 327, 1, 'admin', '2001-01-01', '2005-12-31', 'Enviada Recibida', 'Enviada Recibida 2001 - 2005', 0, 0, '2015-12-31', '2012-10-18'),
(670, 328, 1, 'admin', '2003-01-01', '2006-12-31', 'Cesta Tickets ', 'RDG 2006 KIAUTO Cesta Tickets 2003 - 2005', 0, 0, '2016-12-31', '2012-10-18'),
(671, 329, 1, 'admin', '2008-01-01', '2008-01-31', 'Inventario', 'Inventario Ene 2008', 0, 0, '2018-01-31', '2012-10-18'),
(672, 330, 1, 'admin', '2002-01-01', '2002-12-31', 'Factura de Almacen', 'Factura de Almacen', 0, 0, '2012-12-31', '2012-10-18'),
(673, 331, 1, 'admin', '2002-01-01', '2002-12-31', 'Reporte Diario', 'Reporte Diario', 0, 0, '2012-12-31', '2012-10-18'),
(674, 332, 1, 'admin', '2002-01-01', '2002-12-31', 'Manuales', 'Manuales', 0, 0, '2012-12-31', '2012-10-18'),
(675, 333, 1, 'admin', '2005-01-01', '2005-12-31', 'Nomina Mensual y Diaria', 'Nomina Mensual y Diaria 2005', 0, 0, '2015-12-31', '2012-10-18'),
(676, 334, 1, 'admin', '2002-01-01', '2002-12-31', 'Expedientes KIA', 'Expedientes KIA', 0, 0, '2012-12-31', '2012-10-18'),
(677, 335, 1, 'admin', '2002-01-01', '2002-12-31', 'Manuales Propietario Modelo', 'Manuales Propietario Modelo', 0, 0, '2012-12-31', '2012-10-18'),
(678, 336, 1, 'admin', '2002-01-01', '2002-12-31', 'Manuales Propietario Modelo', 'Manuales Propietario Modelo', 0, 0, '2012-12-31', '2012-10-18'),
(679, 337, 1, 'admin', '2002-01-01', '2002-12-31', 'Manuales Propietario Modelo', 'Manuales Propietario Modelo', 0, 0, '2012-12-31', '2012-10-18'),
(680, 338, 1, 'admin', '2007-01-01', '2009-12-31', 'Polizas de Seguro', 'Contabilidad Polizas de Seguros', 0, 0, '2019-12-31', '2012-10-18'),
(681, 339, 1, 'admin', '2008-01-01', '2008-12-31', 'Contabilidad', 'Contabilidad 2008 Bancaribe Commerce Banesco Exterior', 0, 0, '2018-12-31', '2012-10-18'),
(682, 340, 1, 'admin', '2007-01-01', '2007-12-31', 'Contabilidad', 'Contabilidad 2007 Conciliacion Dic Soportes', 0, 0, '2017-12-31', '2012-10-18'),
(683, 341, 1, 'admin', '2002-01-01', '2002-12-31', 'Guias de Transporte', 'Guias de Transporte', 0, 0, '2012-12-31', '2012-10-18'),
(684, 342, 1, 'admin', '2008-01-01', '2008-12-31', 'Contabilidad', 'Contabilidad 2008 Asientos diarios Ene - Dic', 0, 0, '2018-12-31', '2012-10-18'),
(685, 343, 1, 'admin', '2008-01-01', '2008-12-31', 'Contabilidad', 'Contabilidad 2008 Mercantil Bancaribe Bancaribe-Curazao', 0, 0, '2018-12-31', '2012-10-18'),
(686, 344, 1, 'admin', '2008-01-01', '2008-12-31', 'Contabilidad', 'Contabilidad Comprobantes diarios jun-jul Colocaciones Nov 2007 Pagos Aladi 2007', 0, 0, '2018-12-31', '2012-10-18'),
(687, 345, 1, 'admin', '2008-11-01', '2008-11-30', 'Certificados de Origen', 'Certificados de Origen', 2038618, 2038799, '2018-11-30', '2012-10-18'),
(688, 345, 1, 'admin', '2008-01-01', '2008-12-31', 'Certificados de Origen', 'Certificados de Origen', 2038800, 2038999, '2018-12-31', '2012-10-18'),
(689, 345, 1, 'admin', '2008-11-01', '2008-12-31', 'Certificados de Origen', 'Certificados de Origen', 2039000, 2039299, '2018-12-31', '2012-10-18'),
(690, 345, 1, 'admin', '2008-12-01', '2008-12-31', 'Certificados de Origen', 'Certificados de Origen', 2039300, 2039499, '2018-12-31', '2012-10-18'),
(691, 346, 1, 'admin', '2008-12-01', '2009-12-31', 'Certificados de Origen', 'Certificados de Origen', 2039500, 2039800, '2019-12-31', '2012-10-18'),
(692, 346, 1, 'admin', '2009-01-01', '2009-01-31', 'Certificados de Origen', 'Certificados de Origen', 2039801, 2039999, '2019-01-31', '2012-10-18'),
(693, 346, 1, 'admin', '2009-02-01', '2009-02-28', 'Certificados de Origen', 'Certificados de Origen', 2040000, 2040199, '2019-02-28', '2012-10-18'),
(694, 346, 1, 'admin', '2009-02-01', '2009-03-31', 'Certificados de Origen', 'Certificados de Origen', 2040200, 2040499, '2019-03-31', '2012-10-18'),
(695, 347, 1, 'admin', '2009-03-01', '2009-03-31', 'Certificados de Origen', 'Certificados de Origen', 2040450, 2040683, '2019-03-31', '2012-10-18'),
(696, 347, 1, 'admin', '2009-04-01', '2009-04-30', 'Certificados de Origen', 'Certificados de Origen', 2040684, 2040999, '2019-04-30', '2012-10-18'),
(697, 347, 1, 'admin', '2009-04-01', '2009-05-31', 'Certificados de Origen', 'Certificados de Origen', 2041000, 2041199, '2019-05-31', '2012-10-18'),
(698, 347, 1, 'admin', '2009-05-01', '2009-05-30', 'Certificados de Origen', 'Certificados de Origen', 2041200, 2041419, '2019-05-30', '2012-10-18'),
(699, 348, 1, 'admin', '2009-06-01', '2009-06-30', 'Certificados de Origen', 'Certificados de Origen', 2041420, 2041698, '2019-06-30', '2012-10-18'),
(700, 348, 1, 'admin', '2000-07-01', '2009-07-31', 'Certificados de Origen', 'Certificados de Origen', 2042000, 2042141, '2019-07-31', '2012-10-18'),
(701, 348, 1, 'admin', '2009-07-01', '2009-07-31', 'Certificados de Origen', 'Certificados de Origen', 2041701, 2041999, '2019-07-31', '2012-10-18'),
(702, 348, 1, 'admin', '2009-08-01', '2009-08-31', 'Certificados de Origen', 'Certificados de Origen', 2042142, 2042359, '2019-08-31', '2012-10-18'),
(703, 349, 1, 'admin', '2009-08-01', '2009-08-31', 'Certificados de Origen', 'Certificados de Origen', 2042360, 2042493, '2019-08-31', '2012-10-18'),
(704, 349, 1, 'admin', '2009-09-01', '2009-09-30', 'Certificados de Origen', 'Certificados de Origen', 2042494, 2042699, '2019-09-30', '2012-10-18'),
(705, 349, 1, 'admin', '2009-09-01', '2009-09-30', 'Certificados de Origen', 'Certificados de Origen', 2042700, 2042847, '2019-09-30', '2012-10-18'),
(706, 349, 1, 'admin', '2009-10-01', '2009-10-31', 'Certificados de Origen', 'Certificados de Origen', 2042848, 2043427, '2019-10-31', '2012-10-18'),
(707, 350, 1, 'admin', '2009-01-01', '2010-12-31', 'Certificados de Origen', 'Certificados de Origen', 3, 88, '2020-12-31', '2012-10-18'),
(708, 350, 1, 'admin', '2009-11-01', '2010-11-30', 'Certificados de Origen', 'Certificados de Origen', 2043112, 2043457, '2020-11-30', '2012-10-18'),
(709, 350, 1, 'admin', '2009-12-01', '2010-12-31', 'Certificados de Origen', 'Certificados de Origen', 2043458, 2043722, '2020-12-31', '2012-10-18'),
(710, 351, 1, 'admin', '2010-01-01', '2010-02-28', 'Certificados de Origen', 'Certificados de Origen', 2043723, 2043999, '2020-02-28', '2012-10-18'),
(711, 351, 1, 'admin', '2010-02-01', '2010-02-28', 'Certificados de Origen', 'Certificados de Origen', 2044000, 2044229, '2020-02-28', '2012-10-18'),
(712, 351, 1, 'admin', '2010-03-01', '2010-03-31', 'Certificados de Origen', 'Certificados de Origen', 2044230, 2044498, '2020-03-31', '2012-10-18'),
(713, 351, 1, 'admin', '2010-04-01', '2010-04-30', 'Certificados de Origen', 'Certificados de Origen', 2044499, 2044749, '2020-04-30', '2012-10-18'),
(714, 352, 1, 'admin', '2010-04-01', '2010-05-31', 'Certificados de Origen', 'Certificados de Origen', 2044750, 2044920, '2020-05-31', '2012-10-18'),
(715, 352, 1, 'admin', '2010-05-01', '2010-05-31', 'Certificados de Origen', 'Certificados de Origen', 2044921, 2045093, '2020-05-31', '2012-10-18'),
(716, 352, 1, 'admin', '2010-06-01', '2010-06-30', 'Certificados de Origen', 'Certificados de Origen', 2045094, 2045379, '2020-06-30', '2012-10-18'),
(717, 352, 1, 'admin', '2010-07-01', '2010-07-31', 'Certificados de Origen', 'Certificados de Origen', 2045380, 2045666, '2020-07-31', '2012-10-18'),
(718, 353, 1, 'admin', '2010-07-01', '2010-07-31', 'Certificados de Origen', 'Certificados de Origen', 2045667, 2045928, '2020-07-31', '2012-10-18'),
(719, 353, 1, 'admin', '2010-08-01', '2010-08-31', 'Certificados de Origen', 'Certificados de Origen', 2045929, 2046199, '2020-08-31', '2012-10-18'),
(720, 353, 1, 'admin', '2010-08-01', '2010-09-30', 'Certificados de Origen', 'Certificados de Origen', 2046200, 2046449, '2020-09-30', '2012-10-18'),
(721, 353, 1, 'admin', '2010-09-01', '2010-09-30', 'Certificados de Origen', 'Certificados de Origen', 2046450, 2046649, '2020-09-30', '2012-10-18'),
(722, 354, 1, 'admin', '2010-09-01', '2010-09-30', 'Certificados de Origen', 'Certificados de Origen', 2046650, 2046850, '2020-09-30', '2012-10-18'),
(723, 354, 1, 'admin', '2010-10-01', '2010-10-31', 'Certificados de Origen', 'Certificados de Origen', 2046859, 2047059, '2020-10-31', '2012-10-18'),
(724, 354, 1, 'admin', '2010-10-01', '2010-10-31', 'Certificados de Origen', 'Certificados de Origen', 2047060, 2047229, '2020-10-31', '2012-10-18'),
(725, 355, 1, 'admin', '2010-10-01', '2010-11-30', 'Certificados de Origen', 'Certificados de Origen', 2047230, 2047329, '2020-11-30', '2012-10-18'),
(726, 355, 1, 'admin', '2010-11-01', '2010-11-30', 'Certificados de Origen', 'Certificados de Origen', 2047330, 2047561, '2020-11-30', '2012-10-18'),
(727, 355, 1, 'admin', '2010-12-01', '2010-12-31', 'Certificados de Origen', 'Certificados de Origen', 2047562, 2047799, '2020-12-31', '2012-10-18'),
(728, 355, 1, 'admin', '2010-12-01', '2010-12-31', 'Certificados de Origen', 'Certificados de Origen', 2047800, 2047947, '2020-12-31', '2012-10-18');
INSERT INTO `carpeta` (`idCarpeta`, `idCaja`, `idTipoCarpeta`, `idUsuario`, `Fecha_Ini`, `Fecha_Fin`, `Serie`, `Subserie`, `nSerieInf`, `nSerieSup`, `FechaMaxRet`, `Fecha_Creacion`) VALUES
(729, 356, 1, 'admin', '2002-01-01', '2002-12-31', 'Certificado Origen', 'Certificado Origen Caja 3 de 4', 2027263, 2028161, '2012-12-31', '2012-10-18'),
(730, 357, 1, 'admin', '2002-01-01', '2002-12-31', 'Certificado Origen', 'Certificado Origen Caja 4 de 4', 2029908, 2030656, '2012-12-31', '2012-10-18'),
(731, 358, 1, 'admin', '2008-07-01', '2008-08-31', 'Bco Bolivar', 'CxP 2008 Bco Bolivar Jul Ago 2008', 0, 0, '2018-08-31', '2012-10-18'),
(732, 359, 1, 'admin', '2002-01-01', '2002-12-31', 'Certificado de Origen', 'Cxc Certificado de Origen Caja Nro 1', 2029117, 2029907, '2012-12-31', '2012-10-18'),
(733, 360, 1, 'admin', '2008-01-01', '2008-12-31', 'Factura', 'Factura y CxC 2008', 2033534, 2034355, '2018-12-31', '2012-10-18'),
(734, 361, 1, 'admin', '2007-01-01', '2007-12-31', 'Contabilidad ', 'Contabilidad 2007 Asientos diarios Transcripcion MBACASE Practicas', 0, 0, '2017-12-31', '2012-10-18'),
(735, 362, 1, 'admin', '2009-01-01', '2009-12-31', 'Recibos de Cobro', 'Recibos de Cobro', 0, 0, '2019-12-31', '2012-10-18'),
(736, 363, 1, 'admin', '2008-01-01', '2008-12-31', 'Admon Caja Nro 9', 'Admon Caja Nro 9', 2036057, 2037014, '2018-12-31', '2012-10-18'),
(737, 364, 1, 'admin', '2002-01-01', '2002-12-31', 'Caja 8', 'Caja 8', 2635701, 2636756, '2012-12-31', '2012-10-18'),
(738, 365, 1, 'admin', '2002-01-01', '2002-12-31', 'Contabilidad', 'Contabilidad 2008 co Venezuela Fondo Comun Mi Casa Casa EAP', 0, 0, '2012-12-31', '2012-10-18'),
(739, 366, 1, 'admin', '2000-08-01', '2000-08-31', 'Certificados de Origen', 'Certificados de Origen Anulados', 65605, 65887, '2010-08-31', '2012-10-18'),
(740, 366, 1, 'admin', '2000-09-01', '2000-10-31', 'Certificados de Origen', 'Certificados de Origen Anulados', 65891, 66163, '2010-10-31', '2012-10-18'),
(741, 366, 1, 'admin', '2000-10-01', '2000-12-31', 'Certificados de Origen', 'Certificados de Origen Anulados', 66167, 66684, '2010-12-31', '2012-10-18'),
(742, 366, 1, 'admin', '2000-01-01', '2000-12-31', 'Carpetas otros correlativos', 'Carpetas otros correlativos', 0, 0, '2010-12-31', '2012-10-18'),
(743, 366, 1, 'admin', '2000-01-01', '2001-12-31', 'Sobres', 'Sobres de permisos de circulacion', 0, 0, '2011-12-31', '2012-10-18'),
(744, 367, 1, 'admin', '2001-01-01', '2001-02-28', 'Certificados de Origen', 'Certificados de Origen Anulados', 66700, 67371, '2011-02-28', '2012-10-18'),
(745, 367, 1, 'admin', '2001-02-01', '2001-04-30', 'Certificados de Origen', 'Certificados de Origen Anulados', 67390, 68236, '2011-04-30', '2012-10-18'),
(746, 367, 1, 'admin', '2001-06-01', '2001-06-30', 'Certificados de Origen', 'Certificados de Origen Anulados', 68808, 69027, '2011-06-30', '2012-10-18'),
(747, 367, 1, 'admin', '2001-05-01', '2001-05-31', 'Certificados de Origen', 'Certificados de Origen Anulados', 68258, 68795, '2011-05-31', '2012-10-18'),
(748, 368, 1, 'admin', '2000-05-01', '2001-08-31', 'Certificados de Origen', 'Certificados de Origen Anulados', 51203, 60443, '2011-08-31', '2012-10-18'),
(749, 368, 1, 'admin', '2001-11-01', '2001-12-31', 'Certificados de Origen', 'Certificados de Origen Anulados', 60444, 60833, '2011-12-31', '2012-10-18'),
(750, 368, 1, 'admin', '2001-07-01', '2001-09-30', 'Certificados de Origen', 'Certificados de Origen Anulados', 12268, 12835, '2011-09-30', '2012-10-18'),
(751, 368, 1, 'admin', '2001-10-01', '2001-11-30', 'Certificados de Origen', 'Certificados de Origen Anulados', 12861, 13503, '2011-11-30', '2012-10-18'),
(752, 369, 1, 'admin', '2001-01-01', '2001-01-31', 'Certificados de Origen', 'Certificados de Origen Anulados', 60847, 61191, '2011-01-31', '2012-10-18'),
(753, 369, 1, 'admin', '2001-01-01', '2001-03-31', 'Certificados de Origen', 'Certificados de Origen Anulados', 41586, 41840, '2011-03-31', '2012-10-18'),
(754, 369, 1, 'admin', '2001-03-01', '2001-07-31', 'Certificados de Origen', 'Certificados de Origen Anulados', 41901, 42661, '2011-07-31', '2012-10-18'),
(755, 369, 1, 'admin', '2001-07-01', '2001-09-30', 'Certificados de Origen', 'Certificados de Origen Anulados', 42671, 43155, '2011-09-30', '2012-10-18'),
(756, 370, 1, 'admin', '2002-01-01', '2002-12-31', 'Factura de Repuesto', 'Factura de Repuesto', 0, 0, '2012-12-31', '2012-10-18'),
(757, 371, 1, 'admin', '2008-01-01', '2008-12-31', 'Certificados de Origen', 'Certificados de Origen Anulados', 0, 0, '2018-12-31', '2012-10-18'),
(758, 372, 1, 'admin', '2007-01-01', '2008-12-31', 'Cartas,Plan Mayor Control', 'Admon CxC caja 3 2007 - 2008 Plan Mayor Control Doc Cartas enviadas', 0, 0, '2018-12-31', '2012-10-18'),
(759, 373, 1, 'admin', '2007-01-01', '2007-12-31', 'Caja 1', 'Caja 1', 0, 0, '2017-12-31', '2012-10-18'),
(760, 374, 1, 'admin', '2007-01-01', '2008-12-31', 'Control Doc Corresponden. Plan', 'Caja 5 CxC 2007 - 2008 Control Doc Correspondencia Plan', 0, 0, '2018-12-31', '2012-10-18'),
(761, 375, 1, 'admin', '2007-01-01', '2008-12-31', 'Factura de Vehiculos', 'Caja 2 Factura de Vehiculos 2007 - 2008 Copia Cliente', 0, 0, '2018-12-31', '2012-10-18'),
(762, 376, 1, 'admin', '2007-01-01', '2008-12-31', 'Caja 2', 'Admon Caja 2 2007 - 2008 Copia Cliente', 0, 0, '2018-12-31', '2012-10-18'),
(763, 377, 1, 'admin', '2002-01-01', '2002-12-31', 'Caja 3', 'Caja 3', 0, 0, '2012-12-31', '2012-10-18'),
(764, 378, 1, 'admin', '2007-01-01', '2007-12-31', 'Nacionalizaciones', 'Nacionalizaciones 2007', 0, 0, '2017-12-31', '2012-10-18'),
(765, 379, 1, 'admin', '2008-01-01', '2008-12-31', 'Contabilidad', 'Contabilidad 2008 Banesco Federal Provincial', 0, 0, '2018-12-31', '2012-10-18'),
(766, 380, 1, 'admin', '2007-01-01', '2007-12-31', 'Contabilidad Cartas de credito', 'Contabilidad Cartas de credito 2007', 0, 0, '2017-12-31', '2012-10-18'),
(767, 381, 1, 'admin', '2005-01-01', '2006-12-31', 'Requiere actualizar', 'Admon 2005 - 2006', 0, 0, '2016-12-31', '2012-10-18'),
(768, 382, 1, 'admin', '2008-01-01', '2008-12-31', 'Contabilidad', 'Contabilidad 2008 Conciliaciones Sep - Dec Estados de Cuenta Varios?', 0, 0, '2018-12-31', '2012-10-18'),
(769, 383, 1, 'admin', '2007-11-01', '2007-11-30', 'Contabilidad Asientos', 'Contabilidad Asientos Nov 2007', 0, 0, '2017-11-30', '2012-10-18'),
(770, 384, 1, 'admin', '2008-01-01', '2008-12-31', 'Expedientes de Importacion', 'Expedientes de Importacion 2008', 0, 0, '2018-12-31', '2012-10-18'),
(771, 385, 1, 'admin', '2009-01-01', '2009-12-31', 'Contabilidad', 'Contabilidad 2009 Nacionalizaciones', 0, 0, '2019-12-31', '2012-10-18'),
(772, 386, 1, 'admin', '2007-12-01', '2007-12-31', 'Asientos de Diario', 'Asientos de Diario Dic 2007', 0, 0, '2017-12-31', '2012-10-18'),
(773, 387, 1, 'admin', '2002-01-01', '2002-12-31', 'Certificados de Origen', 'Certificados de Origen', 2037015, 2037942, '2012-12-31', '2012-10-18'),
(774, 388, 1, 'admin', '2008-01-01', '2008-11-01', 'Contabilidad', 'Contabilidad 2008 Nacionalizaciones Ene - Nov', 0, 0, '2018-11-01', '2012-10-18'),
(775, 389, 1, 'admin', '2001-01-01', '2001-03-31', 'Bco Venezuela', 'Bco Venezuela 2001 Ene - Mar', 0, 0, '2011-03-31', '2012-10-18'),
(776, 390, 1, 'admin', '2004-01-01', '2005-12-31', 'Facturacion', 'Admon Facturacion', 0, 0, '2015-12-31', '2012-10-18'),
(777, 391, 1, 'admin', '2008-12-01', '2008-12-31', 'Contabilidad', 'Contabilidad 2008 Bco Nacional de Credito Asientos Diarios Dic', 0, 0, '2018-12-31', '2012-10-18'),
(778, 392, 1, 'admin', '2002-01-01', '2002-10-31', 'Garantia', 'Garantia', 0, 0, '2012-10-31', '2012-10-18'),
(779, 393, 1, 'admin', '2002-01-01', '2002-12-31', 'Garantia / Certificados', 'Garantia / Certificados', 0, 0, '2012-12-31', '2012-10-18'),
(780, 394, 1, 'admin', '2008-01-01', '2008-12-31', 'Contabilidad', 'Contabilidad 2008 Pagos Transferencias Bancarias', 0, 0, '2018-12-31', '2012-10-18'),
(781, 395, 1, 'admin', '2007-01-01', '2007-12-31', 'Recibos de Cobro', 'Recibos de Cobro 2007', 0, 0, '2017-12-31', '2012-10-18'),
(782, 396, 1, 'admin', '2007-08-01', '2007-10-31', 'Bco Federal BNC BFC Caribe Ext', 'Admon CxP Ago Sep Oct 2007 Bco Federal BNC BFC Caribe Exterior', 0, 0, '2017-10-31', '2012-10-18'),
(783, 397, 1, 'admin', '2007-08-01', '2007-08-31', 'Bancos Vzla Exterior Commerce ', 'Admon CxP Ago 2007 Bancos Vzla Exterior Commerce Bank ', 0, 0, '2017-08-31', '2012-10-18'),
(784, 398, 1, 'admin', '2009-01-01', '2009-12-31', 'Tarjetas PDI', 'Tarjetas PDI', 0, 0, '2019-12-31', '2012-10-18'),
(785, 399, 1, 'admin', '2009-01-01', '2009-12-31', 'Tarjetas PDI', 'Tarjetas PDI', 0, 0, '2019-12-31', '2012-10-18'),
(786, 400, 1, 'admin', '2009-01-01', '2009-12-31', 'Tarjetas PDI', 'Tarjetas PDI', 0, 0, '2019-12-31', '2012-10-18'),
(787, 401, 1, 'admin', '2007-01-01', '2007-12-31', 'Tarjetas Control de Inspeccion', 'Tarjetas Control de Inspeccion', 0, 0, '2017-12-31', '2012-10-18'),
(788, 402, 1, 'admin', '2007-01-01', '2007-12-31', 'Tarjetas Control de Inspeccion', 'Tarjetas Control de Inspeccion', 0, 0, '2017-12-31', '2012-10-18'),
(789, 403, 1, 'admin', '2007-01-01', '2007-12-31', 'Tarjetas Control de Inspeccion', 'Tarjetas Control de Inspeccion', 0, 0, '2017-12-31', '2012-10-18'),
(790, 404, 1, 'admin', '2008-01-01', '2008-12-31', 'Tarjetas Control de Inspeccion', 'Tarjetas Control de Inspeccion', 0, 0, '2018-12-31', '2012-10-18'),
(791, 405, 1, 'admin', '2007-01-01', '2007-12-31', 'Tarjetas Control de Inspeccion', 'Tarjetas Control de Inspeccion', 0, 0, '2017-12-31', '2012-10-18'),
(792, 406, 1, 'admin', '2007-01-01', '2007-12-31', 'Tarjetas Control de Inspeccion', 'Tarjetas Control de Inspeccion', 0, 0, '2017-12-31', '2012-10-18'),
(793, 407, 1, 'admin', '2007-01-01', '2007-12-31', 'Tarjetas Control de Inspeccion', 'Tarjetas Control de Inspeccion', 0, 0, '2017-12-31', '2012-10-18'),
(794, 408, 1, 'admin', '2007-01-01', '2007-12-31', 'Tarjetas Control de Inspeccion', 'Tarjetas Control de Inspeccion', 0, 0, '2017-12-31', '2012-10-18'),
(795, 409, 1, 'admin', '2007-01-01', '2007-12-31', 'Tarjetas Control de Inspeccion', 'Tarjetas Control de Inspeccion', 0, 0, '2017-12-31', '2012-10-18'),
(796, 410, 1, 'admin', '2007-01-01', '2007-12-31', 'Tarjetas Control de Inspeccion', 'Tarjetas Control de Inspeccion', 0, 0, '2017-12-31', '2012-10-18'),
(797, 411, 1, 'admin', '2006-01-01', '2006-12-31', 'Tarjetas Control de Inspeccion', 'Tarjetas Control de Inspeccion', 0, 0, '2016-12-31', '2012-10-18'),
(798, 412, 1, 'admin', '2006-01-01', '2006-12-31', 'Tarjetas Control de Inspeccion', 'Tarjetas Control de Inspeccion', 0, 0, '2016-12-31', '2012-10-18'),
(799, 413, 1, 'admin', '2007-01-01', '2007-12-31', 'Tarjetas Control de Inspeccion', 'Tarjetas Control de Inspeccion', 0, 0, '2017-12-31', '2012-10-18'),
(800, 414, 1, 'admin', '2008-01-01', '2008-12-31', 'Tarjetas Control de Inspeccion', 'Tarjetas Control de Inspeccion', 0, 0, '2018-12-31', '2012-10-18'),
(801, 415, 1, 'admin', '2008-01-01', '2008-12-31', 'Tarjetas Control de Inspeccion', 'Tarjetas Control de Inspeccion', 0, 0, '2018-12-31', '2012-10-18'),
(802, 416, 1, 'admin', '2008-01-01', '2008-12-31', 'Tarjetas Control de Inspeccion', 'Tarjetas Control de Inspeccion', 0, 0, '2018-12-31', '2012-10-18'),
(803, 417, 1, 'admin', '2008-01-01', '2008-12-31', 'Tarjetas Control de Inspeccion', 'Tarjetas Control de Inspeccion', 0, 0, '2018-12-31', '2012-10-18'),
(804, 418, 1, 'admin', '2008-01-01', '2008-12-31', 'Tarjetas Control de Inspeccion', 'Tarjetas Control de Inspeccion', 0, 0, '2018-12-31', '2012-10-18'),
(805, 419, 1, 'admin', '2008-01-01', '2008-12-31', 'Tarjetas Control de Inspeccion', 'Tarjetas Control de Inspeccion', 0, 0, '2018-12-31', '2012-10-18'),
(806, 420, 1, 'admin', '2008-01-01', '2008-12-31', 'Tarjetas Control de Inspeccion', 'Tarjetas Control de Inspeccion', 0, 0, '2018-12-31', '2012-10-18'),
(807, 421, 1, 'admin', '2007-01-01', '2008-12-31', 'AYMESA Garantias de Ecuador', 'AYMESA Garantias de Ecuador (4 carpetas)', 0, 0, '2018-12-31', '2012-10-18'),
(808, 422, 1, 'admin', '2009-01-01', '2009-12-31', 'Tarjetas Control Inspeccion', 'Tarjetas Control Inspeccion', 0, 0, '2019-12-31', '2012-10-18'),
(809, 423, 1, 'admin', '2008-01-01', '2008-12-31', 'Tarjetas Control Inspeccion', 'Tarjetas Control Inspeccion', 0, 0, '2018-12-31', '2012-10-18'),
(810, 424, 1, 'admin', '2009-01-01', '2009-12-31', 'Tarjetas Control Inspeccion', 'Tarjetas Control Inspeccion', 0, 0, '2019-12-31', '2012-10-18'),
(811, 425, 1, 'admin', '2007-01-01', '2008-12-31', 'Tarjetas Control Inspeccion', 'Tarjetas Control Inspeccion', 0, 0, '2018-12-31', '2012-10-18'),
(812, 426, 1, 'admin', '2009-01-01', '2009-12-31', 'Tarjetas Control Inspeccion', 'Tarjetas Control Inspeccion', 0, 0, '2019-12-31', '2012-10-18'),
(813, 427, 1, 'admin', '2009-01-01', '2009-12-31', 'Tarjetas Control Inspeccion', 'Tarjetas Control Inspeccion', 0, 0, '2019-12-31', '2012-10-18'),
(814, 428, 1, 'admin', '2007-12-01', '2007-12-31', 'Recibos de Cobro', 'Recibos de Cobro Repuestos / Vehiculos', 16697, 16872, '2017-12-31', '2012-10-19'),
(815, 428, 1, 'admin', '2007-12-01', '2007-12-31', 'Recibos de Cobro', 'Recibos de Cobro Repuestos / Vehiculos', 16904, 16999, '2017-12-31', '2012-10-19'),
(816, 428, 1, 'admin', '2007-12-01', '2007-12-31', 'Recibos de Cobro', 'Recibos de Cobro Repuestos / Vehiculos', 17000, 17090, '2017-12-31', '2012-10-19'),
(817, 428, 1, 'admin', '2007-12-01', '2007-12-31', 'Recibos de Cobro', 'Recibos de Cobro Repuestos / Vehiculos', 17091, 17159, '2017-12-31', '2012-10-19'),
(818, 429, 1, 'admin', '2006-11-01', '2006-12-31', 'Recibos de Cobro', 'Recibos de Cobro Vehiculos', 10916, 11049, '2016-12-31', '2012-10-19'),
(819, 429, 1, 'admin', '2006-12-01', '2006-12-31', 'Recibos de Cobro', 'Recibos de Cobro Vehiculos', 11050, 11125, '2016-12-31', '2012-10-19'),
(820, 429, 1, 'admin', '2006-12-01', '2006-12-31', 'Recibos de Cobro', 'Recibos de Cobro Vehiculos', 11126, 11228, '2016-12-31', '2012-10-19'),
(821, 430, 1, 'admin', '2006-11-01', '2006-11-30', 'Recibos de Cobro', 'Recibos de Cobro Repuestos / Vehiculos', 10547, 10657, '2016-11-30', '2012-10-19'),
(822, 430, 1, 'admin', '2006-11-01', '2006-11-30', 'Recibos de Cobro', 'Recibos de Cobro Repuestos / Vehiculos', 10658, 10755, '2016-11-30', '2012-10-19'),
(823, 430, 1, 'admin', '2006-11-01', '2006-11-30', 'Recibos de Cobro', 'Recibos de Cobro Repuestos / Vehiculos', 10756, 10915, '2016-11-30', '2012-10-19'),
(824, 431, 1, 'admin', '2006-10-01', '2006-10-31', 'Recibos de Cobro', 'Recibos de Cobro Repuestos / Vehiculos', 10325, 10374, '2016-10-31', '2012-10-19'),
(825, 431, 1, 'admin', '2006-10-01', '2006-10-31', 'Recibos de Cobro', 'Recibos de Cobro Repuestos / Vehiculos', 10375, 10472, '2016-10-31', '2012-10-19'),
(826, 431, 1, 'admin', '2006-10-01', '2006-11-30', 'Recibos de Cobro', 'Recibos de Cobro Repuestos / Vehiculos', 10473, 10545, '2016-11-30', '2012-10-19'),
(827, 432, 1, 'admin', '2006-09-01', '2006-09-30', 'Recibos de Cobro', 'Recibos de Cobro Repuestos / Vehiculos', 9975, 10060, '2016-09-30', '2012-10-19'),
(828, 432, 1, 'admin', '2006-10-01', '2006-10-31', 'Recibos de Cobro', 'Recibos de Cobro Repuestos / Vehiculos', 10061, 10170, '2016-10-31', '2012-10-19'),
(829, 432, 1, 'admin', '2006-10-01', '2006-10-31', 'Recibos de Cobro', 'Recibos de Cobro Repuestos / Vehiculos', 10171, 10243, '2016-10-31', '2012-10-19'),
(830, 432, 1, 'admin', '2006-10-01', '2006-10-31', 'Recibos de Cobro', 'Recibos de Cobro Repuestos / Vehiculos', 10244, 10324, '2016-10-31', '2012-10-19'),
(831, 433, 1, 'admin', '2006-08-10', '2006-08-31', 'Recibos de Cobro', 'Recibos de Cobro Repuestos / Vehiculos', 9674, 9741, '2016-08-31', '2012-10-19'),
(832, 433, 1, 'admin', '2006-08-10', '2006-09-30', 'Recibos de Cobro', 'Recibos de Cobro Repuestos / Vehiculos', 9745, 9823, '2016-09-30', '2012-10-19'),
(833, 433, 1, 'admin', '2006-09-01', '2006-09-30', 'Recibos de Cobro', 'Recibos de Cobro Repuestos / Vehiculos', 9824, 9909, '2016-09-30', '2012-10-19'),
(834, 433, 1, 'admin', '2006-09-01', '2006-09-30', 'Recibos de Cobro', 'Recibos de Cobro Repuestos / Vehiculos', 9909, 9974, '2016-09-30', '2012-10-19'),
(835, 434, 1, 'admin', '2006-07-01', '2006-07-31', 'Recibos de Cobro', 'Recibos de Cobro Repuestos / Vehiculos', 9319, 9433, '2016-07-31', '2012-10-19'),
(836, 434, 1, 'admin', '2006-07-01', '2006-08-31', 'Recibos de Cobro', 'Recibos de Cobro Repuestos / Vehiculos', 9434, 9496, '2016-08-31', '2012-10-19'),
(837, 434, 1, 'admin', '2006-08-01', '2006-08-31', 'Recibos de Cobro', 'Recibos de Cobro Repuestos / Vehiculos', 9497, 9608, '2016-08-31', '2012-10-19'),
(838, 434, 1, 'admin', '2006-08-01', '2006-08-31', 'Recibos de Cobro', 'Recibos de Cobro Repuestos / Vehiculos', 9609, 9673, '2016-08-31', '2012-10-19'),
(839, 435, 1, 'admin', '2006-06-01', '2006-06-30', 'Recibos de Cobro', 'Recibos de Cobro Repuestos / Vehiculos', 9041, 9125, '2016-06-30', '2012-10-19'),
(840, 435, 1, 'admin', '2006-06-01', '2006-07-31', 'Recibos de Cobro', 'Recibos de Cobro Repuestos / Vehiculos', 9126, 9212, '2016-07-31', '2012-10-19'),
(841, 435, 1, 'admin', '2006-07-01', '2006-07-31', 'Recibos de Cobro', 'Recibos de Cobro Repuestos / Vehiculos', 9213, 9264, '2016-07-31', '2012-10-19'),
(842, 435, 1, 'admin', '2006-07-01', '2006-07-31', 'Recibos de Cobro', 'Recibos de Cobro Repuestos / Vehiculos', 9265, 9318, '2016-07-31', '2012-10-19'),
(843, 436, 1, 'admin', '2006-05-01', '2006-06-30', 'Recibos de Cobro', 'Recibos de Cobro Vehiculos', 8761, 8855, '2016-06-30', '2012-10-19'),
(844, 436, 1, 'admin', '2006-06-01', '2006-06-30', 'Recibos de Cobro', 'Recibos de Cobro Vehiculos', 8856, 8960, '2016-06-30', '2012-10-19'),
(845, 436, 1, 'admin', '2006-06-01', '2006-06-30', 'Recibos de Cobro', 'Recibos de Cobro Vehiculos', 8961, 9040, '2016-06-30', '2012-10-19'),
(846, 437, 1, 'admin', '2006-04-01', '2006-04-30', 'Recibos de Cobro', 'Recibos de Cobro Repuestos / Vehiculos', 8441, 8520, '2016-04-30', '2012-10-19'),
(847, 437, 1, 'admin', '2006-05-01', '2006-05-31', 'Recibos de Cobro', 'Recibos de Cobro Repuestos / Vehiculos', 8521, 8599, '2016-05-31', '2012-10-19'),
(848, 437, 1, 'admin', '2006-05-01', '2006-05-31', 'Recibos de Cobro', 'Recibos de Cobro Repuestos / Vehiculos', 8600, 8670, '2016-05-31', '2012-10-19'),
(849, 437, 1, 'admin', '2006-05-01', '2006-05-31', 'Recibos de Cobro', 'Recibos de Cobro Repuestos / Vehiculos', 8671, 8760, '2016-05-31', '2012-10-19'),
(850, 438, 1, 'admin', '2006-03-01', '2006-03-31', 'Recibos de Cobro', 'Recibos de Cobro Repuestos / Vehiculos', 8158, 8209, '2016-03-31', '2012-10-19'),
(851, 438, 1, 'admin', '2006-03-01', '2006-03-31', 'Recibos de Cobro', 'Recibos de Cobro Repuestos / Vehiculos', 8210, 8282, '2016-03-31', '2012-10-19'),
(852, 438, 1, 'admin', '2006-03-01', '2006-04-30', 'Recibos de Cobro', 'Recibos de Cobro Repuestos / Vehiculos', 8283, 8360, '2016-04-30', '2012-10-19'),
(853, 438, 1, 'admin', '2006-04-01', '2006-04-30', 'Recibos de Cobro', 'Recibos de Cobro Repuestos / Vehiculos', 8361, 8440, '2016-04-30', '2012-10-19'),
(854, 439, 1, 'admin', '2006-01-01', '2006-01-31', 'Recibos de Cobro', 'Recibos de Cobro Repuestos / Vehiculos', 11345, 11393, '2016-01-31', '2012-10-19'),
(855, 439, 1, 'admin', '2006-01-01', '2006-01-31', 'Recibos de Cobro', 'Recibos de Cobro Repuestos / Vehiculos', 11394, 11456, '2016-01-31', '2012-10-19'),
(856, 439, 1, 'admin', '2006-02-01', '2006-02-28', 'Recibos de Cobro', 'Recibos de Cobro Repuestos / Vehiculos', 8001, 8070, '2016-02-28', '2012-10-19'),
(857, 439, 1, 'admin', '2006-02-01', '2006-02-28', 'Recibos de Cobro', 'Recibos de Cobro Repuestos / Vehiculos', 8071, 8149, '2016-02-28', '2012-10-19'),
(858, 440, 1, 'admin', '2006-01-01', '2006-01-31', 'Recibos de Cobro', 'Recibos de Cobro Vehiculos', 7824, 7900, '2016-01-31', '2012-10-19'),
(859, 440, 1, 'admin', '2006-01-01', '2006-01-31', 'Recibos de Cobro', 'Recibos de Cobro Vehiculos', 7901, 8000, '2016-01-31', '2012-10-19'),
(860, 440, 1, 'admin', '2006-01-01', '2006-01-31', 'Recibos de Cobro', 'Recibos de Cobro Vehiculos', 11229, 11279, '2016-01-31', '2012-10-19'),
(861, 440, 1, 'admin', '2006-01-01', '2006-01-31', 'Recibos de Cobro', 'Recibos de Cobro Vehiculos', 11280, 11344, '2016-01-31', '2012-10-19'),
(862, 441, 1, 'admin', '2005-01-01', '2005-01-31', 'Recibos de Cobro', 'Recibos de Cobro Repuestos / Vehiculos', 5292, 5349, '2015-01-31', '2012-10-19'),
(863, 441, 1, 'admin', '2005-01-01', '2005-02-28', 'Recibos de Cobro', 'Recibos de Cobro Repuestos / Vehiculos', 5350, 5431, '2015-02-28', '2012-10-19'),
(864, 441, 1, 'admin', '2005-03-01', '2005-04-30', 'Recibos de Cobro', 'Recibos de Cobro Repuestos / Vehiculos', 5681, 5789, '2015-04-30', '2012-10-19'),
(865, 442, 1, 'admin', '2005-04-01', '2005-04-30', 'Recibos de Cobro', 'Recibos de Cobro Repuestos / Vehiculos', 5791, 5870, '2015-04-30', '2012-10-19'),
(866, 442, 1, 'admin', '2006-04-01', '2006-05-31', 'Recibos de Cobro', 'Recibos de Cobro Repuestos / Vehiculos', 5871, 5946, '2016-05-31', '2012-10-19'),
(867, 442, 1, 'admin', '2006-05-01', '2006-05-31', 'Recibos de Cobro', 'Recibos de Cobro Repuestos / Vehiculos', 5947, 6035, '2016-05-31', '2012-10-19'),
(868, 442, 1, 'admin', '2006-05-01', '2006-05-31', 'Recibos de Cobro', 'Recibos de Cobro Repuestos / Vehiculos', 6036, 6110, '2016-05-31', '2012-10-19'),
(869, 443, 1, 'admin', '2007-01-01', '2007-12-31', 'Recibos de Cobro', 'Recibos de Cobro Caja 3', 0, 0, '2017-12-31', '2012-10-19'),
(870, 444, 1, 'admin', '2007-01-01', '2007-12-31', 'Recibos de Cobro', 'Recibos de Cobro Caja 2', 11750, 12519, '2017-12-31', '2012-10-19'),
(871, 445, 1, 'admin', '2007-03-01', '2007-03-31', 'Bco Bol', 'Bco Bol', 0, 0, '2017-03-31', '2012-10-19'),
(872, 446, 1, 'admin', '2002-01-01', '2002-12-31', 'Recibos de Cobro', 'Recibos de Cobro', 11457, 11749, '2012-12-31', '2012-10-19'),
(873, 447, 1, 'admin', '2007-04-01', '2007-04-30', 'Bco Venezuela', 'Bco Venezuela', 0, 0, '2017-04-30', '2012-10-19'),
(874, 448, 1, 'admin', '2004-01-01', '2006-12-31', 'Facturas Archivo', 'Facturas Archivo', 0, 0, '2016-12-31', '2012-10-19'),
(875, 449, 1, 'admin', '2007-01-01', '2007-01-31', 'Recibos de Cobro', 'Recibos de Cobro Vehiculos', 11457, 11498, '2017-01-31', '2012-10-19'),
(876, 449, 1, 'admin', '2007-01-01', '2007-01-31', 'Recibos de Cobro', 'Recibos de Cobro Vehiculos', 11500, 11593, '2017-01-31', '2012-10-19'),
(877, 449, 1, 'admin', '2007-01-01', '2007-02-28', 'Recibos de Cobro', 'Recibos de Cobro Vehiculos', 11606, 11681, '2017-02-28', '2012-10-19'),
(878, 449, 1, 'admin', '2007-02-01', '2007-02-28', 'Recibos de Cobro', 'Recibos de Cobro Vehiculos', 11682, 11749, '2017-02-28', '2012-10-19'),
(879, 450, 1, 'admin', '2007-02-01', '2007-02-28', 'Recibos de Cobro', 'Recibos de Cobro Vehiculos', 11750, 11816, '2017-02-28', '2012-10-19'),
(880, 450, 1, 'admin', '2007-02-01', '2007-02-28', 'Recibos de Cobro', 'Recibos de Cobro Vehiculos', 11817, 11942, '2017-02-28', '2012-10-19'),
(881, 450, 1, 'admin', '2007-02-10', '2007-03-31', 'Recibos de Cobro', 'Recibos de Cobro Vehiculos', 11951, 12067, '2017-03-31', '2012-10-19'),
(882, 450, 1, 'admin', '2007-03-01', '2007-03-31', 'Recibos de Cobro', 'Recibos de Cobro Vehiculos', 12068, 12156, '2017-03-31', '2012-10-19'),
(883, 451, 1, 'admin', '2007-03-01', '2007-03-31', 'Recibos de Cobro', 'Recibos de Cobro Repuestos / Vehiculos', 12164, 12255, '2017-03-31', '2012-10-19'),
(884, 451, 1, 'admin', '2007-03-01', '2007-03-31', 'Recibos de Cobro', 'Recibos de Cobro Repuestos / Vehiculos', 12257, 12374, '2017-03-31', '2012-10-19'),
(885, 451, 1, 'admin', '2007-03-01', '2007-04-30', 'Recibos de Cobro', 'Recibos de Cobro Repuestos / Vehiculos', 12375, 12519, '2017-04-30', '2012-10-19'),
(886, 451, 1, 'admin', '2007-04-01', '2007-04-30', 'Recibos de Cobro', 'Recibos de Cobro Repuestos / Vehiculos', 12531, 12606, '2017-04-30', '2012-10-19'),
(887, 452, 1, 'admin', '2007-04-01', '2007-04-30', 'Recibos de Cobro', 'Recibos de Cobro Vehiculos', 12607, 12722, '2017-04-30', '2012-10-19'),
(888, 452, 1, 'admin', '2007-04-01', '2007-05-31', 'Recibos de Cobro', 'Recibos de Cobro Vehiculos', 12723, 12888, '2017-05-31', '2012-10-19'),
(889, 452, 1, 'admin', '2007-05-01', '2007-05-31', 'Recibos de Cobro', 'Recibos de Cobro Vehiculos', 12960, 12999, '2017-05-31', '2012-10-19'),
(890, 452, 1, 'admin', '2007-05-01', '2007-05-31', 'Recibos de Cobro', 'Recibos de Cobro Vehiculos', 13000, 13120, '2017-05-31', '2012-10-19'),
(891, 453, 1, 'admin', '2007-05-01', '2007-05-31', 'Recibos de Cobro', 'Recibos de Cobro Vehiculos', 13121, 13232, '2017-05-31', '2012-10-19'),
(892, 453, 1, 'admin', '2007-06-01', '2007-06-30', 'Recibos de Cobro', 'Recibos de Cobro Vehiculos', 13705, 13780, '2017-06-30', '2012-10-19'),
(893, 453, 1, 'admin', '2007-06-01', '2007-07-31', 'Recibos de Cobro', 'Recibos de Cobro Vehiculos', 13781, 13877, '2017-07-31', '2012-10-19'),
(894, 453, 1, 'admin', '2007-07-01', '2007-07-31', 'Recibos de Cobro', 'Recibos de Cobro Vehiculos', 13878, 14041, '2017-07-31', '2012-10-19'),
(895, 454, 1, 'admin', '2007-07-01', '2007-07-31', 'Recibos de Cobro', 'Recibos de Cobro Vehiculos', 14042, 14199, '2017-07-31', '2012-10-19'),
(896, 454, 1, 'admin', '2007-07-01', '2007-07-31', 'Recibos de Cobro', 'Recibos de Cobro Vehiculos', 14200, 14280, '2017-07-31', '2012-10-19'),
(897, 454, 1, 'admin', '2007-07-01', '2007-07-31', 'Recibos de Cobro', 'Recibos de Cobro Vehiculos', 14295, 14364, '2017-07-31', '2012-10-19'),
(898, 454, 1, 'admin', '2007-08-01', '2007-08-31', 'Recibos de Cobro', 'Recibos de Cobro Vehiculos', 14281, 14460, '2017-08-31', '2012-10-19'),
(899, 454, 1, 'admin', '2007-08-01', '2007-08-31', 'Recibos de Cobro', 'Recibos de Cobro Vehiculos', 14468, 14660, '2017-08-31', '2012-10-19'),
(900, 455, 1, 'admin', '2007-08-01', '2007-08-31', 'Recibos de Cobro', 'Recibos de Cobro Vehiculos', 14661, 14826, '2017-08-31', '2012-10-19'),
(901, 455, 1, 'admin', '2007-08-01', '2007-08-31', 'Recibos de Cobro', 'Recibos de Cobro Vehiculos', 14832, 14950, '2017-08-31', '2012-10-19'),
(902, 455, 1, 'admin', '2007-08-01', '2007-08-31', 'Recibos de Cobro', 'Recibos de Cobro Vehiculos', 14951, 15062, '2017-08-31', '2012-10-19'),
(903, 455, 1, 'admin', '2007-09-01', '2007-09-30', 'Recibos de Cobro', 'Recibos de Cobro Vehiculos', 15063, 15297, '2017-09-30', '2012-10-19'),
(904, 456, 1, 'admin', '2007-09-01', '2007-09-30', 'Recibos de Cobro', 'Recibos de Cobro Repuestos', 15301, 15490, '2017-09-30', '2012-10-19'),
(905, 456, 1, 'admin', '2007-09-01', '2007-10-31', 'Recibos de Cobro', 'Recibos de Cobro Repuestos', 15540, 15750, '2017-10-31', '2012-10-19'),
(906, 456, 1, 'admin', '2007-10-01', '2007-10-31', 'Recibos de Cobro', 'Recibos de Cobro Repuestos', 15751, 15880, '2017-10-31', '2012-10-19'),
(907, 456, 1, 'admin', '2007-10-01', '2007-10-31', 'Recibos de Cobro', 'Recibos de Cobro Repuestos', 15881, 16111, '2017-10-31', '2012-10-19'),
(908, 456, 1, 'admin', '2007-11-01', '2007-11-30', 'Recibos de Cobro', 'Recibos de Cobro Repuestos', 15923, 15983, '2017-11-30', '2012-10-19'),
(909, 457, 1, 'admin', '2007-10-01', '2007-11-30', 'Recibos de Cobro', 'Recibos de Cobro Repuestos / Vehiculos', 16135, 16289, '2017-11-30', '2012-10-19'),
(910, 457, 1, 'admin', '2007-11-01', '2007-11-30', 'Recibos de Cobro', 'Recibos de Cobro Repuestos / Vehiculos', 16301, 16430, '2017-11-30', '2012-10-19'),
(911, 457, 1, 'admin', '2007-11-01', '2007-11-30', 'Recibos de Cobro', 'Recibos de Cobro Repuestos / Vehiculos', 16431, 16511, '2017-11-30', '2012-10-19'),
(912, 457, 1, 'admin', '2007-12-01', '2007-12-31', 'Recibos de Cobro', 'Recibos de Cobro Repuestos / Vehiculos', 16521, 16696, '2017-12-31', '2012-10-19'),
(913, 458, 1, 'admin', '2007-12-01', '2007-12-31', 'Bancos', 'Bol', 0, 0, '2017-12-31', '2012-10-19'),
(914, 459, 1, 'admin', '2007-10-01', '2007-10-31', 'Bancos', 'Bco exterior', 0, 0, '2017-10-31', '2012-10-19'),
(915, 460, 1, 'admin', '2007-01-01', '2007-12-31', 'RDG Maber', 'RDG Maber', 0, 0, '2017-12-31', '2012-10-19'),
(916, 461, 1, 'admin', '2007-01-01', '2007-02-28', 'Comprobantes', 'Comprobantes diarios Nacionalizaci', 0, 0, '2017-02-28', '2012-10-19'),
(917, 462, 1, 'admin', '2007-12-01', '2007-12-31', 'Bancos', 'Mercantil Vnzla Caribe', 0, 0, '2017-12-31', '2012-10-19'),
(918, 463, 1, 'admin', '2007-01-01', '2007-12-31', 'Conciliaciones', 'Conciliaciones Cartas de Credito', 0, 0, '2017-12-31', '2012-10-19'),
(919, 464, 1, 'admin', '2008-01-01', '2008-12-31', 'Cheques', 'Cheques Recibido', 0, 0, '2018-12-31', '2012-10-19'),
(920, 465, 1, 'admin', '2007-06-01', '2007-06-30', 'Bco Bol', 'Bco Bol', 0, 0, '2017-06-30', '2012-10-19'),
(921, 466, 1, 'admin', '2007-01-01', '2007-12-31', 'Comprobantes', 'Comprobantes diarios', 0, 0, '2017-12-31', '2012-10-19'),
(922, 467, 1, 'admin', '2007-01-01', '2007-12-31', 'Bancos', 'Mercantil Vzla Banesco Federal', 0, 0, '2017-12-31', '2012-10-19'),
(923, 468, 1, 'admin', '2007-01-01', '2007-12-31', 'Bancos', 'Mercantil Vzla Banesco Federal', 0, 0, '2017-12-31', '2012-10-19'),
(924, 469, 1, 'admin', '2007-01-01', '2007-12-31', 'Comprobantes', 'Comprobantes Caja Chica', 0, 0, '2017-12-31', '2012-10-19'),
(925, 470, 1, 'admin', '2007-01-01', '2007-12-31', 'Requiere actualizar', 'Requiere actualizar', 0, 0, '2017-12-31', '2012-10-19'),
(926, 471, 1, 'admin', '2007-01-01', '2007-12-31', 'Certificados de Origen', 'Certificados de Origen Anulados', 0, 0, '2017-12-31', '2012-10-19'),
(927, 472, 1, 'admin', '2007-01-01', '2007-12-31', 'Conciliaciones', 'Conciliaciones Bancarias Retencion', 0, 0, '2017-12-31', '2012-10-19'),
(928, 473, 1, 'admin', '2002-01-01', '2002-12-31', 'Servicios Generales', 'Servicios Generales', 0, 0, '2012-12-31', '2012-10-19'),
(929, 474, 1, 'admin', '2006-01-01', '2006-12-31', 'RDG KIAUTO, MIKIA', 'RDG KIAUTO, MIKIA (2 carpetas), AUTO KIA del Centro', 0, 0, '2016-12-31', '2012-10-19'),
(930, 475, 1, 'admin', '2007-01-01', '2007-12-31', 'RDG MABER, SHUMA, Auto Milenio', 'RDG MABER (2 carpetas), SHUMA (1 carpeta), Auto Milenio', 0, 0, '2017-12-31', '2012-10-19'),
(931, 476, 1, 'admin', '2007-01-01', '2007-12-31', 'RDG Universal. KIAUTO, La Paz', 'RDG Universal. KIAUTO, La Paz, KIA CARS', 0, 0, '2017-12-31', '2012-10-19'),
(932, 477, 1, 'admin', '2002-01-01', '2003-12-31', 'Facturas', 'Facturas de Repuestos DUKIA', 0, 0, '2013-12-31', '2012-10-19'),
(933, 478, 1, 'admin', '2005-01-01', '2005-12-31', 'RDG AutoKia del Centro', 'RDG AutoKia del Centro', 0, 0, '2015-12-31', '2012-10-19'),
(934, 479, 1, 'admin', '2002-01-01', '2003-12-31', 'Comprobantes', 'Comprobantes de Diario ', 0, 0, '2013-12-31', '2012-10-19'),
(935, 480, 1, 'admin', '2006-01-01', '2006-12-31', 'Certificado de Garantia', 'RDG Certificado de Garantia', 0, 0, '2016-12-31', '2012-10-19'),
(936, 480, 1, 'admin', '2006-01-01', '2006-12-31', 'YUYI, MABER, La Paz, KIAUTO', 'YUYI, MABER, La Paz, KIAUTO', 0, 0, '2016-12-31', '2012-10-19'),
(937, 481, 1, 'admin', '2002-01-01', '2002-12-31', 'Certificado de Garantia', 'RDG Certificado de Garantia ZULAUTO, Automotores LA Pur', 0, 0, '2012-12-31', '2012-10-19'),
(938, 481, 1, 'admin', '2002-01-01', '2002-12-31', 'Otros Concesionarios', 'Otros Concesionarios', 0, 0, '2012-12-31', '2012-10-19'),
(939, 482, 1, 'admin', '2006-01-01', '2006-12-31', 'Certificados de Garantia', 'Certificados de Garantia KIA CARS. MABER Centro La Paz, AK Motors', 0, 0, '2016-12-31', '2012-10-19'),
(940, 483, 1, 'admin', '2007-01-01', '2007-12-31', 'RDG KIA CARS', 'RDG KIA CARS', 0, 0, '2017-12-31', '2012-10-19'),
(941, 483, 1, 'admin', '2007-01-01', '2007-12-31', 'Universal Motors Valencia', 'Universal Motors Valencia', 0, 0, '2017-12-31', '2012-10-19'),
(942, 483, 1, 'admin', '2007-01-01', '2007-12-31', 'Auto Kia del Centro', 'Auto Kia del Centro', 0, 0, '2017-12-31', '2012-10-19'),
(943, 483, 1, 'admin', '2007-01-01', '2007-12-31', 'KIAUTO', 'KIAUTO', 0, 0, '2017-12-31', '2012-10-19'),
(944, 484, 1, 'admin', '2006-01-01', '2006-12-31', 'Certificado de Garantia', 'Certificado de Garantia', 0, 0, '2016-12-31', '2012-10-19'),
(945, 484, 1, 'admin', '2006-01-01', '2006-12-31', 'YUYI, MABER, La Paz', 'YUYI, MABER, La Paz', 0, 0, '2016-12-31', '2012-10-19'),
(946, 485, 1, 'admin', '2003-01-01', '2003-12-31', 'Comprobantes de Diario', 'Comprobantes de Diario', 0, 0, '2013-12-31', '2012-10-19'),
(947, 485, 1, 'admin', '2003-01-01', '2003-12-31', 'Control Fiscal ', 'Control Fiscal ', 0, 0, '2013-12-31', '2012-10-19'),
(948, 485, 1, 'admin', '2004-07-01', '2004-07-31', 'Comprobantes de Diario', 'Comprobantes de Diario', 0, 0, '2014-07-31', '2012-10-19'),
(949, 485, 1, 'admin', '2004-01-01', '2004-01-31', 'Comprobantes de Diario', 'Comprobantes de Diario', 0, 0, '2014-01-31', '2012-10-19'),
(950, 486, 1, 'admin', '2003-01-01', '2003-12-31', 'Notas de Credito Original', 'Notas de Credito Original', 0, 0, '2013-12-31', '2012-10-19'),
(951, 487, 1, 'admin', '2003-01-01', '2004-12-31', 'Certificados de Garantia', 'Certificados de Garantia Shuma', 0, 0, '2014-12-31', '2012-10-19'),
(952, 487, 1, 'admin', '2005-01-01', '2005-12-31', 'YUYI Motors MABER', 'YUYI Motors MABER', 0, 0, '2015-12-31', '2012-10-19'),
(953, 488, 1, 'admin', '2008-01-01', '2009-12-31', 'RDG Varios Concesionarios', 'RDG Varios Concesionarios S/ Carpeta', 0, 0, '2019-12-31', '2012-10-19'),
(954, 489, 1, 'admin', '2008-01-01', '2008-12-31', 'RDG Varios Concesionarios', 'RDG Varios Concesionarios S/ Carpeta', 0, 0, '2018-12-31', '2012-10-19'),
(955, 490, 1, 'admin', '2009-01-01', '2009-12-31', 'RDG Sin Carpeta', 'RDG Sin Carpeta', 0, 0, '2019-12-31', '2012-10-19'),
(956, 491, 1, 'admin', '2009-01-01', '2009-12-31', 'RDG Varios Concesionarios', 'RDG Varios Concesionarios S/ Carpeta', 0, 0, '2019-12-31', '2012-10-19'),
(957, 492, 1, 'admin', '2008-01-01', '2008-12-31', 'RDG Varios Concesionarios', 'RDG Varios Concesionarios S/ Carpeta', 0, 0, '2018-12-31', '2012-10-19'),
(958, 493, 1, 'admin', '2009-01-01', '2009-12-31', 'RDG Varios Concesionarios', 'RDG Varios Concesionarios S/ Carpeta', 0, 0, '2019-12-31', '2012-10-19'),
(959, 494, 1, 'admin', '2003-01-01', '2003-12-31', 'Notas de Credito', 'Notas de Credito', 1677, 1778, '2013-12-31', '2012-10-19'),
(960, 494, 1, 'admin', '2003-01-01', '2003-12-31', 'Notas de Credito', 'Notas de Credito', 1780, 2059, '2013-12-31', '2012-10-19'),
(961, 494, 1, 'admin', '2003-01-01', '2003-12-31', 'Notas de Credito', 'Notas de Credito', 2344, 2482, '2013-12-31', '2012-10-19'),
(962, 495, 1, 'admin', '2006-01-01', '2006-12-31', 'RDG Reclamo de Garantia', 'RDG Reclamo de Garantia ZULAUTO, Universal DUKIA, MABER', 0, 0, '2016-12-31', '2012-10-19'),
(963, 496, 1, 'admin', '2002-01-01', '2002-12-31', 'RDG Reclamo de Garantia', 'RDG Reclamo de Garantia Centro La Paz, Auto Star. AKI Motors, Universal Motors', 0, 0, '2012-12-31', '2012-10-19'),
(964, 497, 1, 'admin', '2002-01-01', '2002-12-31', 'Facturas', 'Facturas Repuestos', 0, 0, '2012-12-31', '2012-10-19'),
(965, 497, 1, 'admin', '2003-01-01', '2003-12-31', 'Control Fiscal', 'Control Fiscal Repuestos', 0, 0, '2013-12-31', '2012-10-19'),
(966, 498, 1, 'admin', '2002-01-01', '2002-12-31', 'Control Fiscal', 'Control Fiscal Vehiculos', 0, 0, '2012-12-31', '2012-10-19'),
(967, 498, 1, 'admin', '2003-01-01', '2006-12-31', 'Facturas', 'Facturas Puerto Libre', 0, 0, '2016-12-31', '2012-10-19'),
(968, 499, 1, 'admin', '2002-01-01', '2002-12-31', 'RDG Reclamo de Garantia', 'RDG Reclamo de Garantia', 0, 0, '2012-12-31', '2012-10-19'),
(969, 500, 1, 'admin', '2009-01-01', '2009-12-31', 'RDG Sin Carpeta', 'RDG Sin Carpeta', 0, 0, '2019-12-31', '2012-10-19'),
(970, 501, 1, 'admin', '2003-01-01', '2003-12-31', 'RDG Garantia', 'RDG Garantia Tauro Motors. Kiauto. AKI Cars', 0, 0, '2013-12-31', '2012-10-19'),
(971, 502, 1, 'admin', '2003-01-01', '2003-12-31', 'RDG Garantia YUYI Motors. SUMI', 'RDG Garantia YUYI Motors. SUMI Motors. SHUMA 2005. AKI Cars', 0, 0, '2013-12-31', '2012-10-19'),
(972, 503, 1, 'admin', '2007-01-01', '2007-12-31', 'Recepcion', 'Recepcion', 0, 0, '2017-12-31', '2012-10-19'),
(973, 504, 1, 'admin', '2002-01-01', '2002-12-31', 'Tarjetas de Control Inspeccion', 'Tarjetas de Control Inspeccion - verificar fechas', 0, 0, '2012-12-31', '2012-10-19'),
(974, 505, 1, 'admin', '2002-01-01', '2002-12-31', 'Archivo muerto', 'Archivo muerto - requiere actualizacion', 0, 0, '2012-12-31', '2012-10-19'),
(975, 506, 1, 'admin', '2002-01-01', '2002-12-31', 'Control SENIAT Repuestos', 'Control SENIAT Repuestos - requiere actualizar fechas', 0, 0, '2012-12-31', '2012-10-19'),
(976, 507, 1, 'admin', '2002-01-01', '2002-12-31', 'Tarjetas de Control Inspeccion', 'Tarjetas de Control Inspeccion - requiere actualizar fechas', 0, 0, '2012-12-31', '2012-10-19'),
(977, 508, 1, 'admin', '2002-01-01', '2002-12-31', 'Garantia', 'Garantia - requiere actualizar fechas', 0, 0, '2012-12-31', '2012-10-19'),
(978, 509, 1, 'admin', '2002-01-01', '2002-12-31', 'Tarjetas de Control Inspecci', 'Tarjetas de Control Inspecci', 0, 0, '2012-12-31', '2012-10-19'),
(979, 510, 1, 'admin', '2012-10-19', '2012-10-19', 'Recepcion de Vehiculos', 'Recepcion de Vehiculos - Garantia - requiere actualizar fechas', 0, 0, '2022-10-19', '2012-10-19'),
(980, 511, 1, 'admin', '2002-01-01', '2002-12-31', 'Recepcion de Vehiculos - Garan', 'Recepcion de Vehiculos - Garantia - requiere actualizar fechas', 0, 0, '2012-12-31', '2012-10-19'),
(981, 512, 1, 'admin', '2002-01-01', '2002-12-31', 'Recepcion de Vehiculos - Garan', 'Recepcion de Vehiculos - Garantia - requiere actualizar fechas', 0, 0, '2012-12-31', '2012-10-19'),
(982, 513, 1, 'admin', '2002-01-01', '2002-12-31', 'Garantia', 'Garantia - requiere actualizar fechas', 0, 0, '2012-12-31', '2012-10-19'),
(983, 514, 1, 'admin', '2002-01-01', '2002-12-31', 'Garantia', 'Garantia - requiere actualizar fechas', 0, 0, '2012-12-31', '2012-10-19'),
(984, 515, 1, 'admin', '2002-01-10', '2002-12-31', 'Operaciones Tecnicas', 'Distribucion Direccion Operaciones Tecnicas -requiere actualizar fechas', 0, 0, '2012-12-31', '2012-10-19'),
(985, 516, 1, 'admin', '2007-01-01', '2007-12-31', 'Post venta', 'Post venta', 0, 0, '2017-12-31', '2012-10-19'),
(986, 517, 1, 'admin', '2003-01-01', '2003-12-31', 'Notas de Credito', 'Notas de Credito', 0, 0, '2013-12-31', '2012-10-19'),
(987, 518, 1, 'admin', '2006-01-01', '2006-12-31', 'requiere actualizar', 'requiere actualizar', 0, 0, '2016-12-31', '2012-10-19'),
(988, 519, 1, 'admin', '2006-01-01', '2006-12-31', 'Notas de Credito', 'Notas de Credito', 0, 0, '2016-12-31', '2012-10-19'),
(989, 520, 1, 'admin', '2002-01-01', '2002-12-31', 'Documentos Varios', 'Documentos Varios', 0, 0, '2012-12-31', '2012-10-19'),
(990, 521, 1, 'admin', '2002-01-01', '2002-12-31', 'Finanzas Caja Nro 3', 'Finanzas Caja Nro 3', 0, 0, '2012-12-31', '2012-10-19'),
(991, 522, 1, 'admin', '2005-01-01', '2006-12-31', 'TCI', 'TCI', 0, 0, '2016-12-31', '2012-10-19'),
(992, 523, 1, 'admin', '2002-01-01', '2002-12-31', 'Documentos Varios', 'Documentos Varios', 0, 0, '2012-12-31', '2012-10-19'),
(993, 524, 1, 'admin', '2004-01-01', '2008-12-31', 'Documentos Varios', 'RRHH Poliza HCM, Multi Listado Movilnet Manuales Nomina SIQUEL Lista Ppersonal Archivo', 0, 0, '2018-12-31', '2012-10-19'),
(994, 525, 1, 'admin', '2002-01-01', '2002-12-31', 'Servicios Generales', 'Servicios Generales', 0, 0, '2012-12-31', '2012-10-19'),
(995, 526, 1, 'admin', '2002-01-01', '2002-12-31', 'Repuestos', 'Repuestos', 0, 0, '2012-12-31', '2012-10-19'),
(996, 527, 1, 'admin', '2002-01-01', '2002-12-31', 'Servicios Generales', 'Servicios Generales', 0, 0, '2012-12-31', '2012-10-19'),
(997, 528, 1, 'admin', '2002-01-01', '2002-12-31', 'Servicios Generales', 'Servicios Generales', 0, 0, '2012-12-31', '2012-10-19'),
(998, 529, 1, 'admin', '2002-01-01', '2002-12-31', 'Servicios Generales', 'Servicios Generales', 0, 0, '2012-12-31', '2012-10-19'),
(999, 530, 1, 'admin', '2002-01-01', '2002-12-31', 'Recibos de Cobro', 'Recibos de Cobro Caja 08', 0, 0, '2012-12-31', '2012-10-19'),
(1000, 531, 1, 'admin', '2002-01-01', '2002-12-31', 'RDG MUVECA Garantia', 'RDG MUVECA Garantia', 0, 0, '2012-12-31', '2012-10-19'),
(1001, 532, 1, 'admin', '2002-01-01', '2002-12-31', 'Certificados de Origen', 'Certificados de Origen', 0, 0, '2012-12-31', '2012-10-19'),
(1002, 533, 1, 'admin', '2002-01-01', '2002-12-31', 'RDG Garantia', 'RDG Garantia AYMESA - Ecuador', 0, 0, '2012-12-31', '2012-10-19'),
(1003, 534, 1, 'admin', '2002-01-01', '2002-12-31', 'RDG', 'RDG', 0, 0, '2012-12-31', '2012-10-19'),
(1004, 535, 1, 'admin', '2002-01-01', '2002-12-31', 'RDG Garantia', 'RDG Garantia', 0, 0, '2012-12-31', '2012-10-19'),
(1005, 536, 1, 'admin', '2005-05-01', '2005-06-30', 'Recibos de Cobro', 'Recibos de Cobro Repuestos / Vehiculos', 6111, 6200, '2015-06-30', '2012-10-19'),
(1006, 536, 1, 'admin', '2005-06-01', '2005-06-30', 'Recibos de Cobro', 'Recibos de Cobro Repuestos / Vehiculos', 6201, 6280, '2015-06-30', '2012-10-19'),
(1007, 536, 1, 'admin', '2005-06-01', '2005-07-31', 'Recibos de Cobro', 'Recibos de Cobro Repuestos / Vehiculos', 6281, 6360, '2015-07-31', '2012-10-19'),
(1008, 536, 1, 'admin', '2005-07-01', '2005-07-31', 'Recibos de Cobro', 'Recibos de Cobro Repuestos / Vehiculos', 6361, 6436, '2015-07-31', '2012-10-19'),
(1009, 537, 1, 'admin', '2005-05-01', '2005-06-30', 'Recibos de Cobro', 'Recibos de Cobro Repuestos / Vehiculos', 6437, 6500, '2015-06-30', '2012-10-19'),
(1010, 537, 1, 'admin', '2005-07-01', '2005-08-31', 'Recibos de Cobro', 'Recibos de Cobro Repuestos / Vehiculos', 6501, 6563, '2015-08-31', '2012-10-19'),
(1011, 537, 1, 'admin', '2005-08-01', '2005-09-30', 'Recibos de Cobro', 'Recibos de Cobro Repuestos / Vehiculos', 6564, 6970, '2015-09-30', '2012-10-19'),
(1012, 537, 1, 'admin', '2005-09-01', '2005-10-31', 'Recibos de Cobro', 'Recibos de Cobro Repuestos / Vehiculos', 6971, 7023, '2015-10-31', '2012-10-19'),
(1013, 538, 1, 'admin', '2005-10-01', '2005-10-31', 'Recibos de Cobro', 'Recibos de Cobro Repuestos / Vehiculos', 7024, 7049, '2015-10-31', '2012-10-19'),
(1014, 538, 1, 'admin', '2005-10-01', '2005-10-31', 'Recibos de Cobro', 'Recibos de Cobro Repuestos / Vehiculos', 7051, 7119, '2015-10-31', '2012-10-19'),
(1015, 538, 1, 'admin', '2005-10-01', '2005-10-31', 'Recibos de Cobro', 'Recibos de Cobro Repuestos / Vehiculos', 7120, 7198, '2015-10-31', '2012-10-19'),
(1016, 538, 1, 'admin', '2005-10-01', '2005-11-30', 'Recibos de Cobro', 'Recibos de Cobro Repuestos / Vehiculos', 7200, 7260, '2015-11-30', '2012-10-19'),
(1017, 539, 1, 'admin', '2005-11-01', '2005-11-30', 'Recibos de Cobro', 'Recibos de Cobro Repuestos / Vehiculos', 7261, 7320, '2015-11-30', '2012-10-19'),
(1018, 539, 1, 'admin', '2005-11-01', '2005-11-30', 'Recibos de Cobro', 'Recibos de Cobro Repuestos / Vehiculos', 7321, 7380, '2015-11-30', '2012-10-19'),
(1019, 539, 1, 'admin', '2005-11-01', '2005-11-30', 'Recibos de Cobro', 'Recibos de Cobro Repuestos / Vehiculos', 7381, 7520, '2015-11-30', '2012-10-19'),
(1020, 539, 1, 'admin', '2005-11-01', '2005-12-31', 'Recibos de Cobro', 'Recibos de Cobro Repuestos / Vehiculos', 7521, 7599, '2015-12-31', '2012-10-19'),
(1021, 540, 1, 'admin', '2005-12-01', '2005-12-31', 'Recibos de Cobro', 'Recibos de Cobro Repuestos / Vehiculos', 7600, 7680, '2015-12-31', '2012-10-19'),
(1022, 540, 1, 'admin', '2005-12-01', '2005-12-31', 'Recibos de Cobro', 'Recibos de Cobro Repuestos / Vehiculos', 7681, 7740, '2015-12-31', '2012-10-19'),
(1023, 540, 1, 'admin', '2005-12-01', '2005-12-31', 'Recibos de Cobro', 'Recibos de Cobro Repuestos / Vehiculos', 7681, 7740, '2015-12-31', '2012-10-19'),
(1024, 540, 1, 'admin', '2005-12-01', '2005-12-31', 'Recibos de Cobro', 'Recibos de Cobro Repuestos / Vehiculos', 7742, 7823, '2015-12-31', '2012-10-19'),
(1025, 541, 1, 'admin', '2002-01-01', '2002-12-31', 'Pagos de Garantia', 'Pagos de Garantia Recibidos', 0, 0, '2012-12-31', '2012-10-19'),
(1026, 542, 1, 'admin', '2006-01-01', '2006-12-31', 'Certificados de Origen', 'Certificados de Origen', 0, 0, '2016-12-31', '2012-10-19'),
(1027, 543, 1, 'admin', '2006-05-01', '2006-06-30', 'Contabilidad', 'Contabilidad Comprobantes', 0, 0, '2016-06-30', '2012-10-19'),
(1028, 544, 1, 'admin', '2006-01-01', '2006-12-31', 'Control SENIAT Repuestos', 'Control SENIAT Repuestos', 19081, 21413, '2016-12-31', '2012-10-19'),
(1029, 545, 1, 'admin', '2003-09-01', '2004-11-30', 'Recibos de Cobro', 'Recibos de Cobro', 749, 854, '2014-11-30', '2012-10-19'),
(1030, 545, 1, 'admin', '2004-02-01', '2004-02-28', 'Recibos de Cobro', 'Recibos de Cobro', 3709, 3809, '2014-02-28', '2012-10-19'),
(1031, 545, 1, 'admin', '2004-01-01', '2004-03-31', 'Recibos de Cobro', 'Recibos de Cobro', 3810, 4050, '2014-03-31', '2012-10-19'),
(1032, 545, 1, 'admin', '2004-04-01', '2004-04-30', 'Recibos de Cobro', 'Recibos de Cobro', 3811, 3952, '2014-04-30', '2012-10-19'),
(1033, 545, 1, 'admin', '2004-01-01', '2004-05-31', 'Recibos de Cobro', 'Recibos de Cobro', 4051, 4130, '2014-05-31', '2012-10-19'),
(1034, 546, 1, 'admin', '2004-02-01', '2004-06-30', 'Recibos de Cobro', 'Recibos de Cobro', 4135, 4239, '2014-06-30', '2012-10-19'),
(1035, 546, 1, 'admin', '2004-05-01', '2004-06-30', 'Recibos de Cobro', 'Recibos de Cobro', 4241, 4330, '2014-06-30', '2012-10-19'),
(1036, 546, 1, 'admin', '2004-05-01', '2004-07-31', 'Recibos de Cobro', 'Recibos de Cobro', 4331, 4387, '2014-07-31', '2012-10-19'),
(1037, 546, 1, 'admin', '2004-07-01', '2004-08-31', 'Recibos de Cobro', 'Recibos de Cobro', 4388, 4460, '2014-08-31', '2012-10-19'),
(1038, 547, 1, 'admin', '2004-08-01', '2004-08-31', 'Recibos de Cobro', 'Recibos de Cobro', 4461, 4528, '2014-08-31', '2012-10-19'),
(1039, 547, 1, 'admin', '2004-08-01', '2004-09-30', 'Recibos de Cobro', 'Recibos de Cobro', 4530, 4599, '2014-09-30', '2012-10-19'),
(1040, 547, 1, 'admin', '2004-09-01', '2004-09-30', 'Recibos de Cobro', 'Recibos de Cobro', 4600, 4660, '2014-09-30', '2012-10-19'),
(1041, 548, 1, 'admin', '2004-09-01', '2004-09-30', 'Recibos de Cobro', 'Recibos de Cobro', 4661, 4730, '2014-09-30', '2012-10-19'),
(1042, 548, 1, 'admin', '2004-09-01', '2004-10-31', 'Recibos de Cobro', 'Recibos de Cobro', 4731, 4790, '2014-10-31', '2012-10-19'),
(1043, 548, 1, 'admin', '2004-10-01', '2004-11-30', 'Recibos de Cobro', 'Recibos de Cobro', 4791, 4870, '2014-11-30', '2012-10-19'),
(1044, 549, 1, 'admin', '2004-10-01', '2004-11-30', 'Recibos de Cobro', 'Recibos de Cobro', 4871, 4940, '2014-11-30', '2012-10-19'),
(1045, 549, 1, 'admin', '2004-11-01', '2004-11-30', 'Recibos de Cobro', 'Recibos de Cobro', 4941, 5010, '2014-11-30', '2012-10-19'),
(1046, 549, 1, 'admin', '2004-11-01', '2004-11-30', 'Recibos de Cobro', 'Recibos de Cobro', 5011, 5080, '2014-11-30', '2012-10-19'),
(1047, 550, 1, 'admin', '2004-11-01', '2004-12-31', 'Recibos de Cobro', 'Recibos de Cobro', 5081, 5170, '2014-12-31', '2012-10-19'),
(1048, 550, 1, 'admin', '2004-12-01', '2004-12-31', 'Recibos de Cobro', 'Recibos de Cobro', 5171, 5230, '2014-12-31', '2012-10-19'),
(1049, 550, 1, 'admin', '2004-12-01', '2004-12-31', 'Recibos de Cobro', 'Recibos de Cobro', 5231, 5291, '2014-12-31', '2012-10-19'),
(1050, 551, 1, 'admin', '2003-02-01', '2003-04-30', 'Recibos de Cobro', 'Recibos de Cobro Repuestos', 523, 584, '2013-04-30', '2012-10-19'),
(1051, 551, 1, 'admin', '2003-04-01', '2003-06-30', 'Recibos de Cobro', 'Recibos de Cobro Repuestos', 585, 670, '2013-06-30', '2012-10-19'),
(1052, 551, 1, 'admin', '2003-07-01', '2003-08-31', 'Recibos de Cobro', 'Recibos de Cobro Repuestos', 671, 748, '2013-08-31', '2012-10-19'),
(1053, 551, 1, 'admin', '2003-08-01', '2003-10-31', 'Recibos de Cobro', 'Recibos de Cobro Repuestos', 3361, 3504, '2013-10-31', '2012-10-19'),
(1054, 552, 1, 'admin', '2002-01-01', '2002-01-31', 'Recibos de Cobro', 'Recibos de Cobro Vehiculos', 1371, 1568, '2012-01-31', '2012-10-19'),
(1055, 552, 1, 'admin', '2002-02-01', '2002-02-28', 'Recibos de Cobro', 'Recibos de Cobro Vehiculos', 1570, 1745, '2012-02-28', '2012-10-19'),
(1056, 552, 1, 'admin', '2002-03-01', '2002-03-31', 'Recibos de Cobro', 'Recibos de Cobro Vehiculos', 1746, 1930, '2012-03-31', '2012-10-19'),
(1057, 552, 1, 'admin', '2002-07-01', '2002-08-31', 'Recibos de Cobro', 'Recibos de Cobro Vehiculos', 2245, 2376, '2012-08-31', '2012-10-19'),
(1058, 552, 1, 'admin', '2002-07-01', '2002-08-31', 'Recibos de Cobro', 'Recibos de Cobro Vehiculos', 2377, 2409, '2012-08-31', '2012-10-19'),
(1059, 552, 1, 'admin', '2002-08-01', '2002-12-31', 'Recibos de Cobro', 'Recibos de Cobro Vehiculos', 2717, 2811, '2012-12-31', '2012-10-19'),
(1060, 553, 1, 'admin', '2003-04-01', '2003-04-30', 'Recibos de Cobro', 'Recibos de Cobro Vehiculos - Repuestos', 601, 701, '2013-04-30', '2012-10-19'),
(1061, 553, 1, 'admin', '2003-05-01', '2003-06-30', 'Recibos de Cobro', 'Recibos de Cobro Vehiculos - Repuestos', 365, 457, '2013-06-30', '2012-10-19'),
(1062, 553, 1, 'admin', '2003-06-01', '2003-07-31', 'Recibos de Cobro', 'Recibos de Cobro Vehiculos - Repuestos', 458, 558, '2013-07-31', '2012-10-19'),
(1063, 553, 1, 'admin', '2003-07-01', '2003-07-31', 'Recibos de Cobro', 'Recibos de Cobro Vehiculos - Repuestos', 559, 650, '2013-07-31', '2012-10-19'),
(1064, 553, 1, 'admin', '2003-08-01', '2003-08-31', 'Recibos de Cobro', 'Recibos de Cobro Vehiculos - Repuestos', 651, 677, '2013-08-31', '2012-10-19'),
(1065, 553, 1, 'admin', '2003-09-01', '2003-09-30', 'Recibos de Cobro', 'Recibos de Cobro Vehiculos - Repuestos', 708, 784, '2013-09-30', '2012-10-19'),
(1066, 553, 1, 'admin', '2003-09-01', '2003-09-30', 'Recibos de Cobro', 'Recibos de Cobro Vehiculos - Repuestos', 785, 839, '2013-09-30', '2012-10-19'),
(1067, 553, 1, 'admin', '2003-06-01', '2003-06-30', 'Recibos de Cobro', 'Recibos de Cobro Vehiculos - Repuestos', 40, 55, '2013-06-30', '2012-10-19'),
(1068, 553, 1, 'admin', '2003-07-01', '2003-07-31', 'Recibos de Cobro', 'Recibos de Cobro Vehiculos - Repuestos', 57, 77, '2013-07-31', '2012-10-19'),
(1069, 553, 1, 'admin', '2003-08-01', '2003-08-31', 'Recibos de Cobro', 'Recibos de Cobro Vehiculos - Repuestos', 73, 91, '2013-08-31', '2012-10-19'),
(1070, 553, 1, 'admin', '2003-09-01', '2003-09-30', 'Recibos de Cobro', 'Recibos de Cobro Vehiculos - Repuestos', 92, 109, '2013-09-30', '2012-10-19'),
(1071, 554, 1, 'admin', '2003-10-01', '2003-10-31', 'Recibos de Cobro', 'Recibos de Cobro Vehiculos - Repuestos', 110, 156, '2013-10-31', '2012-10-19'),
(1072, 554, 1, 'admin', '2003-11-01', '2003-11-30', 'Recibos de Cobro', 'Recibos de Cobro Vehiculos - Repuestos', 157, 179, '2013-11-30', '2012-10-19'),
(1073, 554, 1, 'admin', '2003-12-01', '2003-12-31', 'Recibos de Cobro', 'Recibos de Cobro Vehiculos - Repuestos', 180, 199, '2013-12-31', '2012-10-19'),
(1074, 554, 1, 'admin', '2003-10-01', '2003-10-31', 'Recibos de Cobro', 'Recibos de Cobro Vehiculos - Repuestos', 840, 909, '2013-10-31', '2012-10-19');
INSERT INTO `carpeta` (`idCarpeta`, `idCaja`, `idTipoCarpeta`, `idUsuario`, `Fecha_Ini`, `Fecha_Fin`, `Serie`, `Subserie`, `nSerieInf`, `nSerieSup`, `FechaMaxRet`, `Fecha_Creacion`) VALUES
(1075, 554, 1, 'admin', '2003-10-01', '2003-10-31', 'Recibos de Cobro', 'Recibos de Cobro Vehiculos - Repuestos', 910, 1011, '2013-10-31', '2012-10-19'),
(1076, 554, 1, 'admin', '2003-11-01', '2003-11-30', 'Recibos de Cobro', 'Recibos de Cobro Vehiculos - Repuestos', 1012, 1048, '2013-11-30', '2012-10-19'),
(1077, 554, 1, 'admin', '2003-12-01', '2003-12-31', 'Recibos de Cobro', 'Recibos de Cobro Vehiculos - Repuestos', 1050, 1238, '2013-12-31', '2012-10-19'),
(1078, 554, 1, 'admin', '2003-12-01', '2003-12-31', 'Recibos de Cobro', 'Recibos de Cobro Vehiculos - Repuestos', 1239, 1370, '2013-12-31', '2012-10-19'),
(1079, 555, 1, 'admin', '2002-09-01', '2003-12-31', 'Recibos de Cobro', 'Recibos de Cobro Vehiculos - Repuestos', 855, 930, '2013-12-31', '2012-10-19'),
(1080, 555, 1, 'admin', '2002-10-01', '2003-11-30', 'Recibos de Cobro', 'Recibos de Cobro Vehiculos - Repuestos', 1641, 1716, '2013-11-30', '2012-10-19'),
(1081, 555, 1, 'admin', '2002-01-01', '2003-02-28', 'Recibos de Cobro', 'Recibos de Cobro Vehiculos - Repuestos', 2812, 2913, '2013-02-28', '2012-10-19'),
(1082, 555, 1, 'admin', '2002-06-01', '2003-08-31', 'Recibos de Cobro', 'Recibos de Cobro Vehiculos - Repuestos', 3233, 3360, '2013-08-31', '2012-10-19'),
(1083, 556, 1, 'admin', '2005-08-01', '2005-08-31', 'Recibos de Cobro', 'Recibos de Cobro', 6600, 6680, '2015-08-31', '2012-10-19'),
(1084, 556, 1, 'admin', '2005-08-01', '2005-08-31', 'Recibos de Cobro', 'Recibos de Cobro', 6681, 6760, '2015-08-31', '2012-10-19'),
(1085, 556, 1, 'admin', '2005-08-01', '2005-09-30', 'Recibos de Cobro', 'Recibos de Cobro', 6761, 6850, '2015-09-30', '2012-10-19'),
(1086, 556, 1, 'admin', '2005-09-01', '2005-09-30', 'Recibos de Cobro', 'Recibos de Cobro', 6851, 6920, '2015-09-30', '2012-10-19'),
(1087, 557, 1, 'admin', '2007-05-01', '2007-06-30', 'Recibos de Cobro', 'Recibos de Cobro', 13233, 13338, '2017-06-30', '2012-10-19'),
(1088, 557, 1, 'admin', '2007-06-01', '2007-06-30', 'Recibos de Cobro', 'Recibos de Cobro', 13339, 13448, '2017-06-30', '2012-10-19'),
(1089, 557, 1, 'admin', '2007-06-01', '2007-06-30', 'Recibos de Cobro', 'Recibos de Cobro', 13449, 13582, '2017-06-30', '2012-10-19'),
(1090, 557, 1, 'admin', '2007-06-01', '2007-06-30', 'Recibos de Cobro', 'Recibos de Cobro', 13583, 13704, '2017-06-30', '2012-10-19'),
(1091, 558, 1, 'admin', '2008-01-01', '2008-12-31', 'Reclamos Garantias ', 'Reclamos Garantias ', 0, 0, '2018-12-31', '2012-10-19'),
(1092, 559, 1, 'admin', '2008-01-01', '2008-12-31', 'Despacho de Repuestos', 'Despacho de Repuestos Garantia', 0, 0, '2018-12-31', '2012-10-19'),
(1093, 560, 1, 'admin', '2007-05-01', '2007-07-31', 'Banco Mercantil', 'Banco Mercantil', 0, 0, '2017-07-31', '2012-10-19'),
(1094, 560, 1, 'admin', '2007-07-01', '2007-07-31', 'Transferencias', 'Transferencias', 0, 0, '2017-07-31', '2012-10-19'),
(1095, 561, 1, 'admin', '2007-08-01', '2007-09-30', 'Banco Mercantil', 'Banco Mercantil', 0, 0, '2017-09-30', '2012-10-19'),
(1096, 562, 1, 'admin', '2007-10-01', '2007-11-30', 'Banco Mercantil', 'Banco Mercantil', 0, 0, '2017-11-30', '2012-10-19'),
(1097, 563, 1, 'admin', '2007-12-01', '2007-12-31', 'Banco Mercantil', 'Banco Mercantil', 0, 0, '2017-12-31', '2012-10-19'),
(1098, 563, 1, 'admin', '2007-12-01', '2007-12-31', 'Commerce Bank', 'Commerce Bank', 0, 0, '2017-12-31', '2012-10-19'),
(1099, 564, 1, 'admin', '2007-01-01', '2007-04-30', 'Banco de Venezuela', 'Banco de Venezuela', 0, 0, '2017-04-30', '2012-10-19'),
(1100, 565, 1, 'admin', '2007-04-01', '2007-07-31', 'Banco de Venezuela', 'Banco de Venezuela', 0, 0, '2017-07-31', '2012-10-19'),
(1101, 566, 1, 'admin', '2007-07-01', '2007-12-31', 'Banco de Venezuela', 'Banco de Venezuela', 0, 0, '2017-12-31', '2012-10-19'),
(1102, 567, 1, 'admin', '2007-06-01', '2007-12-31', 'Banco BANESCO', 'Banco BANESCO', 0, 0, '2017-12-31', '2012-10-19'),
(1103, 567, 1, 'admin', '2007-01-01', '2007-12-31', 'Otros Bancos', 'Otros Bancos', 0, 0, '2017-12-31', '2012-10-19'),
(1104, 568, 1, 'admin', '2007-01-01', '2007-11-30', 'Banco Exterior', 'Banco Exterior', 0, 0, '2017-11-30', '2012-10-19'),
(1105, 569, 1, 'admin', '2006-09-01', '2006-09-30', 'Banco Bolivar', 'Banco Bolivar', 0, 0, '2016-09-30', '2012-10-19'),
(1106, 570, 1, 'admin', '2006-10-01', '2006-10-31', 'Banco Bolivar', 'Banco Bolivar', 0, 0, '2016-10-31', '2012-10-19'),
(1107, 571, 1, 'admin', '2006-11-01', '2006-11-30', 'Banco Bolivar', 'Banco Bolivar', 0, 0, '2016-11-30', '2012-10-19'),
(1108, 572, 1, 'admin', '2006-12-01', '2006-12-31', 'Banco Bolivar', 'Banco Bolivar', 0, 0, '2016-12-31', '2012-10-19'),
(1109, 573, 1, 'admin', '2006-11-01', '2006-12-31', 'Banco Bolivar', 'Banco Bolivar', 0, 0, '2016-12-31', '2012-10-19'),
(1110, 574, 1, 'admin', '2006-08-01', '2006-10-31', 'Banco Mercantil', 'Banco Mercantil', 0, 0, '2016-10-31', '2012-10-19'),
(1111, 574, 1, 'admin', '2006-01-01', '2006-12-31', 'Reporte anticipo', 'Reporte anticipo Proveedores', 0, 0, '2016-12-31', '2012-10-19'),
(1112, 575, 1, 'admin', '2009-01-01', '2009-12-31', 'MUVECA', 'MUVECA', 0, 0, '2019-12-31', '2012-10-19'),
(1113, 576, 1, 'admin', '2007-01-01', '2007-01-31', 'Banco Bolivar', 'Banco Bolivar', 0, 0, '2017-01-31', '2012-10-19'),
(1114, 577, 1, 'admin', '2007-02-01', '2007-02-28', 'Banco Bolivar', 'Banco Bolivar', 0, 0, '2017-02-28', '2012-10-19'),
(1115, 578, 1, 'admin', '2007-02-01', '2007-03-31', 'Banco Bolivar', 'Banco Bolivar', 0, 0, '2017-03-31', '2012-10-19'),
(1116, 579, 1, 'admin', '2007-03-01', '2007-03-31', 'Banco Bolivar', 'Banco Bolivar', 0, 0, '2017-03-31', '2012-10-19'),
(1117, 580, 1, 'admin', '2007-03-01', '2007-05-31', 'Banco Bolivar', 'Banco Bolivar', 0, 0, '2017-05-31', '2012-10-19'),
(1118, 581, 1, 'admin', '2007-05-01', '2007-05-31', 'Banco Bolivar', 'Banco Bolivar', 0, 0, '2017-05-31', '2012-10-19'),
(1119, 582, 1, 'admin', '2007-05-01', '2007-06-30', 'Banco Bolivar', 'Banco Bolivar', 0, 0, '2017-06-30', '2012-10-19'),
(1120, 583, 1, 'admin', '2007-07-01', '2007-08-31', 'Banco Bolivar', 'Banco Bolivar', 0, 0, '2017-08-31', '2012-10-19'),
(1121, 584, 1, 'admin', '2007-08-01', '2007-09-30', 'Banco Bolivar', 'Banco Bolivar', 0, 0, '2017-09-30', '2012-10-19'),
(1122, 585, 1, 'admin', '2007-09-01', '2007-09-30', 'Banco Bolivar', 'Banco Bolivar', 0, 0, '2017-09-30', '2012-10-19'),
(1123, 586, 1, 'admin', '2007-09-01', '2007-10-31', 'Banco Bolivar', 'Banco Bolivar', 0, 0, '2017-10-31', '2012-10-19'),
(1124, 587, 1, 'admin', '2007-10-01', '2007-11-30', 'Banco Bolivar', 'Banco Bolivar', 0, 0, '2017-11-30', '2012-10-19'),
(1125, 588, 1, 'admin', '2007-12-01', '2007-12-31', 'Banco Bolivar', 'Banco Bolivar', 0, 0, '2017-12-31', '2012-10-19'),
(1126, 589, 1, 'admin', '2007-01-01', '2007-03-31', 'Banco Mercantil', 'Banco Mercantil', 0, 0, '2017-03-31', '2012-10-19'),
(1127, 589, 1, 'admin', '2007-01-01', '2007-04-30', 'Transferencias', 'Transferencias', 0, 0, '2017-04-30', '2012-10-19'),
(1128, 589, 1, 'admin', '2007-02-01', '2007-02-28', 'Transferencias', 'Transferencias', 0, 0, '2017-02-28', '2012-10-19'),
(1129, 590, 1, 'admin', '2008-02-01', '2008-09-30', 'Banco Bolivar', 'Banco Bolivar', 0, 0, '2018-09-30', '2012-10-19'),
(1130, 591, 1, 'admin', '2008-10-01', '2008-12-31', 'Banco Bolivar', 'Banco Bolivar', 0, 0, '2018-12-31', '2012-10-19'),
(1131, 592, 1, 'admin', '2008-01-01', '2008-02-28', 'Banco Mercantil', 'Banco Mercantil', 0, 0, '2018-02-28', '2012-10-19'),
(1132, 593, 1, 'admin', '2008-03-01', '2008-05-31', 'Banco Mercantil', 'Banco Mercantil', 0, 0, '2018-05-31', '2012-10-19'),
(1133, 594, 1, 'admin', '2008-06-01', '2008-09-30', 'Banco Mercantil', 'Banco Mercantil', 0, 0, '2018-09-30', '2012-10-19'),
(1134, 595, 1, 'admin', '2008-10-01', '2008-12-31', 'Banco Mercantil', 'Banco Mercantil', 0, 0, '2018-12-31', '2012-10-19'),
(1135, 596, 1, 'admin', '2008-01-01', '2008-04-30', 'Banco de Venezuela', 'Banco de Venezuela', 0, 0, '2018-04-30', '2012-10-19'),
(1136, 597, 1, 'admin', '2008-04-01', '2008-05-30', 'Banco de Venezuela', 'Banco de Venezuela', 0, 0, '2018-05-30', '2012-10-19'),
(1137, 598, 1, 'admin', '2008-06-01', '2008-10-31', 'Banco de Venezuela', 'Banco de Venezuela', 0, 0, '2018-10-31', '2012-10-19'),
(1138, 599, 1, 'admin', '2008-11-01', '2008-12-31', 'Banco de Venezuela', 'Banco de Venezuela', 0, 0, '2018-12-31', '2012-10-19'),
(1139, 600, 1, 'admin', '2008-07-01', '2008-07-31', 'Banco Bolivar', 'Banco Bolivar', 0, 0, '2018-07-31', '2012-10-19'),
(1140, 601, 1, 'admin', '2008-01-01', '2008-10-31', 'Banco de Venezuela', 'Banco de Venezuela', 0, 0, '2018-10-31', '2012-10-19'),
(1141, 602, 1, 'admin', '2008-03-01', '2008-09-30', 'Banco BANESCO', 'Banco BANESCO', 0, 0, '2018-09-30', '2012-10-19'),
(1142, 603, 1, 'admin', '2008-03-01', '2008-06-30', 'Banco Provincial', 'Banco Provincial', 0, 0, '2018-06-30', '2012-10-19'),
(1143, 603, 1, 'admin', '2008-01-01', '2008-12-31', 'Commerce Bank', 'Commerce Bank', 0, 0, '2018-12-31', '2012-10-19'),
(1144, 603, 1, 'admin', '2008-05-01', '2008-05-31', 'Banesco', 'Banesco', 0, 0, '2018-05-31', '2012-10-19'),
(1145, 603, 1, 'admin', '2008-01-01', '2008-12-31', 'Soportes de Pago Otros Bancos', 'Soportes de Pago Otros Bancos', 0, 0, '2018-12-31', '2012-10-19'),
(1146, 604, 1, 'admin', '2008-01-01', '2008-12-31', 'MUVECA', 'MUVECA', 0, 0, '2018-12-31', '2012-10-19'),
(1147, 605, 1, 'admin', '2009-11-01', '2009-12-31', 'Banco Mercantil', 'Banco Mercantil', 0, 0, '2019-12-31', '2012-10-19'),
(1148, 606, 1, 'admin', '2009-11-01', '2009-12-31', 'Banco de Venezuela', 'Banco de Venezuela', 0, 0, '2019-12-31', '2012-10-19'),
(1149, 607, 1, 'admin', '2009-12-01', '2009-12-31', 'Banco de Venezuela', 'Banco de Venezuela', 0, 0, '2019-12-31', '2012-10-19'),
(1150, 608, 1, 'admin', '2009-01-01', '2009-02-28', 'Banco Mercantil', 'Banco Mercantil', 0, 0, '2019-02-28', '2012-10-19'),
(1151, 609, 1, 'admin', '2009-02-01', '2009-07-31', 'Banco Mercantil', 'Banco Mercantil', 0, 0, '2019-07-31', '2012-10-19'),
(1152, 610, 1, 'admin', '2009-08-01', '2009-10-31', 'Banco Mercantil', 'Banco Mercantil', 0, 0, '2019-10-31', '2012-10-19'),
(1153, 611, 1, 'admin', '2009-01-01', '2009-12-31', 'Banco Bolivar', 'Banco Bolivar', 0, 0, '2019-12-31', '2012-10-19'),
(1154, 612, 1, 'admin', '2005-06-01', '2005-12-31', 'Exped. de Importacion', 'Exped. de Importacion', 0, 0, '2015-12-31', '2012-10-19'),
(1155, 613, 1, 'admin', '2003-01-01', '2005-12-31', 'Control SENIAT de Vehiculos', 'Control SENIAT de Vehiculos', 9895, 12105, '2015-12-31', '2012-10-19'),
(1156, 614, 1, 'admin', '2008-01-01', '2008-12-31', 'Correspondencia', 'Correspondencia Bcos Bol', 0, 0, '2018-12-31', '2012-10-19'),
(1157, 615, 1, 'admin', '2008-01-01', '2008-03-31', 'Banco Bolivar', 'Banco Bolivar', 0, 0, '2018-03-31', '2012-10-19'),
(1158, 616, 1, 'admin', '2008-05-01', '2008-06-30', 'Banco Bolivar', 'Banco Bolivar', 0, 0, '2018-06-30', '2012-10-19'),
(1159, 617, 1, 'admin', '2008-06-01', '2008-07-31', 'Banco Bolivar', 'Banco Bolivar', 0, 0, '2018-07-31', '2012-10-19'),
(1160, 618, 1, 'admin', '2008-08-01', '2008-08-31', 'Banco Bolivar', 'Banco Bolivar', 0, 0, '2018-08-31', '2012-10-19'),
(1161, 619, 1, 'admin', '2010-01-01', '2010-12-31', 'Banco de Venezuela', 'Banco de Venezuela', 646904, 646909, '2020-12-31', '2012-10-19'),
(1162, 619, 1, 'admin', '2010-01-01', '2010-12-31', 'Banco de Venezuela', 'Banco de Venezuela', 646910, 646913, '2020-12-31', '2012-10-19'),
(1163, 619, 1, 'admin', '2010-01-01', '2010-12-31', 'Banco de Venezuela', 'Banco de Venezuela', 646914, 646933, '2020-12-31', '2012-10-19'),
(1164, 619, 1, 'admin', '2010-01-01', '2010-12-31', 'Banco de Venezuela', 'Banco de Venezuela', 646934, 646963, '2020-12-31', '2012-10-19'),
(1165, 620, 1, 'admin', '2010-01-01', '2010-12-31', 'Banco de Venezuela', 'Banco de Venezuela', 646964, 647017, '2020-12-31', '2012-10-19'),
(1166, 620, 1, 'admin', '2010-01-01', '2010-12-31', 'Banco de Venezuela', 'Banco de Venezuela', 647018, 647063, '2020-12-31', '2012-10-19'),
(1167, 620, 1, 'admin', '2010-01-01', '2010-12-31', 'Banco de Venezuela', 'Banco de Venezuela', 647064, 647089, '2020-12-31', '2012-10-19'),
(1168, 620, 1, 'admin', '2010-01-01', '2010-12-31', 'Banco de Venezuela', 'Banco de Venezuela', 647090, 647106, '2020-12-31', '2012-10-19'),
(1169, 621, 1, 'admin', '2010-01-01', '2010-12-31', 'Banco de Venezuela', 'Banco de Venezuela', 647107, 647167, '2020-12-31', '2012-10-19'),
(1170, 621, 1, 'admin', '2010-01-01', '2010-12-31', 'Banco de Venezuela', 'Banco de Venezuela', 647168, 647203, '2020-12-31', '2012-10-19'),
(1171, 621, 1, 'admin', '2010-01-01', '2010-12-31', 'Banco de Venezuela', 'Banco de Venezuela', 647204, 647244, '2020-12-31', '2012-10-19'),
(1172, 621, 1, 'admin', '2010-01-01', '2010-12-31', 'Soportes Banco de Venezuela', 'Soportes Banco de Venezuela', 0, 0, '2020-12-31', '2012-10-19'),
(1173, 622, 1, 'admin', '2010-01-01', '2010-12-31', 'Banco de Venezuela', 'Banco de Venezuela', 647245, 647268, '2020-12-31', '2012-10-19'),
(1174, 622, 1, 'admin', '2010-01-01', '2010-12-31', 'Banco de Venezuela', 'Banco de Venezuela', 647269, 647299, '2020-12-31', '2012-10-19'),
(1175, 622, 1, 'admin', '2010-01-01', '2010-12-31', 'Banco de Venezuela', 'Banco de Venezuela', 647300, 647322, '2020-12-31', '2012-10-19'),
(1176, 622, 1, 'admin', '2010-01-01', '2010-12-31', 'Banco de Venezuela', 'Banco de Venezuela', 647323, 647357, '2020-12-31', '2012-10-19'),
(1177, 623, 1, 'admin', '2010-01-01', '2010-12-31', 'Banco de Venezuela', 'Banco de Venezuela', 647358, 647398, '2020-12-31', '2012-10-19'),
(1178, 623, 1, 'admin', '2010-01-01', '2010-12-31', 'Banco de Venezuela', 'Banco de Venezuela', 647399, 647443, '2020-12-31', '2012-10-19'),
(1179, 623, 1, 'admin', '2010-01-01', '2010-12-31', 'Banco de Venezuela', 'Banco de Venezuela', 647444, 647446, '2020-12-31', '2012-10-19'),
(1180, 623, 1, 'admin', '2010-01-01', '2010-12-31', 'Banco de Venezuela', 'Banco de Venezuela', 647447, 647466, '2020-12-31', '2012-10-19'),
(1181, 624, 1, 'admin', '2010-01-01', '2010-12-31', 'Banco de Venezuela', 'Banco de Venezuela', 647467, 647499, '2020-12-31', '2012-10-19'),
(1182, 624, 1, 'admin', '2010-01-01', '2010-12-31', 'Banco de Venezuela', 'Banco de Venezuela', 647500, 647538, '2020-12-31', '2012-10-19'),
(1183, 624, 1, 'admin', '2010-01-01', '2010-12-31', 'Banco de Venezuela', 'Banco de Venezuela', 647539, 647546, '2020-12-31', '2012-10-19'),
(1184, 624, 1, 'admin', '2010-01-01', '2010-12-31', 'Banco de Venezuela', 'Banco de Venezuela', 647547, 647563, '2020-12-31', '2012-10-19'),
(1185, 625, 1, 'admin', '2010-01-01', '2010-12-31', 'Banco de Venezuela', 'Banco de Venezuela', 647564, 647589, '2020-12-31', '2012-10-19'),
(1186, 625, 1, 'admin', '2010-01-01', '2010-12-31', 'Banco de Venezuela', 'Banco de Venezuela', 647590, 647620, '2020-12-31', '2012-10-19'),
(1187, 625, 1, 'admin', '2010-01-01', '2010-12-31', 'Banco de Venezuela', 'Banco de Venezuela', 647621, 647670, '2020-12-31', '2012-10-19'),
(1188, 625, 1, 'admin', '2010-01-01', '2010-12-31', 'Banco de Venezuela', 'Banco de Venezuela', 647671, 647695, '2020-12-31', '2012-10-19'),
(1189, 626, 1, 'admin', '2010-01-01', '2010-12-31', 'Banco de Venezuela', 'Banco de Venezuela', 647696, 647719, '2020-12-31', '2012-10-19'),
(1190, 626, 1, 'admin', '2010-01-01', '2010-12-31', 'Banco de Venezuela', 'Banco de Venezuela', 647720, 647740, '2020-12-31', '2012-10-19'),
(1191, 626, 1, 'admin', '2010-01-01', '2010-12-31', 'Banco de Venezuela', 'Banco de Venezuela', 647741, 647778, '2020-12-31', '2012-10-19'),
(1192, 626, 1, 'admin', '2010-01-01', '2010-12-31', 'Banco de Venezuela', 'Banco de Venezuela', 647779, 647798, '2020-12-31', '2012-10-19'),
(1193, 627, 1, 'admin', '2010-01-01', '2010-12-31', 'Banco de Venezuela', 'Banco de Venezuela', 647799, 647804, '2020-12-31', '2012-10-19'),
(1194, 627, 1, 'admin', '2010-01-01', '2010-12-31', 'Soportes Banesco y BNC', 'Soportes Banesco y BNC', 0, 0, '2020-12-31', '2012-10-19'),
(1195, 627, 1, 'admin', '2010-01-01', '2010-12-31', 'Soportes Banco de Venezuela', 'Soportes Banco de Venezuela', 0, 0, '2020-12-31', '2012-10-19'),
(1196, 628, 1, 'admin', '2010-03-01', '2010-03-31', 'Banco de Venezuela', 'Banco de Venezuela', 0, 0, '2020-03-31', '2012-10-19'),
(1197, 629, 1, 'admin', '2009-01-01', '2009-02-28', 'Banco de Venezuela', 'Banco de Venezuela', 0, 0, '2019-02-28', '2012-10-19'),
(1198, 630, 1, 'admin', '2009-01-01', '2009-03-31', 'Banco de Venezuela', 'Banco de Venezuela', 0, 0, '2019-03-31', '2012-10-19'),
(1199, 631, 1, 'admin', '2009-03-01', '2009-06-30', 'Banco de Venezuela', 'Banco de Venezuela', 0, 0, '2019-06-30', '2012-10-19'),
(1200, 632, 1, 'admin', '2009-05-01', '2009-07-31', 'Banco de Venezuela', 'Banco de Venezuela', 0, 0, '2019-07-31', '2012-10-19'),
(1201, 633, 1, 'admin', '2009-05-01', '2009-12-31', 'Banco de Venezuela', 'Banco de Venezuela', 0, 0, '2019-12-31', '2012-10-19'),
(1202, 634, 1, 'admin', '2010-03-19', '2010-03-19', 'Transferencias', 'Transf F Stanzione S A. Nro 00047900085088', 0, 0, '2020-03-19', '2012-10-19'),
(1203, 634, 1, 'admin', '2010-10-28', '2010-10-28', 'Transferencias', 'Transf F Stanzione S A. Recibo Nro 26972', 0, 0, '2020-10-28', '2012-10-19'),
(1204, 634, 1, 'admin', '2010-10-22', '2010-10-22', 'Transferencias', 'Transf F Stanzione S A. Recibo Nro 26811', 0, 0, '2020-10-22', '2012-10-19'),
(1205, 634, 1, 'admin', '2010-11-26', '2010-11-26', 'Transferencias', 'Transf F Stanzione S A. Recibo Nro 28263', 0, 0, '2020-11-26', '2012-10-19'),
(1206, 634, 1, 'admin', '2010-12-30', '2010-12-30', 'Transferencias', 'Transf F Stanzione S A.  Recibo Nro 29607', 0, 0, '2020-12-30', '2012-10-19'),
(1207, 635, 1, 'admin', '2010-03-03', '2010-03-03', 'Transferencias', 'Transf F Stanzione S A. Recibo Nro 20698', 0, 0, '2020-03-03', '2012-10-19'),
(1208, 635, 1, 'admin', '2010-05-26', '2010-05-26', 'Transferencias', 'Transf F Stanzione S A. Recibo Nro 21499', 0, 0, '2020-05-26', '2012-10-19'),
(1209, 635, 1, 'admin', '2010-03-19', '2010-03-19', 'Transferencias', 'Transf F Stanzione S A. Recibo Nro 0047900085083', 0, 0, '2020-03-19', '2012-10-19'),
(1210, 635, 1, 'admin', '2010-07-06', '2010-07-06', 'Transferencias', 'Transf F Stanzione S A. Recibo Nro 23468', 0, 0, '2020-07-06', '2012-10-19'),
(1211, 635, 1, 'admin', '2010-08-03', '2010-08-03', 'Transferencias', 'Transf F Stanzione S A. Recibo Nro 23978 ', 0, 0, '2020-08-03', '2012-10-19'),
(1212, 635, 1, 'admin', '2010-09-16', '2010-09-16', 'Transferencias', 'Transf F Stanzione S A. Recibo Nro 25431', 0, 0, '2020-09-16', '2012-10-19'),
(1213, 635, 1, 'admin', '2010-10-06', '2010-10-06', 'Transferencias', 'Transf F Stanzione S A. Recibo Nro 25746', 0, 0, '2020-10-06', '2012-10-19'),
(1214, 636, 1, 'admin', '2010-01-01', '2010-12-31', 'Pagos MUVECA', 'Pagos MUVECA', 116917, 116950, '2020-12-31', '2012-10-19'),
(1215, 636, 1, 'admin', '2010-01-01', '2010-12-31', 'Pagos MUVECA', 'Pagos MUVECA', 436086, 447725, '2020-12-31', '2012-10-19'),
(1216, 636, 1, 'admin', '2010-01-01', '2010-12-31', 'Pagos MUVECA', 'Pagos MUVECA', 447726, 447740, '2020-12-31', '2012-10-19'),
(1217, 636, 1, 'admin', '2010-01-01', '2010-12-31', 'Pagos MUVECA', 'Pagos MUVECA', 447741, 447758, '2020-12-31', '2012-10-19'),
(1218, 637, 1, 'admin', '2009-01-01', '2010-12-31', 'Banco Provincial', 'Banco Provincial', 147, 200, '2020-12-31', '2012-10-19'),
(1219, 637, 1, 'admin', '2009-01-01', '2010-12-31', 'Banco Provincial', 'Banco Provincial', 201, 250, '2020-12-31', '2012-10-19'),
(1220, 637, 1, 'admin', '2009-01-01', '2010-12-31', 'Banco Provincial', 'Banco Provincial', 251, 279, '2020-12-31', '2012-10-19'),
(1221, 637, 1, 'admin', '2009-01-01', '2010-12-31', 'Banco Provincial', 'Banco Provincial', 280, 331, '2020-12-31', '2012-10-19'),
(1222, 637, 1, 'admin', '2009-01-01', '2010-12-31', 'Soportes Provincial', 'Soportes Provincial', 0, 0, '2020-12-31', '2012-10-19'),
(1223, 638, 1, 'admin', '2010-01-01', '2010-12-31', 'Banco Provincial', 'Banco Provincial', 332, 351, '2020-12-31', '2012-10-19'),
(1224, 638, 1, 'admin', '2010-01-01', '2010-12-31', 'Banco Provincial', 'Banco Provincial', 352, 447, '2020-12-31', '2012-10-19'),
(1225, 638, 1, 'admin', '2010-01-01', '2010-12-31', 'Banco Provincial', 'Banco Provincial', 448, 500, '2020-12-31', '2012-10-19'),
(1226, 638, 1, 'admin', '2010-01-01', '2010-12-31', 'Banco Provincial', 'Banco Provincial', 551, 567, '2020-12-31', '2012-10-19'),
(1227, 639, 1, 'admin', '2010-01-01', '2010-12-31', 'Banco Provincial', 'Banco Provincial', 568, 609, '2020-12-31', '2012-10-19'),
(1228, 639, 1, 'admin', '2010-01-01', '2010-12-31', 'Banco Provincial', 'Banco Provincial', 610, 665, '2020-12-31', '2012-10-19'),
(1229, 639, 1, 'admin', '2010-01-01', '2010-12-31', 'Banco Provincial', 'Banco Provincial', 664, 687, '2020-12-31', '2012-10-19'),
(1230, 639, 1, 'admin', '2010-01-01', '2010-12-31', 'Soportes Verdes Bco Provincial', 'Soportes Verdes Bco Provincial', 0, 0, '2020-12-31', '2012-10-19'),
(1231, 640, 1, 'admin', '2010-01-01', '2010-12-31', 'Banco Provincial', 'Banco Provincial', 688, 714, '2020-12-31', '2012-10-19'),
(1232, 640, 1, 'admin', '2010-01-01', '2010-12-31', 'Banco Provincial', 'Banco Provincial', 715, 728, '2020-12-31', '2012-10-19'),
(1233, 640, 1, 'admin', '2010-01-01', '2010-12-31', 'Banco Provincial', 'Banco Provincial', 729, 775, '2020-12-31', '2012-10-19'),
(1234, 640, 1, 'admin', '2010-01-01', '2010-12-31', 'Banco Provincial', 'Banco Provincial', 776, 799, '2020-12-31', '2012-10-19'),
(1235, 641, 1, 'admin', '2010-01-01', '2010-12-31', 'Banco Provincial', 'Banco Provincial', 800, 821, '2020-12-31', '2012-10-19'),
(1236, 641, 1, 'admin', '2010-01-01', '2010-12-31', 'Banco Provincial', 'Banco Provincial', 822, 849, '2020-12-31', '2012-10-19'),
(1237, 641, 1, 'admin', '2010-01-01', '2010-12-31', 'Banco Provincial', 'Banco Provincial', 854, 854, '2020-12-31', '2012-10-19'),
(1238, 641, 1, 'admin', '2010-01-01', '2010-12-31', 'Banco Provincial', 'Banco Provincial', 850, 870, '2020-12-31', '2012-10-19'),
(1239, 642, 1, 'admin', '2010-01-01', '2010-12-31', 'Banco Mercantil', 'Banco Mercantil', 121121, 121167, '2020-12-31', '2012-10-19'),
(1240, 642, 1, 'admin', '2010-01-01', '2010-12-31', 'Banco Mercantil', 'Banco Mercantil', 121161, 121277, '2020-12-31', '2012-10-19'),
(1241, 642, 1, 'admin', '2010-01-01', '2010-12-31', 'Banco Mercantil', 'Banco Mercantil', 121278, 121306, '2020-12-31', '2012-10-19'),
(1242, 642, 1, 'admin', '2010-01-01', '2010-12-31', 'Banco Mercantil', 'Banco Mercantil', 121307, 121320, '2020-12-31', '2012-10-19'),
(1243, 643, 1, 'admin', '2010-01-01', '2010-12-31', 'Banco Mercantil', 'Banco Mercantil', 121168, 121199, '2020-12-31', '2012-10-19'),
(1244, 643, 1, 'admin', '2010-01-01', '2010-12-31', 'Banco Mercantil', 'Banco Mercantil', 121200, 121239, '2020-12-31', '2012-10-19'),
(1245, 643, 1, 'admin', '2010-01-01', '2010-12-31', 'Banco Mercantil', 'Banco Mercantil', 121240, 121261, '2020-12-31', '2012-10-19'),
(1246, 643, 1, 'admin', '2010-01-01', '2010-12-31', 'Transferencias', 'Transferencias varios Proveedores', 0, 0, '2020-12-31', '2012-10-19'),
(1247, 644, 1, 'admin', '2010-01-01', '2010-12-31', 'Banco Mercantil', 'Banco Mercantil', 162665, 162667, '2020-12-31', '2012-10-19'),
(1248, 644, 1, 'admin', '2010-01-01', '2010-12-31', 'Banco Mercantil', 'Banco Mercantil', 162698, 162730, '2020-12-31', '2012-10-19'),
(1249, 644, 1, 'admin', '2010-01-01', '2010-12-31', 'Banco Mercantil', 'Banco Mercantil', 162731, 162748, '2020-12-31', '2012-10-19'),
(1250, 644, 1, 'admin', '2010-01-01', '2010-12-31', 'Soportes Banco Mercantil', 'Soportes Banco Mercantil', 0, 0, '2020-12-31', '2012-10-19'),
(1251, 645, 1, 'admin', '2010-01-01', '2010-12-31', 'Banco Mercantil', 'Banco Mercantil', 82663, 82671, '2020-12-31', '2012-10-19'),
(1252, 645, 1, 'admin', '2010-01-01', '2010-12-31', 'Banco Mercantil', 'Banco Mercantil', 82672, 82701, '2020-12-31', '2012-10-19'),
(1253, 645, 1, 'admin', '2010-01-01', '2010-12-31', 'Banco Mercantil', 'Banco Mercantil', 82702, 82742, '2020-12-31', '2012-10-19'),
(1254, 645, 1, 'admin', '2010-01-01', '2010-12-31', 'Soportes Banco Mercantil', 'Soportes Banco Mercantil', 0, 0, '2020-12-31', '2012-10-19'),
(1255, 646, 1, 'admin', '2010-01-01', '2010-12-31', 'Banco Mercantil', 'Banco Mercantil', 162611, 162658, '2020-12-31', '2012-10-19'),
(1256, 646, 1, 'admin', '2010-01-01', '2010-12-31', 'Banco Mercantil', 'Banco Mercantil', 162659, 162690, '2020-12-31', '2012-10-19'),
(1257, 646, 1, 'admin', '2010-01-01', '2010-12-31', 'Banco Mercantil', 'Banco Mercantil', 162691, 162697, '2020-12-31', '2012-10-19'),
(1258, 646, 1, 'admin', '2010-01-01', '2010-12-31', 'Banco Mercantil', 'Banco Mercantil', 82743, 82800, '2020-12-31', '2012-10-19'),
(1259, 647, 1, 'admin', '2010-01-01', '2010-12-31', 'Banco de Venezuela', 'Banco de Venezuela', 646631, 646667, '2020-12-31', '2012-10-19'),
(1260, 647, 1, 'admin', '2010-01-01', '2010-12-31', 'Banco de Venezuela', 'Banco de Venezuela', 646668, 646671, '2020-12-31', '2012-10-19'),
(1261, 647, 1, 'admin', '2010-01-01', '2010-12-31', 'Banco de Venezuela', 'Banco de Venezuela', 646672, 646722, '2020-12-31', '2012-10-19'),
(1262, 647, 1, 'admin', '2010-01-01', '2010-12-31', 'Soportes Banco de Venezuela', 'Soportes Banco de Venezuela', 0, 0, '2020-12-31', '2012-10-19'),
(1263, 648, 1, 'admin', '2010-01-01', '2010-12-31', 'Banco de Venezuela', 'Banco de Venezuela', 646723, 646771, '2020-12-31', '2012-10-19'),
(1264, 648, 1, 'admin', '2010-01-01', '2010-12-31', 'Banco de Venezuela', 'Banco de Venezuela', 646818, 646828, '2020-12-31', '2012-10-19'),
(1265, 648, 1, 'admin', '2010-01-01', '2010-12-31', 'Banco de Venezuela', 'Banco de Venezuela', 646829, 646869, '2020-12-31', '2012-10-19'),
(1266, 648, 1, 'admin', '2010-01-01', '2010-12-31', 'Banco de Venezuela', 'Banco de Venezuela', 646870, 646903, '2020-12-31', '2012-10-19'),
(1267, 649, 1, 'admin', '2008-01-01', '2008-12-31', 'Bancaribe Exterior Commerceban', 'Bancaribe Exterior Commercebank', 0, 0, '2018-12-31', '2012-10-20'),
(1268, 650, 1, 'admin', '2008-12-01', '2008-12-31', 'BNC Asientos de Diario', 'BNC Asientos de Diario', 0, 0, '2018-12-31', '2012-10-20'),
(1269, 651, 1, 'admin', '2008-09-01', '2008-12-31', 'Conciliacion', 'Conciliacion', 0, 0, '2018-12-31', '2012-10-20'),
(1270, 651, 1, 'admin', '2008-09-01', '2008-12-31', 'Estados de Cuenta', 'Estados de Cuenta', 0, 0, '2018-12-31', '2012-10-20'),
(1271, 652, 1, 'admin', '2008-01-01', '2008-12-31', 'Contabilidad LC/OP', 'Contabilidad LC/OP', 0, 0, '2018-12-31', '2012-10-20'),
(1272, 652, 1, 'admin', '2008-01-01', '2008-12-31', 'Transferencias Bancarias', 'Transferencias Bancarias Soportes Cartas Recibidas', 0, 0, '2018-12-31', '2012-10-20'),
(1273, 653, 1, 'admin', '2008-01-01', '2008-12-31', 'Contabilidad', 'Contabilidad', 0, 0, '2018-12-31', '2012-10-20'),
(1274, 653, 1, 'admin', '2008-01-01', '2008-08-31', 'Conciliaciones ', 'Conciliaciones ', 0, 0, '2018-08-31', '2012-10-20'),
(1275, 654, 1, 'admin', '2008-01-01', '2008-12-31', 'Nomina', 'Nomina Soportes Resultados Financieros', 0, 0, '2018-12-31', '2012-10-20'),
(1276, 655, 1, 'admin', '2008-01-01', '2008-12-31', 'Nacionalizaciones', 'Nacionalizaciones', 0, 0, '2018-12-31', '2012-10-20'),
(1277, 656, 1, 'admin', '2008-01-01', '2008-12-31', 'Bancos', 'Banco Mercantil Bancaribe y Bancaribe Curazao', 0, 0, '2018-12-31', '2012-10-20'),
(1278, 657, 1, 'admin', '2008-01-01', '2008-12-31', 'Asientos Diarios ', 'Asientos Diarios ', 0, 0, '2018-12-31', '2012-10-20'),
(1279, 658, 1, 'admin', '2008-01-01', '2008-12-31', 'Retencion IVA', 'Retencion IVA', 0, 0, '2018-12-31', '2012-10-20'),
(1280, 659, 1, 'admin', '2008-01-01', '2008-12-31', 'Bancos', 'Banco de Venezuela Fondo Comun Mi casa', 0, 0, '2018-12-31', '2012-10-20'),
(1281, 660, 1, 'admin', '2008-01-01', '2008-12-31', 'Soportes Auditores', 'Soportes Auditores', 0, 0, '2018-12-31', '2012-10-20'),
(1282, 660, 1, 'admin', '2008-01-01', '2008-07-31', 'Nacionalizaciones', 'Nacionalizaciones', 0, 0, '2018-07-31', '2012-10-20'),
(1283, 660, 1, 'admin', '2008-08-01', '2008-12-31', 'Nacionalizaciones', 'Nacionalizaciones', 0, 0, '2018-12-31', '2012-10-20'),
(1284, 661, 1, 'admin', '2008-01-01', '2008-12-31', 'Banesco Provincial Federal', 'Banesco Provincial Federal', 0, 0, '2018-12-31', '2012-10-20'),
(1285, 662, 1, 'admin', '2007-01-01', '2009-12-31', 'Polizas de Seguros', 'Polizas de Seguros', 0, 0, '2019-12-31', '2012-10-20'),
(1286, 663, 1, 'admin', '2007-12-01', '2007-12-31', 'Conciliaciones Soportes', 'Conciliaciones Soportes', 0, 0, '2017-12-31', '2012-10-20'),
(1287, 664, 1, 'admin', '2007-08-01', '2007-08-31', 'Asientos Diarios ', 'Asientos Diarios ', 0, 0, '2017-08-31', '2012-10-20'),
(1288, 664, 1, 'admin', '2007-08-01', '2007-08-31', 'Transcripciones', 'Transcripciones Practicas Entrenamientos', 0, 0, '2017-08-31', '2012-10-20'),
(1289, 665, 1, 'admin', '2007-01-01', '2007-12-31', 'Asientos Diarios ', 'Asientos Diarios ', 0, 0, '2017-12-31', '2012-10-20'),
(1290, 665, 1, 'admin', '2007-08-01', '2007-09-30', 'Comprobantes Diarios', 'Comprobantes Diarios', 0, 0, '2017-09-30', '2012-10-20'),
(1291, 666, 1, 'admin', '2007-01-01', '2007-12-31', 'Asientos Diarios ', 'Asientos Diarios ', 0, 0, '2017-12-31', '2012-10-20'),
(1292, 666, 1, 'admin', '2007-03-01', '2007-05-31', 'Comprobantes Diarios', 'Comprobantes Diarios', 0, 0, '2017-05-31', '2012-10-20'),
(1293, 666, 1, 'admin', '2007-11-01', '2007-11-30', 'Conciliaciones', 'Conciliaciones', 0, 0, '2017-11-30', '2012-10-20'),
(1294, 667, 1, 'admin', '2007-06-01', '2007-07-31', 'Comprobantes Diarios ', 'Comprobantes Diarios ', 0, 0, '2017-07-31', '2012-10-20'),
(1295, 667, 1, 'admin', '2007-01-01', '2007-04-30', 'Conciliaciones Bancarias', 'Conciliaciones Bancarias', 0, 0, '2017-04-30', '2012-10-20'),
(1296, 667, 1, 'admin', '2007-05-01', '2007-07-31', 'Conciliaciones Bancarias', 'Conciliaciones Bancarias', 0, 0, '2017-07-31', '2012-10-20'),
(1297, 667, 1, 'admin', '2007-08-01', '2007-08-31', 'Conciliaciones Bancarias', 'Conciliaciones Bancarias', 0, 0, '2017-08-31', '2012-10-20'),
(1298, 668, 1, 'admin', '2007-12-01', '2007-12-31', 'Comprobantes Diarios ', 'Comprobantes Diarios ', 0, 0, '2017-12-31', '2012-10-20'),
(1299, 669, 1, 'admin', '2007-01-01', '2007-12-31', 'Cartas de Credito', 'Cartas de Credito', 0, 0, '2017-12-31', '2012-10-20'),
(1300, 669, 1, 'admin', '2007-07-01', '2007-12-31', 'Plan Mayor (Cartas)', 'Plan Mayor (Cartas)', 0, 0, '2017-12-31', '2012-10-20'),
(1301, 670, 1, 'admin', '2007-01-01', '2007-02-28', 'Comprobantes Diarios ', 'Comprobantes Diarios ', 0, 0, '2017-02-28', '2012-10-20'),
(1302, 670, 1, 'admin', '2007-11-01', '2007-11-30', 'Comprobantes Diarios', 'Comprobantes Diarios', 0, 0, '2017-11-30', '2012-10-20'),
(1303, 671, 1, 'admin', '2007-01-01', '2007-12-31', 'Cartas de Credito', 'Cartas de Credito', 0, 0, '2017-12-31', '2012-10-20'),
(1304, 672, 1, 'admin', '2008-01-01', '2008-12-31', 'Control de Documentos', 'Control de Documentos Cartas Enviadas y Recibidas', 0, 0, '2018-12-31', '2012-10-20'),
(1305, 672, 1, 'admin', '2008-01-01', '2008-12-31', 'Plan Mayor (Cartas)', 'Plan Mayor (Cartas)', 0, 0, '2018-12-31', '2012-10-20'),
(1306, 673, 1, 'admin', '2007-01-01', '2008-12-31', 'Control de Documentos', 'Control de Documentos Cartas Enviadas y Recibidas', 0, 0, '2018-12-31', '2012-10-20'),
(1307, 673, 1, 'admin', '2007-01-01', '2008-12-31', 'Plan Mayor (Cartas)', 'Plan Mayor (Cartas)', 0, 0, '2018-12-31', '2012-10-20'),
(1308, 674, 1, 'admin', '2007-01-01', '2008-12-31', 'Control de Documentos', 'Control de Documentos Cartas Enviadas y Recibidas', 0, 0, '2018-12-31', '2012-10-20'),
(1309, 674, 1, 'admin', '2007-01-01', '2008-12-31', 'Plan Mayor (Cartas)', 'Plan Mayor (Cartas)', 0, 0, '2018-12-31', '2012-10-20'),
(1310, 675, 1, 'admin', '2007-01-01', '2008-12-31', 'Control de Documentos', 'Control de Documentos Cartas Enviadas y Recibidas', 0, 0, '2018-12-31', '2012-10-20'),
(1311, 675, 1, 'admin', '2007-01-01', '2008-12-31', 'Plan Mayor (Cartas)', 'Plan Mayor (Cartas)', 0, 0, '2018-12-31', '2012-10-20'),
(1312, 676, 1, 'admin', '2007-10-01', '2007-10-31', 'Comprobantes Diarios ', 'Comprobantes Diarios ', 0, 0, '2017-10-31', '2012-10-20'),
(1313, 676, 1, 'admin', '2007-10-01', '2007-10-31', 'Soportes Estados de Cuenta', 'Soportes Estados de Cuenta', 0, 0, '2017-10-31', '2012-10-20'),
(1314, 676, 1, 'admin', '2007-01-01', '2007-12-31', 'Colocaciones en Bancos', 'Colocaciones en Bancos', 0, 0, '2017-12-31', '2012-10-20'),
(1315, 677, 1, 'admin', '2007-06-01', '2007-07-31', 'Comprobantes Diarios ', 'Comprobantes Diarios ', 0, 0, '2017-07-31', '2012-10-20'),
(1316, 677, 1, 'admin', '2007-11-01', '2007-11-30', 'Colocaciones en Bancos', 'Colocaciones en Bancos', 0, 0, '2017-11-30', '2012-10-20'),
(1317, 677, 1, 'admin', '2007-01-01', '2007-12-31', 'Pagos a Alcaldia', 'Pagos a Alcaldia', 0, 0, '2017-12-31', '2012-10-20'),
(1318, 678, 1, 'admin', '2009-01-01', '2009-12-31', 'Control de Documentos', 'Control de Documentos', 0, 0, '2019-12-31', '2012-10-20'),
(1319, 678, 1, 'admin', '2009-09-01', '2009-12-31', 'Plan Mayor ', 'Plan Mayor ', 0, 0, '2019-12-31', '2012-10-20'),
(1320, 678, 1, 'admin', '2009-01-01', '2009-12-31', 'Control Anticipo', 'Control Anticipo Gastos de Viaje', 0, 0, '2019-12-31', '2012-10-20'),
(1321, 679, 1, 'admin', '2008-01-01', '2008-12-31', 'Documentos Enviados', 'Documentos Enviados', 0, 0, '2018-12-31', '2012-10-20'),
(1322, 679, 1, 'admin', '2008-01-01', '2008-12-31', 'Cheques enviados a Caracas', 'Cheques enviados a Caracas', 0, 0, '2018-12-31', '2012-10-20'),
(1323, 679, 1, 'admin', '2008-01-01', '2008-12-31', 'Cheques recibidos', 'Cheques recibidos', 0, 0, '2018-12-31', '2012-10-20'),
(1324, 679, 1, 'admin', '2008-01-01', '2008-12-31', 'Cortes de Cuenta', 'Cortes de Cuenta', 0, 0, '2018-12-31', '2012-10-20'),
(1325, 680, 1, 'admin', '2007-01-01', '2008-12-31', 'Contabilidad', 'Contabilidad', 0, 0, '2018-12-31', '2012-10-20'),
(1326, 680, 1, 'admin', '2008-01-01', '2008-12-31', 'Estados de Cuenta', 'Estados de Cuenta Cortes Diarios', 0, 0, '2018-12-31', '2012-10-20'),
(1327, 680, 1, 'admin', '2008-08-01', '2008-09-30', 'Entrega de Documentos', 'Control Entrega de Documentos Plan Mayor', 0, 0, '2018-09-30', '2012-10-20'),
(1328, 680, 1, 'admin', '2008-11-01', '2008-11-30', 'Entrega de Documentos', 'Control Entrega de Documentos Plan Mayor', 0, 0, '2018-11-30', '2012-10-20'),
(1329, 680, 1, 'admin', '2007-01-01', '2007-12-31', 'Documentos Enviados', 'Documentos Enviados', 0, 0, '2017-12-31', '2012-10-20'),
(1330, 681, 1, 'admin', '2007-01-01', '2007-01-31', 'Control  de Documentos ', 'Control  de Documentos ', 0, 0, '2017-01-31', '2012-10-20'),
(1331, 681, 1, 'admin', '2007-04-01', '2007-06-30', 'Plan Mayor', 'Plan Mayor', 0, 0, '2017-06-30', '2012-10-20'),
(1332, 681, 1, 'admin', '2007-09-01', '2007-10-31', 'Plan Mayor', 'Plan Mayor', 0, 0, '2017-10-31', '2012-10-20'),
(1333, 681, 1, 'admin', '2007-06-01', '2007-06-30', 'Documentos Enviados', 'Documentos Enviados', 0, 0, '2017-06-30', '2012-10-20'),
(1334, 681, 1, 'admin', '2007-01-01', '2007-12-31', 'Estados de Cuenta', 'Estados de Cuenta', 0, 0, '2017-12-31', '2012-10-20'),
(1335, 682, 1, 'admin', '2007-01-01', '2008-12-31', 'Pago de garantia', 'Pago de garantia', 0, 0, '2018-12-31', '2012-10-20'),
(1336, 682, 1, 'admin', '2008-01-01', '2008-12-31', 'Pago de garantia', 'Pago de garantia', 0, 0, '2018-12-31', '2012-10-20'),
(1337, 682, 1, 'admin', '2009-01-01', '2009-12-31', 'Pago de garantia', 'Pago de garantia', 0, 0, '2019-12-31', '2012-10-20'),
(1338, 683, 1, 'admin', '2009-01-01', '2009-12-31', 'Cartas Bancos', 'Cartas Bancos', 0, 0, '2019-12-31', '2012-10-20'),
(1339, 683, 1, 'admin', '2007-01-01', '2008-12-31', 'Comprobantes de Retencion', 'Comprobantes de Retencion', 0, 0, '2018-12-31', '2012-10-20'),
(1340, 683, 1, 'admin', '2009-01-01', '2009-12-31', 'Cruce de Cuentas', 'Cruce de Cuentas', 0, 0, '2019-12-31', '2012-10-20'),
(1341, 683, 1, 'admin', '2008-01-01', '2009-12-31', 'Asientos y Estados de Cuenta', 'Asientos y Estados de Cuenta', 0, 0, '2019-12-31', '2012-10-20'),
(1342, 684, 1, 'admin', '2006-01-01', '2008-12-31', 'Propuestas de Auditoria', 'Propuestas de Auditoria', 0, 0, '2018-12-31', '2012-10-20'),
(1343, 685, 1, 'admin', '2006-01-01', '2006-12-31', 'Contabilidad', 'Contabilidad', 0, 0, '2016-12-31', '2012-10-20'),
(1344, 685, 1, 'admin', '2006-07-01', '2006-09-30', 'Comprobantes de Diario', 'Comprobantes de Diario', 0, 0, '2016-09-30', '2012-10-20'),
(1345, 686, 1, 'admin', '2006-01-10', '2006-12-31', 'Contabilidad', 'Contabilidad', 0, 0, '2016-12-31', '2012-10-20'),
(1346, 686, 1, 'admin', '2006-10-01', '2006-12-31', 'Comprobantes de Diario', 'Comprobantes de Diario', 0, 0, '2016-12-31', '2012-10-20'),
(1347, 686, 1, 'admin', '2006-01-01', '2006-12-31', 'Cartas de Credito', 'Cartas de Credito', 0, 0, '2016-12-31', '2012-10-20'),
(1348, 687, 1, 'admin', '2006-01-01', '2006-12-31', 'Contabilidad', 'Contabilidad', 0, 0, '2016-12-31', '2012-10-20'),
(1349, 687, 1, 'admin', '2006-03-01', '2006-06-30', 'Comprobantes de Diario', 'Comprobantes de Diario', 0, 0, '2016-06-30', '2012-10-20'),
(1350, 688, 1, 'admin', '2006-01-01', '2006-12-31', 'Contabilidad', 'Contabilidad', 0, 0, '2016-12-31', '2012-10-20'),
(1351, 688, 1, 'admin', '2006-10-01', '2006-12-31', 'Comprobantes de Diario', 'Comprobantes de Diario', 0, 0, '2016-12-31', '2012-10-20'),
(1352, 688, 1, 'admin', '2006-11-01', '2006-12-31', 'Nacionalizacion Estados de Cue', 'Nacionalizacion Estados de Cuenta', 0, 0, '2016-12-31', '2012-10-20'),
(1353, 689, 1, 'admin', '2007-01-01', '2008-12-31', 'Compras de B', 'Compras de B', 0, 0, '2018-12-31', '2012-10-20'),
(1354, 689, 1, 'admin', '2007-01-01', '2007-12-31', 'Facturas Originales', 'Facturas Originales', 0, 0, '2017-12-31', '2012-10-20'),
(1355, 689, 1, 'admin', '2006-01-01', '2006-12-31', 'Mayor Analitico', 'Mayor Analitico', 0, 0, '2016-12-31', '2012-10-20'),
(1356, 689, 1, 'admin', '2007-01-01', '2008-12-31', 'Estados de Cuenta Federal', 'Estados de Cuenta Federal', 0, 0, '2018-12-31', '2012-10-20'),
(1357, 689, 1, 'admin', '2006-01-01', '2006-12-31', 'Caja Chica', 'Caja Chica US$', 0, 0, '2016-12-31', '2012-10-20'),
(1358, 690, 1, 'admin', '2007-01-01', '2007-12-31', 'Depositos', 'Depositos', 0, 0, '2017-12-31', '2012-10-20'),
(1359, 690, 1, 'admin', '2007-12-01', '2007-12-31', 'Movimientos Bancarios', 'Movimientos Bancarios', 0, 0, '2017-12-31', '2012-10-20'),
(1360, 690, 1, 'admin', '2007-10-01', '2007-10-31', 'Movimientos Bancarios', 'Movimientos Bancarios', 0, 0, '2017-10-31', '2012-10-20'),
(1361, 691, 1, 'admin', '2006-09-01', '2006-09-30', 'Plan Mayor', 'Plan Mayor', 0, 0, '2016-09-30', '2012-10-20'),
(1362, 691, 1, 'admin', '2006-12-01', '2006-12-31', 'Plan Mayor', 'Plan Mayor', 0, 0, '2016-12-31', '2012-10-20'),
(1363, 691, 1, 'admin', '2006-01-01', '2006-12-31', 'Relacion Facturas Repuestos', 'Relacion Facturas Repuestos', 0, 0, '2016-12-31', '2012-10-20'),
(1364, 691, 1, 'admin', '2006-01-01', '2006-10-31', 'Estados de Cuenta', 'Estados de Cuenta', 0, 0, '2016-10-31', '2012-10-20'),
(1365, 692, 1, 'admin', '2006-01-01', '2007-12-31', 'Cartas Enviadas', 'Cartas Enviadas', 0, 0, '2017-12-31', '2012-10-20'),
(1366, 692, 1, 'admin', '2007-03-01', '2007-03-31', 'Aprobaciones', 'Aprobaciones', 0, 0, '2017-03-31', '2012-10-20'),
(1367, 692, 1, 'admin', '2006-01-01', '2006-12-31', 'Aprobaciones', 'Aprobaciones', 0, 0, '2016-12-31', '2012-10-20'),
(1368, 692, 1, 'admin', '2006-01-01', '2006-12-31', 'Precios', 'Precios', 0, 0, '2016-12-31', '2012-10-20'),
(1369, 693, 1, 'admin', '2005-01-01', '2005-12-31', 'Conciliaciones Bancarias', 'Conciliaciones Bancarias', 0, 0, '2015-12-31', '2012-10-20'),
(1370, 693, 1, 'admin', '2005-01-01', '2005-12-31', 'Seguros', 'Seguros', 0, 0, '2015-12-31', '2012-10-20'),
(1371, 693, 1, 'admin', '2005-01-01', '2005-12-31', 'Estados de Resultados', 'Estados de Resultados', 0, 0, '2015-12-31', '2012-10-20'),
(1372, 693, 1, 'admin', '2003-01-01', '2006-12-31', 'Cruce de Cuentas', 'Cruce de Cuentas', 0, 0, '2016-12-31', '2012-10-20'),
(1373, 694, 1, 'admin', '2005-01-01', '2007-12-31', 'Contratos de Proveedores', 'Contratos de Proveedores', 0, 0, '2017-12-31', '2012-10-20'),
(1374, 694, 1, 'admin', '2008-01-01', '2009-12-31', 'Contratos de Proveedores', 'Contratos de Proveedores', 0, 0, '2019-12-31', '2012-10-20'),
(1375, 694, 1, 'admin', '2006-01-01', '2008-12-30', 'Contratos de Proveedores', 'Contratos de Proveedores', 0, 0, '2018-12-30', '2012-10-20'),
(1376, 695, 1, 'admin', '2005-01-01', '2005-12-31', 'Relacion de Facturas Repuestos', 'Relacion de Facturas Repuestos ', 0, 0, '2015-12-31', '2012-10-20'),
(1377, 695, 1, 'admin', '2005-12-01', '2005-12-31', 'Comprobantes de Diario', 'Comprobantes de Diario', 0, 0, '2015-12-31', '2012-10-20'),
(1378, 695, 1, 'admin', '2005-01-01', '2005-12-31', 'Plan Mayor', 'Plan Mayor', 0, 0, '2015-12-31', '2012-10-20'),
(1379, 695, 1, 'admin', '2005-01-01', '2005-12-31', 'Estados de Cuenta', 'Estados de Cuenta', 0, 0, '2015-12-31', '2012-10-20'),
(1380, 696, 1, 'admin', '2003-01-01', '2006-12-31', 'Cruce de Cuentas', 'Cruce de Cuentas', 0, 0, '2016-12-31', '2012-10-20'),
(1381, 696, 1, 'admin', '2002-01-01', '2002-12-31', 'Libro de Ventas', 'Libro de Ventas', 0, 0, '2012-12-31', '2012-10-20'),
(1382, 696, 1, 'admin', '2007-01-01', '2007-12-31', 'Copia de Transacciones', 'Copia de Transacciones', 0, 0, '2017-12-31', '2012-10-20'),
(1383, 697, 1, 'admin', '2008-01-01', '2008-12-31', 'Correspondencia', 'Correspondencia Cheque Devuelto', 0, 0, '2018-12-31', '2012-10-20'),
(1384, 697, 1, 'admin', '2005-01-01', '2006-12-31', 'Colocaciones Retencion ISLR', 'Colocaciones Retencion ISLR', 0, 0, '2016-12-31', '2012-10-20'),
(1385, 697, 1, 'admin', '2007-01-01', '2007-12-31', 'Relacion de Facturas Repuestos', 'Relacion de Facturas Repuestos ', 0, 0, '2017-12-31', '2012-10-20'),
(1386, 697, 1, 'admin', '2008-01-01', '2008-12-31', 'Plan Mayor', 'Plan Mayor', 0, 0, '2018-12-31', '2012-10-20'),
(1387, 697, 1, 'admin', '2010-01-01', '2010-12-31', 'Transacciones Bancarias', 'Transacciones Bancarias', 0, 0, '2020-12-31', '2012-10-20'),
(1388, 698, 1, 'admin', '2006-01-01', '2006-12-31', 'Conciliaciones Bancarias', 'Conciliaciones Bancarias', 0, 0, '2016-12-31', '2012-10-20'),
(1389, 699, 1, 'admin', '2008-01-01', '2008-12-31', 'Correspondencia', 'Relacion de Facturas Enviadas', 0, 0, '2018-12-31', '2012-10-20'),
(1390, 700, 1, 'admin', '2007-01-01', '2009-12-31', 'Soportes Cheques', 'Soportes Cheques', 0, 0, '2019-12-31', '2012-10-20'),
(1391, 701, 1, 'admin', '2006-01-01', '2006-12-31', 'Recibos de Cobro', 'Recibos de Cobro', 8761, 9125, '2016-12-31', '2012-10-20'),
(1392, 702, 1, 'admin', '2006-01-01', '2006-12-31', 'Garantia', 'Garantia', 0, 0, '2016-12-31', '2012-10-20'),
(1393, 703, 1, 'admin', '2006-01-01', '2006-12-31', 'Recibos de Cobro', 'Recibos de Cobro', 9434, 9741, '2016-12-31', '2012-10-20'),
(1394, 704, 1, 'admin', '2006-01-01', '2006-12-31', 'Recibos de Cobro', 'Recibos de Cobro', 1126, 1433, '2016-12-31', '2012-10-20'),
(1395, 705, 1, 'admin', '2006-01-01', '2006-12-31', 'Garantia', 'Garantia', 0, 0, '2016-12-31', '2012-10-20'),
(1396, 706, 1, 'admin', '2006-09-01', '2006-10-31', 'RDG Ecuador', 'RDG Ecuador 990870', 0, 0, '2016-10-31', '2012-10-20'),
(1397, 707, 1, 'admin', '2006-11-01', '2006-12-31', 'Banco Mercantil', 'Banco Mercantil', 0, 0, '2016-12-31', '2012-10-20'),
(1398, 708, 1, 'admin', '2006-08-01', '2006-10-31', 'Banco de Venezuela', 'Banco de Venezuela', 0, 0, '2016-10-31', '2012-10-20'),
(1399, 709, 1, 'admin', '2006-11-01', '2006-12-31', 'Banco de Venezuela', 'Banco de Venezuela', 0, 0, '2016-12-31', '2012-10-20'),
(1400, 710, 1, 'admin', '2008-01-01', '2008-12-31', 'Bancos Soportes de Cheques', 'Bancos Soportes de Cheques MUVECA', 0, 0, '2018-12-31', '2012-10-20'),
(1401, 711, 1, 'admin', '2002-01-01', '2002-12-20', 'KIA', 'KIA - requiere actualizacion', 0, 0, '2012-12-20', '2012-10-20'),
(1402, 712, 1, 'admin', '2002-01-01', '2002-12-31', 'Servicios Generales', 'Servicios Generales', 0, 0, '2012-12-31', '2012-10-20'),
(1403, 713, 1, 'admin', '2006-01-10', '2006-12-31', 'Comprobantes de Diarios', 'Comprobantes de Diarios', 0, 0, '2016-12-31', '2012-10-20'),
(1405, 715, 1, 'admin', '2002-01-01', '2002-12-31', 'Bancos', 'KIA Bco Mercantil Vzla Bol', 0, 0, '2012-12-31', '2012-10-20'),
(1406, 716, 1, 'admin', '2003-10-01', '2003-12-31', 'Comprobantes ', 'Comprobantes ', 0, 0, '2013-12-31', '2012-10-20'),
(1407, 717, 1, 'admin', '2002-01-01', '2002-12-31', 'Documentos Concesion KIA', 'Documentos Concesion KIA', 0, 0, '2012-12-31', '2012-10-20'),
(1408, 718, 1, 'admin', '2002-01-01', '2002-12-31', 'Bco vzla BAVARIAN', 'Bco vzla BAVARIAN', 0, 0, '2012-12-31', '2012-10-20'),
(1409, 719, 1, 'admin', '2002-01-01', '2002-12-31', 'Comprobantes', 'Comprobantes KIA 2002 BT/W', 0, 0, '2012-12-31', '2012-10-20'),
(1410, 720, 1, 'admin', '2005-01-01', '2005-12-31', 'Correspondencia Bancos', 'Correspondencia Bancos', 0, 0, '2015-12-31', '2012-10-20'),
(1411, 721, 1, 'admin', '2005-01-01', '2005-12-31', 'Correspondencia Bancos', 'Correspondencia Bancos', 0, 0, '2015-12-31', '2012-10-20'),
(1412, 722, 1, 'admin', '2005-01-01', '2005-12-31', 'Correspondencia Bancos', 'Correspondencia Bancos', 0, 0, '2015-12-31', '2012-10-20'),
(1413, 723, 1, 'admin', '2004-01-01', '2004-12-31', 'Cartas de Credito', 'Cartas de Credito', 0, 0, '2014-12-31', '2012-10-20'),
(1414, 724, 1, 'admin', '2001-01-01', '2004-12-31', 'Correspondencia Bancos', 'Correspondencia Bancos', 0, 0, '2014-12-31', '2012-10-20'),
(1415, 725, 1, 'admin', '2001-01-01', '2004-12-31', 'Cartas de Credito', 'Cartas de Credito Correspondencia', 0, 0, '2014-12-31', '2012-10-20'),
(1416, 726, 1, 'admin', '2003-01-01', '2005-12-31', 'Cartas de Credito', 'Cartas de Credito Correspondencia', 0, 0, '2015-12-31', '2012-10-20'),
(1417, 727, 1, 'admin', '2004-01-01', '2004-05-31', 'Banco Bolivar', 'Banco Bolivar', 0, 0, '2014-05-31', '2012-10-20'),
(1418, 728, 1, 'admin', '2004-04-01', '2004-06-30', 'Banco Bolivar', 'Banco Bolivar', 0, 0, '2014-06-30', '2012-10-20'),
(1419, 729, 1, 'admin', '2004-07-01', '2004-08-31', 'Banco Bolivar', 'Banco Bolivar', 0, 0, '2014-08-31', '2012-10-20'),
(1420, 730, 1, 'admin', '2004-09-01', '2004-10-31', 'Banco Bolivar', 'Banco Bolivar', 0, 0, '2014-10-31', '2012-10-20'),
(1421, 731, 1, 'admin', '2004-10-01', '2004-12-31', 'Banco Bolivar', 'Banco Bolivar', 0, 0, '2014-12-31', '2012-10-20'),
(1422, 732, 1, 'admin', '2001-01-01', '2004-12-31', 'Finanzas', 'Finanzas', 0, 0, '2014-12-31', '2012-10-20'),
(1423, 733, 1, 'admin', '2004-01-01', '2004-04-30', 'Banco de Venezuela', 'Banco de Venezuela', 0, 0, '2014-04-30', '2012-10-20'),
(1424, 734, 1, 'admin', '2004-06-01', '2004-10-31', 'Banco de Venezuela', 'Banco de Venezuela', 0, 0, '2014-10-31', '2012-10-20'),
(1425, 735, 1, 'admin', '2004-10-01', '2004-12-31', 'Banco de Venezuela', 'Banco de Venezuela', 0, 0, '2014-12-31', '2012-10-20'),
(1426, 736, 1, 'admin', '2004-01-01', '2004-05-31', 'Banco Mercantil', 'Banco Mercantil', 0, 0, '2014-05-31', '2012-10-20'),
(1427, 737, 1, 'admin', '2004-06-01', '2004-09-30', 'Banco Mercantil', 'Banco Mercantil', 0, 0, '2014-09-30', '2012-10-20'),
(1428, 738, 1, 'admin', '2003-01-01', '2003-06-30', 'Banco Provincial', 'Banco Provincial', 0, 0, '2013-06-30', '2012-10-20'),
(1429, 738, 1, 'admin', '2003-01-01', '2003-06-30', 'Banco Caracas Citibank', 'Banco Caracas Citibank', 0, 0, '2013-06-30', '2012-10-20'),
(1430, 739, 1, 'admin', '2003-06-01', '2003-07-31', 'Banco Bolivar', 'Banco Bolivar', 0, 0, '2013-07-31', '2012-10-20'),
(1431, 740, 1, 'admin', '2003-08-01', '2003-12-31', 'Banco Bolivar', 'Banco Bolivar', 0, 0, '2013-12-31', '2012-10-20'),
(1432, 741, 1, 'admin', '2003-01-01', '2003-04-30', 'Banco Mercantil', 'Banco Mercantil', 0, 0, '2013-04-30', '2012-10-20'),
(1433, 742, 1, 'admin', '2003-05-01', '2003-12-31', 'Banco Mercantil', 'Banco Mercantil', 0, 0, '2013-12-31', '2012-10-20'),
(1434, 743, 1, 'admin', '2004-08-01', '2004-12-31', 'Comprobante DIARIO ', 'Comprobante DIARIO ', 0, 0, '2014-12-31', '2012-10-20'),
(1435, 744, 1, 'admin', '2004-01-01', '2004-07-31', 'Comprobante DIARIO ', 'Comprobante DIARIO ', 0, 0, '2014-07-31', '2012-10-20'),
(1436, 744, 1, 'admin', '2004-06-01', '2004-06-30', 'Auxiliar CXP', 'Auxiliar CXP', 0, 0, '2014-06-30', '2012-10-20'),
(1437, 745, 1, 'admin', '2003-07-01', '2003-11-30', 'Comprobantes DIARIOS ', 'Comprobantes DIARIOS ', 0, 0, '2013-11-30', '2012-10-20'),
(1438, 746, 1, 'admin', '2003-01-01', '2003-11-30', 'Comprobantes DIARIOS ', 'Comprobantes DIARIOS ', 0, 0, '2013-11-30', '2012-10-20'),
(1439, 747, 1, 'admin', '2002-02-01', '2003-02-28', 'Comprobantes DIARIOS', 'Comprobantes DIARIOS', 0, 0, '2013-02-28', '2012-10-20'),
(1440, 747, 1, 'admin', '2002-05-01', '2002-05-31', 'Comprobantes DIARIOS', 'Comprobantes DIARIOS', 0, 0, '2012-05-31', '2012-10-20'),
(1441, 747, 1, 'admin', '2003-07-01', '2003-09-30', 'Conciliacion Bancaria', 'Conciliacion Bancaria', 0, 0, '2013-09-30', '2012-10-20'),
(1442, 747, 1, 'admin', '2003-01-01', '2003-12-31', 'Analisis de Cuentas', 'Analisis de Cuentas', 0, 0, '2013-12-31', '2012-10-20'),
(1443, 748, 1, 'admin', '2002-07-01', '2002-12-31', 'Comprobantes DIARIOS', 'Comprobantes DIARIOS', 0, 0, '2012-12-31', '2012-10-20'),
(1444, 749, 1, 'admin', '2002-12-01', '2002-12-31', 'Comprobantes DIARIOS', 'Comprobantes DIARIOS', 0, 0, '2012-12-31', '2012-10-20'),
(1445, 749, 1, 'admin', '2002-05-01', '2002-07-31', 'Comprobantes DIARIOS BAVARIAN', 'Comprobantes DIARIOS BAVARIAN', 0, 0, '2012-07-31', '2012-10-20'),
(1446, 750, 1, 'admin', '2002-01-01', '2004-12-31', 'Comprobantes DIARIOS', 'Comprobantes DIARIOS', 0, 0, '2014-12-31', '2012-10-20'),
(1447, 750, 1, 'admin', '2003-09-01', '2003-09-30', 'Comprobantes DIARIOS', 'Comprobantes DIARIOS', 0, 0, '2013-09-30', '2012-10-20'),
(1448, 750, 1, 'admin', '2003-03-01', '2003-03-31', 'Comprobantes DIARIOS', 'Comprobantes DIARIOS BAVARIAN', 0, 0, '2013-03-31', '2012-10-20'),
(1449, 750, 1, 'admin', '2004-09-01', '2004-09-30', 'Reportes de Asientos', 'Reportes de Asientos', 0, 0, '2014-09-30', '2012-10-20'),
(1450, 750, 1, 'admin', '2002-02-01', '2002-02-28', 'Reportes de Asientos', 'Reportes de Asientos', 0, 0, '2012-02-28', '2012-10-20'),
(1451, 751, 1, 'admin', '2003-02-01', '2003-12-31', 'Banco de Venezuela', 'Banco de Venezuela', 0, 0, '2013-12-31', '2012-10-20'),
(1452, 752, 1, 'admin', '2002-01-01', '2003-09-30', 'Banco Provincial', 'Banco Provincial', 0, 0, '2013-09-30', '2012-10-20'),
(1453, 752, 1, 'admin', '2002-08-01', '2003-11-30', 'Banco Provincial', 'Banco Provincial', 0, 0, '2013-11-30', '2012-10-20');
INSERT INTO `carpeta` (`idCarpeta`, `idCaja`, `idTipoCarpeta`, `idUsuario`, `Fecha_Ini`, `Fecha_Fin`, `Serie`, `Subserie`, `nSerieInf`, `nSerieSup`, `FechaMaxRet`, `Fecha_Creacion`) VALUES
(1454, 753, 1, 'admin', '2002-09-01', '2002-11-30', 'Banco Mercantil', 'Banco Mercantil', 0, 0, '2012-11-30', '2012-10-20'),
(1455, 754, 1, 'admin', '2002-01-01', '2002-07-31', 'Banco Mercantil', 'Banco Mercantil', 0, 0, '2012-07-31', '2012-10-20'),
(1456, 755, 1, 'admin', '2002-01-01', '2002-08-31', 'Banco de Venezuela', 'Banco de Venezuela', 0, 0, '2012-08-31', '2012-10-20'),
(1457, 755, 1, 'admin', '2002-03-01', '2002-09-30', 'Banco Caracas', 'Banco Caracas', 0, 0, '2012-09-30', '2012-10-20'),
(1458, 755, 1, 'admin', '2002-01-01', '2002-07-31', 'Citibank', 'Citibank', 0, 0, '2012-07-31', '2012-10-20'),
(1459, 755, 1, 'admin', '2003-12-01', '2003-12-31', 'Citibank', 'Citibank', 0, 0, '2013-12-31', '2012-10-20'),
(1460, 755, 1, 'admin', '2002-01-01', '2002-01-31', 'Banco Bolivar', 'Banco Bolivar', 0, 0, '2012-01-31', '2012-10-20'),
(1461, 756, 1, 'admin', '2001-01-01', '2001-09-30', 'Banco Provincial', 'Banco Provincial', 0, 0, '2011-09-30', '2012-10-20'),
(1462, 757, 1, 'admin', '2001-10-01', '2001-12-31', 'Banco Provincial', 'Banco Provincial', 0, 0, '2011-12-31', '2012-10-20'),
(1463, 758, 1, 'admin', '2001-01-01', '2001-07-31', 'Banco Bolivar', 'Banco Bolivar', 0, 0, '2011-07-31', '2012-10-20'),
(1464, 759, 1, 'admin', '2001-07-01', '2001-12-31', 'Banco Bolivar', 'Banco Bolivar', 0, 0, '2011-12-31', '2012-10-20'),
(1465, 760, 1, 'admin', '2001-02-01', '2001-10-31', 'Banco Mercantil', 'Banco Mercantil', 0, 0, '2011-10-31', '2012-10-20'),
(1466, 761, 1, 'admin', '2001-01-01', '2001-12-31', 'Otros Bancos ', 'Otros Bancos ', 0, 0, '2011-12-31', '2012-10-20'),
(1467, 761, 1, 'admin', '2001-01-01', '2001-12-31', 'Bancos', 'Venezuela Citibank Caracas Bolivar', 0, 0, '2011-12-31', '2012-10-20'),
(1468, 761, 1, 'admin', '2001-01-01', '2001-12-31', 'Bancos', 'Correlativos Amarillos Todos los bancos', 0, 0, '2011-12-31', '2012-10-20'),
(1469, 762, 1, 'admin', '2001-01-01', '2001-06-30', 'Banco Provincial', 'Banco Provincial', 0, 0, '2011-06-30', '2012-10-20'),
(1470, 763, 1, 'admin', '2002-01-01', '2002-12-31', 'Otros Bancos ', 'Otros Bancos ', 0, 0, '2012-12-31', '2012-10-20'),
(1471, 763, 1, 'admin', '2001-01-01', '2002-12-31', 'Caracas', 'Caracas', 0, 0, '2012-12-31', '2012-10-20'),
(1472, 763, 1, 'admin', '2002-01-01', '2002-12-31', 'Venezuela Citibank Bolivar', 'Venezuela Citibank Bolivar', 0, 0, '2012-12-31', '2012-10-20'),
(1473, 764, 1, 'admin', '2002-01-01', '2002-04-30', 'Comprobantes DIARIOS', 'Comprobantes DIARIOS', 0, 0, '2012-04-30', '2012-10-20'),
(1474, 765, 1, 'admin', '2001-08-01', '2001-10-31', 'Comprobantes DIARIOS', 'Comprobantes DIARIOS', 0, 0, '2011-10-31', '2012-10-20'),
(1475, 765, 1, 'admin', '2001-01-01', '2001-12-31', 'Comprobantes DIARIOS', 'Comprobantes DIARIOS', 0, 0, '2011-12-31', '2012-10-20'),
(1476, 765, 1, 'admin', '2001-01-01', '2002-12-31', 'Conciliaciones Bancarias', 'Conciliaciones Bancarias', 0, 0, '2012-12-31', '2012-10-20'),
(1477, 766, 1, 'admin', '2001-01-01', '2001-07-31', 'Comprobantes DIARIOS', 'Comprobantes DIARIOS', 0, 0, '2011-07-31', '2012-10-20'),
(1478, 766, 1, 'admin', '2001-06-01', '2001-06-30', 'Tesoreria', 'Tesoreria', 0, 0, '2011-06-30', '2012-10-20'),
(1479, 766, 1, 'admin', '2001-01-01', '2001-05-31', 'Autorizaciones Bancarias', 'Autorizaciones Bancarias', 0, 0, '2011-05-31', '2012-10-20'),
(1480, 766, 1, 'admin', '2001-06-01', '2001-09-30', 'Autorizaciones Bancarias', 'Autorizaciones Bancarias', 0, 0, '2011-09-30', '2012-10-20'),
(1481, 767, 1, 'admin', '2000-08-01', '2000-12-31', 'Banco Bolivar', 'Banco Bolivar', 0, 0, '2010-12-31', '2012-10-20'),
(1482, 768, 1, 'admin', '2000-03-01', '2000-09-30', 'Banco Caracas', 'Banco Caracas', 0, 0, '2010-09-30', '2012-10-20'),
(1483, 769, 1, 'admin', '2001-11-01', '2001-11-30', 'Comprobantes DIARIOS', 'Comprobantes DIARIOS', 0, 0, '2011-11-30', '2012-10-20'),
(1484, 769, 1, 'admin', '2001-01-01', '2001-12-31', 'Libro de Ventas', 'Libro de Ventas', 0, 0, '2011-12-31', '2012-10-20'),
(1485, 769, 1, 'admin', '2000-01-01', '2000-12-31', 'Mayor Analitico', 'Mayor Analitico', 0, 0, '2010-12-31', '2012-10-20'),
(1486, 770, 1, 'admin', '2000-01-01', '2000-12-31', 'Comprobantes DIARIOS', 'Comprobantes DIARIOS - ver fechas', 0, 0, '2010-12-31', '2012-10-20'),
(1487, 770, 1, 'admin', '2000-01-01', '2000-12-31', 'Bancos', 'Bolivar Caracas Mercantil Venezuela BOD Financial Services Venezuela. Ver fechas', 0, 0, '2010-12-31', '2012-10-20'),
(1488, 771, 1, 'admin', '2001-01-01', '2004-12-31', 'Servicios Generales', 'Servicios Generales', 0, 0, '2014-12-31', '2012-10-20'),
(1489, 772, 1, 'admin', '2005-01-01', '2005-12-31', 'Correspondencia', 'Correspondencia Enviada y Recibida', 0, 0, '2015-12-31', '2012-10-20'),
(1490, 772, 1, 'admin', '2003-01-01', '2004-12-31', 'Salida de Equipos y Materiales', 'Salida de Equipos y Materiales', 0, 0, '2014-12-31', '2012-10-20'),
(1491, 772, 1, 'admin', '2004-01-01', '2004-12-31', 'Asistencia de Personal', 'Asistencia de Personal', 0, 0, '2014-12-31', '2012-10-20'),
(1492, 772, 1, 'admin', '2003-01-01', '2003-12-31', 'Asistencia de Personal Caracas', 'Asistencia de Personal Caracas', 0, 0, '2013-12-31', '2012-10-20'),
(1493, 772, 1, 'admin', '2003-01-01', '2003-12-31', 'Documentos para Conducir', 'Documentos para Conducir', 0, 0, '2013-12-31', '2012-10-20'),
(1494, 772, 1, 'admin', '2004-01-01', '2004-12-31', 'Ruta para Choferes', 'Ruta para Choferes', 0, 0, '2014-12-31', '2012-10-20'),
(1495, 773, 1, 'admin', '2002-01-01', '2002-12-31', 'Servicios Generales', 'Servicios Generales - ver fechas', 0, 0, '2012-12-31', '2012-10-20'),
(1496, 773, 1, 'admin', '2002-01-01', '2002-12-31', 'FUNDAMETAL', 'FUNDAMETAL Taller Imp sobre la Renta - Ver fecha', 0, 0, '2012-12-31', '2012-10-20'),
(1497, 773, 1, 'admin', '2006-01-01', '2006-12-31', 'Plan de Entrenamiento ', 'Plan de Entrenamiento ', 0, 0, '2016-12-31', '2012-10-20'),
(1498, 773, 1, 'admin', '2002-01-01', '2002-12-31', 'Registro de Guarderias', 'Registro de Guarderias - ver fechas', 0, 0, '2012-12-31', '2012-10-20'),
(1499, 774, 1, 'admin', '2001-01-01', '2002-12-31', 'Facturas', 'Servicios Generales Facturas CANTV', 0, 0, '2012-12-31', '2012-10-20'),
(1500, 775, 1, 'admin', '2000-01-01', '2003-12-31', 'Servicios Generales Valija', 'Servicios Generales Valija', 0, 0, '2013-12-31', '2012-10-20'),
(1501, 776, 1, 'admin', '2007-01-01', '2008-12-31', 'Servicios Generales Valija', 'Servicios Generales Valija', 0, 0, '2018-12-31', '2012-10-20'),
(1502, 776, 1, 'admin', '2008-01-01', '2008-12-31', 'Servicios Generales Valija', 'Servicios Generales Valija', 0, 0, '2018-12-31', '2012-10-20'),
(1503, 776, 1, 'admin', '2009-01-01', '2010-12-31', 'Servicios Generales Valija', 'Servicios Generales Valija', 0, 0, '2020-12-31', '2012-10-20'),
(1504, 777, 1, 'admin', '2002-01-01', '2002-07-31', 'Banco Bolivar', 'Banco Bolivar', 0, 0, '2012-07-31', '2012-10-20'),
(1505, 778, 1, 'admin', '2000-01-01', '2000-12-31', 'Banco Provincial', 'Banco Provincial', 0, 0, '2010-12-31', '2012-10-20'),
(1506, 779, 1, 'admin', '2000-01-01', '2008-12-31', 'Estados Financieros', 'Estados Financieros', 0, 0, '2018-12-31', '2012-10-20'),
(1507, 780, 1, 'admin', '2008-01-01', '2008-12-31', 'Bancos', 'Bcos Vzla Abril', 0, 0, '2018-12-31', '2012-10-20'),
(1508, 781, 1, 'admin', '2008-10-01', '2008-11-30', 'Facturas', 'Facturas Repuestos', 0, 0, '2018-11-30', '2012-10-20'),
(1509, 782, 1, 'admin', '2008-07-01', '2008-07-31', 'Bancos', 'Bco Bol', 0, 0, '2018-07-31', '2012-10-20'),
(1510, 783, 1, 'admin', '2008-01-01', '2008-02-28', 'Bancos', 'Bcos Vzla Bol', 0, 0, '2018-02-28', '2012-10-20'),
(1511, 784, 1, 'admin', '2010-04-01', '2010-04-30', 'Facturas', 'Facturas', 0, 0, '2020-04-30', '2012-10-20'),
(1512, 785, 1, 'admin', '2007-01-01', '2007-12-31', 'Notas de Credito', 'Notas de Credito', 0, 0, '2017-12-31', '2012-10-20'),
(1513, 786, 1, 'admin', '2008-01-01', '2008-12-31', 'Varios Bancos', 'Varios Bancos', 0, 0, '2018-12-31', '2012-10-20'),
(1514, 787, 1, 'admin', '2002-01-01', '2002-12-31', 'Experticia Guardia Nacional', 'Experticia Guardia Nacional - ver fechas', 0, 0, '2012-12-31', '2012-10-20'),
(1515, 788, 1, 'admin', '2002-01-01', '2002-12-31', 'Documentos Nacionalizacion', 'Documentos Nacionalizacion Vehiculos - ver fechas', 0, 0, '2012-12-31', '2012-10-20'),
(1516, 789, 1, 'admin', '2002-01-01', '2002-12-31', 'Documentos Nacionalizacion', 'Documentos Nacionalizacion Vehiculos - ver fechas', 0, 0, '2012-12-31', '2012-10-20'),
(1517, 790, 1, 'admin', '2002-01-01', '2002-12-31', 'Documentos Nacionalizacion', 'Documentos Nacionalizacion Vehiculos - ver fechas', 0, 0, '2012-12-31', '2012-10-20'),
(1518, 791, 1, 'admin', '2002-01-01', '2002-12-31', 'Documentos Nacionalizacion', 'Documentos Nacionalizacion Vehiculos - ver fechas', 0, 0, '2012-12-31', '2012-10-20'),
(1519, 792, 1, 'admin', '2009-01-01', '2009-12-31', 'Guias de Recepcion', 'Guias de Recepcion', 0, 0, '2019-12-31', '2012-10-20'),
(1520, 793, 1, 'admin', '2002-01-01', '2002-12-31', 'ECUADOR', 'ECUADOR - Ver fechas', 0, 0, '2012-12-31', '2012-10-20'),
(1521, 794, 1, 'admin', '2002-01-01', '2002-12-31', 'C/G 29', 'C/G 29 - ver fechas', 0, 0, '2012-12-31', '2012-10-20'),
(1522, 795, 1, 'admin', '2002-01-01', '2002-12-31', 'Facturas', 'Facturas Repuestos KIA - ver fechas', 0, 0, '2012-12-31', '2012-10-20'),
(1523, 796, 1, 'admin', '2002-01-01', '2002-12-31', 'Urena Maritimo', 'Urena Maritimo', 0, 0, '2012-12-31', '2012-10-20'),
(1524, 797, 1, 'admin', '2002-01-01', '2002-12-31', 'Buque Bill of Lading', 'Buque Bill of Lading - ver fechas', 0, 0, '2012-12-31', '2012-10-20'),
(1525, 798, 1, 'admin', '2002-01-01', '2002-12-31', 'Trafico y Aduanas', 'Trafico y Aduanas - ver fechas', 0, 0, '2012-12-31', '2012-10-20'),
(1526, 799, 1, 'admin', '2002-01-01', '2002-12-31', 'Trafico y Aduanas', 'Trafico y Aduanas - ver fechas', 0, 0, '2012-12-31', '2012-10-20'),
(1527, 800, 1, 'admin', '2002-01-01', '2002-12-31', 'Trafico y Aduanas', 'Trafico y Aduanas - ver fechas', 0, 0, '2012-12-31', '2012-10-20'),
(1528, 801, 1, 'admin', '2003-01-01', '2005-12-31', 'Rep Rolanner', 'Rep Rolanner', 0, 0, '2015-12-31', '2012-10-20'),
(1529, 802, 1, 'admin', '2002-01-01', '2002-12-31', 'Facturas Comerciales', 'Facturas Comerciales - ver fechas ', 0, 0, '2012-12-31', '2012-10-20'),
(1530, 803, 1, 'admin', '2002-01-01', '2002-12-31', 'Facturas Comerciales', 'Facturas Comerciales - ver fechas ', 0, 0, '2012-12-31', '2012-10-20'),
(1531, 804, 1, 'admin', '2002-01-01', '2002-12-31', 'ZOTYC JMC ByD FOTON', 'ZOTYC JMC ByD FOTON - ver fechas', 0, 0, '2012-12-31', '2012-10-20'),
(1532, 805, 1, 'admin', '2002-01-01', '2002-12-31', 'KIA Transporte EDUADOR', 'KIA Transporte EDUADOR Valentia - ver fechas', 0, 0, '2012-12-31', '2012-10-20'),
(1533, 806, 1, 'admin', '2002-01-01', '2002-12-31', 'Cartas Pago Imp', 'KIA Grand Chice Cartas Pago Imp - ver fechas', 0, 0, '2012-12-31', '2012-10-20'),
(1534, 807, 1, 'admin', '2007-01-01', '2008-12-31', 'Facturas', 'Facturas de Repuestos', 0, 0, '2018-12-31', '2012-10-20'),
(1535, 808, 1, 'admin', '2007-01-01', '2007-12-31', 'Admon CxC', 'Admon CxC - requiere actualizar', 0, 0, '2017-12-31', '2012-10-20'),
(1536, 809, 1, 'admin', '2010-01-01', '2010-12-31', 'Admon CxC', 'Admon CxC - requiere actualizar', 0, 0, '2020-12-31', '2012-10-20'),
(1537, 810, 1, 'admin', '2007-01-01', '2007-12-31', 'Notas de Credito', 'Notas de Credito', 0, 0, '2017-12-31', '2012-10-20'),
(1538, 811, 1, 'admin', '2007-01-01', '2007-12-31', 'Notas de Credito y Debito', 'Notas de Credito y Debito', 0, 0, '2017-12-31', '2012-10-20'),
(1539, 812, 1, 'admin', '2007-01-01', '2007-12-31', 'Admon CxC', 'Admon CxC - requiere actualizar', 0, 0, '2017-12-31', '2012-10-20'),
(1540, 813, 1, 'admin', '2007-01-01', '2007-12-31', 'Soporte Cobro de Vehiculos', 'Soporte Cobro de Vehiculos', 0, 0, '2017-12-31', '2012-10-20'),
(1541, 814, 1, 'admin', '2007-01-01', '2007-12-31', 'Admon CxC', 'Admon CxC - requiere actualizar', 0, 0, '2017-12-31', '2012-10-20'),
(1542, 815, 1, 'admin', '2009-01-01', '2009-12-31', 'Admon CxC', 'Admon CxC - requiere actualizar', 0, 0, '2019-12-31', '2012-10-20'),
(1543, 816, 1, 'admin', '2008-01-10', '2008-12-31', 'Soportes Cobro de Vehiculos', 'Soportes Cobro de Vehiculos', 0, 0, '2018-12-31', '2012-10-20'),
(1544, 817, 1, 'admin', '2007-01-01', '2007-12-31', 'Recibos Cobros de Repuestos', 'Recibos Cobros de Repuestos', 0, 0, '2017-12-31', '2012-10-20'),
(1545, 818, 1, 'admin', '2008-01-01', '2008-12-31', 'Soportes Cobro de Vehiculos', 'Soportes Cobro de Vehiculos', 0, 0, '2018-12-31', '2012-10-20'),
(1546, 819, 1, 'admin', '2007-01-01', '2007-12-31', 'Admon CxC', 'Admon CxC - requiere actualizar', 0, 0, '2017-12-31', '2012-10-20'),
(1547, 820, 1, 'admin', '2007-01-01', '2007-12-31', 'Admon CxC', 'Admon CxC - requiere actualizar', 0, 0, '2017-12-31', '2012-10-20'),
(1548, 821, 1, 'admin', '2008-05-01', '2009-09-30', 'Facturas Repuestos Vehiculos', 'Facturas de Repuestos Vehiculos', 0, 0, '2019-09-30', '2012-10-20');



INSERT INTO `traslado` (`idTraslado`, `idCarpeta`, `Usuario`, `Fecha_Traslado`, `Fecha_Creacion`) VALUES
(1, 1, 'admin', '2012-10-08 08:00:00', '2012-10-08'),
(2, 2, 'admin', '2012-10-08 08:00:00', '2012-10-08'),
(3, 3, 'admin', '2012-10-08 08:00:00', '2012-10-08'),
(4, 4, 'admin', '2012-10-08 08:00:00', '2012-10-08'),
(5, 5, 'admin', '2012-10-08 08:00:00', '2012-10-08'),
(6, 6, 'admin', '2012-10-08 08:00:00', '2012-10-08'),
(7, 7, 'admin', '2012-10-08 08:00:00', '2012-10-08'),
(8, 8, 'admin', '2012-10-08 08:00:00', '2012-10-08'),
(9, 9, 'admin', '2012-10-08 08:00:00', '2012-10-08'),
(10, 10, 'admin', '2012-10-08 08:00:00', '2012-10-08'),
(11, 11, 'admin', '2012-10-08 08:00:00', '2012-10-08'),
(12, 12, 'admin', '2012-10-08 08:00:00', '2012-10-08'),
(13, 13, 'admin', '2012-10-08 08:00:00', '2012-10-08'),
(14, 14, 'admin', '2012-10-08 08:00:00', '2012-10-08'),
(15, 15, 'admin', '2012-10-08 08:00:00', '2012-10-08'),
(16, 16, 'admin', '2012-10-08 08:00:00', '2012-10-08'),
(17, 17, 'admin', '2012-10-08 08:00:00', '2012-10-08'),
(18, 18, 'admin', '2012-10-08 08:00:00', '2012-10-08'),
(19, 19, 'admin', '2012-10-08 08:00:00', '2012-10-08'),
(20, 20, 'admin', '2012-10-08 08:00:00', '2012-10-08'),
(21, 21, 'admin', '2012-10-08 08:00:00', '2012-10-08'),
(22, 22, 'admin', '2012-10-08 08:00:00', '2012-10-08'),
(23, 23, 'admin', '2012-10-08 08:00:00', '2012-10-08'),
(24, 24, 'admin', '2012-10-08 08:00:00', '2012-10-08'),
(25, 25, 'admin', '2012-10-08 08:00:00', '2012-10-08'),
(26, 26, 'admin', '2012-10-08 08:00:00', '2012-10-08'),
(27, 27, 'admin', '2012-10-08 08:00:00', '2012-10-08'),
(28, 28, 'admin', '2012-10-08 08:00:00', '2012-10-08'),
(29, 29, 'admin', '2012-10-08 08:00:00', '2012-10-08'),
(30, 30, 'admin', '2012-10-08 08:00:00', '2012-10-08'),
(31, 31, 'admin', '2012-10-08 08:00:00', '2012-10-08'),
(32, 32, 'admin', '2012-10-08 08:00:00', '2012-10-08'),
(33, 33, 'admin', '2012-10-08 08:00:00', '2012-10-08'),
(34, 34, 'admin', '2012-10-08 08:00:00', '2012-10-08'),
(35, 35, 'admin', '2012-10-08 08:00:00', '2012-10-08'),
(36, 36, 'admin', '2012-10-08 08:00:00', '2012-10-08'),
(37, 37, 'admin', '2012-10-08 08:00:00', '2012-10-08'),
(38, 38, 'admin', '2012-10-08 08:00:00', '2012-10-08'),
(39, 39, 'admin', '2012-10-08 08:00:00', '2012-10-08'),
(40, 40, 'admin', '2012-10-08 08:00:00', '2012-10-08'),
(41, 41, 'admin', '2012-10-08 08:00:00', '2012-10-08'),
(42, 42, 'admin', '2012-10-08 08:00:00', '2012-10-08'),
(43, 43, 'admin', '2012-10-08 08:00:00', '2012-10-08'),
(44, 44, 'admin', '2012-10-08 08:00:00', '2012-10-08'),
(45, 45, 'admin', '2012-10-08 08:00:00', '2012-10-08'),
(46, 46, 'admin', '2012-10-08 08:00:00', '2012-10-08'),
(47, 47, 'admin', '2012-10-08 08:00:00', '2012-10-08'),
(48, 48, 'admin', '2012-10-08 08:00:00', '2012-10-08'),
(49, 49, 'admin', '2012-10-08 08:00:00', '2012-10-08'),
(50, 50, 'admin', '2012-10-08 08:00:00', '2012-10-08'),
(51, 51, 'admin', '2012-10-08 08:00:00', '2012-10-08'),
(52, 52, 'admin', '2012-10-08 08:00:00', '2012-10-08'),
(53, 53, 'admin', '2012-10-08 08:00:00', '2012-10-08'),
(54, 54, 'admin', '2012-10-08 08:00:00', '2012-10-08'),
(55, 55, 'admin', '2012-10-08 08:00:00', '2012-10-08'),
(56, 56, 'admin', '2012-10-08 08:00:00', '2012-10-08'),
(57, 57, 'admin', '2012-10-08 08:00:00', '2012-10-08'),
(58, 58, 'admin', '2012-10-08 08:00:00', '2012-10-08'),
(59, 59, 'admin', '2012-10-08 08:00:00', '2012-10-08'),
(60, 60, 'admin', '2012-10-08 08:00:00', '2012-10-08'),
(61, 61, 'admin', '2012-10-08 08:00:00', '2012-10-08'),
(62, 62, 'admin', '2012-10-08 08:00:00', '2012-10-08'),
(63, 63, 'admin', '2012-10-08 08:00:00', '2012-10-08'),
(64, 64, 'admin', '2012-10-08 08:00:00', '2012-10-08'),
(65, 65, 'admin', '2012-10-08 08:00:00', '2012-10-08'),
(66, 66, 'admin', '2012-10-08 08:00:00', '2012-10-08'),
(67, 67, 'admin', '2012-10-08 08:00:00', '2012-10-08'),
(68, 68, 'admin', '2012-10-08 08:00:00', '2012-10-08'),
(69, 69, 'admin', '2012-10-08 08:00:00', '2012-10-08'),
(70, 70, 'admin', '2012-10-08 08:00:00', '2012-10-08'),
(71, 71, 'admin', '2012-10-08 08:00:00', '2012-10-08'),
(72, 72, 'admin', '2012-10-08 08:00:00', '2012-10-08'),
(73, 73, 'admin', '2012-10-08 08:00:00', '2012-10-08'),
(74, 74, 'admin', '2012-10-08 08:00:00', '2012-10-08'),
(75, 75, 'admin', '2012-10-08 08:00:00', '2012-10-08'),
(76, 76, 'admin', '2012-10-08 08:00:00', '2012-10-08'),
(77, 77, 'admin', '2012-10-08 08:00:00', '2012-10-08'),
(78, 78, 'admin', '2012-10-08 08:00:00', '2012-10-08'),
(79, 79, 'admin', '2012-10-08 08:00:00', '2012-10-08'),
(80, 80, 'admin', '2012-10-08 08:00:00', '2012-10-08'),
(81, 81, 'admin', '2012-10-08 08:00:00', '2012-10-08'),
(82, 82, 'admin', '2012-10-08 08:00:00', '2012-10-08'),
(83, 83, 'admin', '2012-10-08 08:00:00', '2012-10-08'),
(84, 84, 'admin', '2012-10-08 08:00:00', '2012-10-08'),
(85, 85, 'admin', '2012-10-08 08:00:00', '2012-10-08'),
(86, 86, 'admin', '2012-10-08 08:00:00', '2012-10-08'),
(87, 87, 'admin', '2012-10-08 08:00:00', '2012-10-08'),
(88, 88, 'admin', '2012-10-08 08:00:00', '2012-10-08'),
(89, 89, 'admin', '2012-10-08 08:00:00', '2012-10-08'),
(90, 90, 'admin', '2012-10-08 08:00:00', '2012-10-08'),
(91, 91, 'admin', '2012-10-08 08:00:00', '2012-10-08'),
(92, 92, 'admin', '2012-10-08 08:00:00', '2012-10-08'),
(93, 93, 'admin', '2012-10-08 08:00:00', '2012-10-08'),
(94, 94, 'admin', '2012-10-08 08:00:00', '2012-10-08'),
(95, 95, 'admin', '2012-10-08 08:00:00', '2012-10-08'),
(96, 96, 'admin', '2012-10-08 08:00:00', '2012-10-08'),
(97, 97, 'admin', '2012-10-08 08:00:00', '2012-10-08'),
(98, 98, 'admin', '2012-10-08 08:00:00', '2012-10-08'),
(99, 99, 'admin', '2012-10-08 22:09:00', '2012-10-08'),
(100, 100, 'admin', '2012-10-08 08:00:00', '2012-10-08'),
(101, 101, 'admin', '2012-10-08 08:00:00', '2012-10-08'),
(102, 102, 'admin', '2012-10-08 08:00:00', '2012-10-08'),
(103, 103, 'admin', '2012-10-08 08:00:00', '2012-10-08'),
(104, 104, 'admin', '2012-10-08 08:00:00', '2012-10-08'),
(105, 105, 'admin', '2012-10-08 08:00:00', '2012-10-08'),
(106, 106, 'admin', '2012-10-08 08:00:00', '2012-10-08'),
(107, 107, 'admin', '2012-10-08 08:00:00', '2012-10-08'),
(108, 108, 'admin', '2012-10-08 08:00:00', '2012-10-08'),
(109, 109, 'admin', '2012-10-16 08:00:00', '2012-10-16'),
(110, 110, 'admin', '2012-10-16 08:00:00', '2012-10-16'),
(111, 111, 'admin', '2012-10-16 08:00:00', '2012-10-16'),
(112, 112, 'admin', '2012-10-16 11:56:00', '2012-10-16'),
(113, 113, 'admin', '2012-10-16 12:00:00', '2012-10-16'),
(114, 114, 'admin', '2012-10-16 12:01:00', '2012-10-16'),
(115, 115, 'admin', '2012-10-16 12:02:00', '2012-10-16'),
(116, 116, 'admin', '2012-10-16 12:03:00', '2012-10-16'),
(117, 117, 'admin', '2012-10-16 12:06:00', '2012-10-16'),
(118, 118, 'admin', '2012-10-16 13:13:00', '2012-10-16'),
(119, 119, 'admin', '2012-10-16 13:15:00', '2012-10-16'),
(120, 120, 'admin', '2012-10-16 13:16:00', '2012-10-16'),
(121, 121, 'admin', '2012-10-16 13:17:00', '2012-10-16'),
(122, 122, 'admin', '2012-10-16 13:18:00', '2012-10-16'),
(123, 123, 'admin', '2012-10-16 13:19:00', '2012-10-16'),
(124, 124, 'admin', '2012-10-16 13:20:00', '2012-10-16'),
(125, 125, 'admin', '2012-10-16 13:21:00', '2012-10-16'),
(126, 126, 'admin', '2012-10-16 13:25:00', '2012-10-16'),
(127, 127, 'admin', '2012-10-16 13:25:00', '2012-10-16'),
(128, 128, 'admin', '2012-10-16 13:26:00', '2012-10-16'),
(129, 129, 'admin', '2012-10-16 13:27:00', '2012-10-16'),
(130, 130, 'admin', '2012-10-16 13:29:00', '2012-10-16'),
(131, 131, 'admin', '2012-10-16 13:32:00', '2012-10-16'),
(132, 132, 'admin', '2012-10-16 13:34:00', '2012-10-16'),
(133, 133, 'admin', '2012-10-16 13:35:00', '2012-10-16'),
(134, 134, 'admin', '2012-10-16 13:36:00', '2012-10-16'),
(135, 135, 'admin', '2012-10-16 13:37:00', '2012-10-16'),
(136, 136, 'admin', '2012-10-16 13:38:00', '2012-10-16'),
(137, 137, 'admin', '2012-10-16 13:39:00', '2012-10-16'),
(138, 138, 'admin', '2012-10-16 13:40:00', '2012-10-16'),
(139, 139, 'admin', '2012-10-16 13:41:00', '2012-10-16'),
(140, 140, 'admin', '2012-10-16 13:42:00', '2012-10-16'),
(141, 141, 'admin', '2012-10-16 13:43:00', '2012-10-16'),
(142, 142, 'admin', '2012-10-16 13:44:00', '2012-10-16'),
(143, 143, 'admin', '2012-10-16 13:45:00', '2012-10-16'),
(144, 144, 'admin', '2012-10-16 13:46:00', '2012-10-16'),
(145, 145, 'admin', '2012-10-16 13:47:00', '2012-10-16'),
(146, 146, 'admin', '2012-10-16 13:47:00', '2012-10-16'),
(147, 147, 'admin', '2012-10-16 13:48:00', '2012-10-16'),
(148, 148, 'admin', '2012-10-16 13:49:00', '2012-10-16'),
(149, 149, 'admin', '2012-10-16 13:50:00', '2012-10-16'),
(150, 150, 'admin', '2012-10-16 13:51:00', '2012-10-16'),
(151, 151, 'admin', '2012-10-16 13:52:00', '2012-10-16'),
(152, 152, 'admin', '2012-10-16 13:52:00', '2012-10-16'),
(153, 153, 'admin', '2012-10-16 13:54:00', '2012-10-16'),
(154, 154, 'admin', '2012-10-16 13:55:00', '2012-10-16'),
(155, 155, 'admin', '2012-10-16 13:56:00', '2012-10-16'),
(156, 156, 'admin', '2012-10-16 13:56:00', '2012-10-16'),
(157, 157, 'admin', '2012-10-16 13:59:00', '2012-10-16'),
(158, 158, 'admin', '2012-10-16 14:00:00', '2012-10-16'),
(159, 159, 'admin', '2012-10-16 14:01:00', '2012-10-16'),
(160, 160, 'admin', '2012-10-16 14:03:00', '2012-10-16'),
(161, 161, 'admin', '2012-10-16 14:05:00', '2012-10-16'),
(162, 162, 'admin', '2012-10-16 14:06:00', '2012-10-16'),
(163, 163, 'admin', '2012-10-16 14:06:00', '2012-10-16'),
(164, 164, 'admin', '2012-10-16 14:07:00', '2012-10-16'),
(165, 165, 'admin', '2012-10-16 14:08:00', '2012-10-16'),
(166, 166, 'admin', '2012-10-16 14:09:00', '2012-10-16'),
(167, 167, 'admin', '2012-10-16 14:10:00', '2012-10-16'),
(168, 168, 'admin', '2012-10-16 14:10:00', '2012-10-16'),
(169, 169, 'admin', '2012-10-16 14:11:00', '2012-10-16'),
(170, 170, 'admin', '2012-10-16 14:12:00', '2012-10-16'),
(171, 171, 'admin', '2012-10-16 14:13:00', '2012-10-16'),
(172, 172, 'admin', '2012-10-16 14:14:00', '2012-10-16'),
(173, 173, 'admin', '2012-10-16 14:16:00', '2012-10-16'),
(174, 174, 'admin', '2012-10-16 14:17:00', '2012-10-16'),
(175, 175, 'admin', '2012-10-16 14:18:00', '2012-10-16'),
(176, 176, 'admin', '2012-10-16 14:19:00', '2012-10-16'),
(177, 177, 'admin', '2012-10-16 14:20:00', '2012-10-16'),
(178, 178, 'admin', '2012-10-16 14:20:00', '2012-10-16'),
(179, 179, 'admin', '2012-10-16 14:22:00', '2012-10-16'),
(180, 180, 'admin', '2012-10-16 14:23:00', '2012-10-16'),
(181, 181, 'admin', '2012-10-16 14:25:00', '2012-10-16'),
(182, 182, 'admin', '2012-10-16 14:26:00', '2012-10-16'),
(183, 183, 'admin', '2012-10-16 14:28:00', '2012-10-16'),
(184, 184, 'admin', '2012-10-16 14:31:00', '2012-10-16'),
(185, 185, 'admin', '2012-10-16 14:36:00', '2012-10-16'),
(186, 186, 'admin', '2012-10-16 14:37:00', '2012-10-16'),
(187, 187, 'admin', '2012-10-16 14:38:00', '2012-10-16'),
(188, 188, 'admin', '2012-10-16 14:39:00', '2012-10-16'),
(189, 189, 'admin', '2012-10-16 14:41:00', '2012-10-16'),
(190, 190, 'admin', '2012-10-16 14:42:00', '2012-10-16'),
(191, 191, 'admin', '2012-10-16 14:43:00', '2012-10-16'),
(192, 192, 'admin', '2012-10-16 14:43:00', '2012-10-16'),
(193, 193, 'admin', '2012-10-16 14:45:00', '2012-10-16'),
(194, 194, 'admin', '2012-10-16 14:45:00', '2012-10-16'),
(195, 195, 'admin', '2012-10-16 14:46:00', '2012-10-16'),
(196, 196, 'admin', '2012-10-16 14:47:00', '2012-10-16'),
(197, 197, 'admin', '2012-10-16 14:48:00', '2012-10-16'),
(198, 198, 'admin', '2012-10-16 14:49:00', '2012-10-16'),
(199, 199, 'admin', '2012-10-16 14:50:00', '2012-10-16'),
(200, 200, 'admin', '2012-10-16 14:50:00', '2012-10-16'),
(201, 201, 'admin', '2012-10-16 14:51:00', '2012-10-16'),
(202, 202, 'admin', '2012-10-16 14:52:00', '2012-10-16'),
(203, 203, 'admin', '2012-10-16 14:53:00', '2012-10-16'),
(204, 204, 'admin', '2012-10-16 14:54:00', '2012-10-16'),
(205, 205, 'admin', '2012-10-16 14:54:00', '2012-10-16'),
(206, 206, 'admin', '2012-10-16 14:55:00', '2012-10-16'),
(207, 207, 'admin', '2012-10-16 14:58:00', '2012-10-16'),
(208, 208, 'admin', '2012-10-16 14:59:00', '2012-10-16'),
(209, 209, 'admin', '2012-10-16 15:00:00', '2012-10-16'),
(210, 210, 'admin', '2012-10-16 15:01:00', '2012-10-16'),
(211, 211, 'admin', '2012-10-16 15:02:00', '2012-10-16'),
(212, 212, 'admin', '2012-10-16 15:04:00', '2012-10-16'),
(213, 213, 'admin', '2012-10-16 15:05:00', '2012-10-16'),
(214, 214, 'admin', '2012-10-16 15:06:00', '2012-10-16'),
(215, 215, 'admin', '2012-10-16 15:07:00', '2012-10-16'),
(216, 216, 'admin', '2012-10-16 15:08:00', '2012-10-16'),
(217, 217, 'admin', '2012-10-16 15:11:00', '2012-10-16'),
(218, 218, 'admin', '2012-10-16 15:12:00', '2012-10-16'),
(219, 219, 'admin', '2012-10-16 15:14:00', '2012-10-16'),
(220, 220, 'admin', '2012-10-16 15:14:00', '2012-10-16'),
(221, 221, 'admin', '2012-10-16 15:15:00', '2012-10-16'),
(222, 222, 'admin', '2012-10-16 15:17:00', '2012-10-16'),
(223, 223, 'admin', '2012-10-16 15:17:00', '2012-10-16'),
(224, 224, 'admin', '2012-10-16 15:18:00', '2012-10-16'),
(225, 225, 'admin', '2012-10-16 15:31:00', '2012-10-16'),
(226, 226, 'admin', '2012-10-16 15:33:00', '2012-10-16'),
(227, 227, 'admin', '2012-10-16 15:34:00', '2012-10-16'),
(228, 228, 'admin', '2012-10-16 15:34:00', '2012-10-16'),
(229, 229, 'admin', '2012-10-16 15:35:00', '2012-10-16'),
(230, 230, 'admin', '2012-10-16 15:38:00', '2012-10-16'),
(231, 231, 'admin', '2012-10-16 15:39:00', '2012-10-16'),
(232, 232, 'admin', '2012-10-16 15:46:00', '2012-10-16'),
(233, 233, 'admin', '2012-10-16 15:47:00', '2012-10-16'),
(234, 234, 'admin', '2012-10-16 15:48:00', '2012-10-16'),
(235, 235, 'admin', '2012-10-16 15:49:00', '2012-10-16'),
(236, 236, 'admin', '2012-10-16 15:50:00', '2012-10-16'),
(237, 237, 'admin', '2012-10-16 15:51:00', '2012-10-16'),
(238, 238, 'admin', '2012-10-16 15:52:00', '2012-10-16'),
(239, 239, 'admin', '2012-10-16 15:53:00', '2012-10-16'),
(240, 240, 'admin', '2012-10-16 15:54:00', '2012-10-16'),
(241, 241, 'admin', '2012-10-16 15:55:00', '2012-10-16'),
(242, 242, 'admin', '2012-10-16 15:56:00', '2012-10-16'),
(243, 243, 'admin', '2012-10-16 15:57:00', '2012-10-16'),
(244, 244, 'admin', '2012-10-16 15:59:00', '2012-10-16'),
(245, 245, 'admin', '2012-10-16 16:00:00', '2012-10-16'),
(246, 246, 'admin', '2012-10-16 16:01:00', '2012-10-16'),
(247, 247, 'admin', '2012-10-16 16:03:00', '2012-10-16'),
(248, 248, 'admin', '2012-10-16 16:04:00', '2012-10-16'),
(249, 249, 'admin', '2012-10-16 16:05:00', '2012-10-16'),
(250, 250, 'admin', '2012-10-16 16:05:00', '2012-10-16'),
(251, 251, 'admin', '2012-10-16 16:07:00', '2012-10-16'),
(252, 252, 'admin', '2012-10-16 16:08:00', '2012-10-16'),
(253, 253, 'admin', '2012-10-16 16:10:00', '2012-10-16'),
(254, 254, 'admin', '2012-10-16 16:11:00', '2012-10-16'),
(255, 255, 'admin', '2012-10-16 16:13:00', '2012-10-16'),
(256, 256, 'admin', '2012-10-16 16:14:00', '2012-10-16'),
(257, 257, 'admin', '2012-10-16 16:15:00', '2012-10-16'),
(258, 258, 'admin', '2012-10-16 16:17:00', '2012-10-16'),
(259, 259, 'admin', '2012-10-16 16:18:00', '2012-10-16'),
(260, 260, 'admin', '2012-10-16 16:19:00', '2012-10-16'),
(261, 261, 'admin', '2012-10-16 16:19:00', '2012-10-16'),
(262, 262, 'admin', '2012-10-16 16:20:00', '2012-10-16'),
(263, 263, 'admin', '2012-10-16 16:22:00', '2012-10-16'),
(264, 264, 'admin', '2012-10-16 16:23:00', '2012-10-16'),
(265, 265, 'admin', '2012-10-16 16:23:00', '2012-10-16'),
(266, 266, 'admin', '2012-10-16 16:24:00', '2012-10-16'),
(267, 267, 'admin', '2012-10-16 16:26:00', '2012-10-16'),
(268, 268, 'admin', '2012-10-16 16:26:00', '2012-10-16'),
(269, 269, 'admin', '2012-10-16 16:26:00', '2012-10-16'),
(270, 270, 'admin', '2012-10-16 16:29:00', '2012-10-16'),
(271, 271, 'admin', '2012-10-16 16:30:00', '2012-10-16'),
(272, 272, 'admin', '2012-10-16 16:31:00', '2012-10-16'),
(273, 273, 'admin', '2012-10-16 16:32:00', '2012-10-16'),
(274, 274, 'admin', '2012-10-16 16:34:00', '2012-10-16'),
(275, 275, 'admin', '2012-10-16 16:35:00', '2012-10-16'),
(276, 276, 'admin', '2012-10-16 16:37:00', '2012-10-16'),
(277, 277, 'admin', '2012-10-16 16:38:00', '2012-10-16'),
(278, 278, 'admin', '2012-10-16 16:39:00', '2012-10-16'),
(279, 279, 'admin', '2012-10-16 16:39:00', '2012-10-16'),
(280, 280, 'admin', '2012-10-16 16:41:00', '2012-10-16'),
(281, 281, 'admin', '2012-10-16 16:41:00', '2012-10-16'),
(282, 282, 'admin', '2012-10-16 16:42:00', '2012-10-16'),
(283, 283, 'admin', '2012-10-16 16:43:00', '2012-10-16'),
(284, 284, 'admin', '2012-10-16 16:44:00', '2012-10-16'),
(285, 285, 'admin', '2012-10-16 16:45:00', '2012-10-16'),
(286, 286, 'admin', '2012-10-16 16:46:00', '2012-10-16'),
(287, 287, 'admin', '2012-10-16 16:47:00', '2012-10-16'),
(288, 288, 'admin', '2012-10-16 16:48:00', '2012-10-16'),
(289, 289, 'admin', '2012-10-16 16:48:00', '2012-10-16'),
(290, 290, 'admin', '2012-10-16 16:49:00', '2012-10-16'),
(291, 291, 'admin', '2012-10-16 16:51:00', '2012-10-16'),
(292, 292, 'admin', '2012-10-16 16:51:00', '2012-10-16'),
(293, 293, 'admin', '2012-10-16 16:52:00', '2012-10-16'),
(294, 294, 'admin', '2012-10-16 16:53:00', '2012-10-16'),
(295, 295, 'admin', '2012-10-16 16:54:00', '2012-10-16'),
(296, 296, 'admin', '2012-10-16 16:55:00', '2012-10-16'),
(297, 297, 'admin', '2012-10-16 16:56:00', '2012-10-16'),
(298, 298, 'admin', '2012-10-16 16:56:00', '2012-10-16'),
(299, 299, 'admin', '2012-10-16 16:57:00', '2012-10-16'),
(300, 300, 'admin', '2012-10-16 16:58:00', '2012-10-16'),
(301, 301, 'admin', '2012-10-16 16:59:00', '2012-10-16'),
(302, 302, 'admin', '2012-10-16 17:00:00', '2012-10-16'),
(303, 303, 'admin', '2012-10-16 17:01:00', '2012-10-16'),
(304, 304, 'admin', '2012-10-16 17:02:00', '2012-10-16'),
(305, 305, 'admin', '2012-10-16 17:03:00', '2012-10-16'),
(306, 306, 'admin', '2012-10-16 17:04:00', '2012-10-16'),
(307, 307, 'admin', '2012-10-16 17:05:00', '2012-10-16'),
(308, 308, 'admin', '2012-10-16 17:06:00', '2012-10-16'),
(309, 309, 'admin', '2012-10-17 08:53:00', '2012-10-17'),
(310, 310, 'admin', '2012-10-17 08:54:00', '2012-10-17'),
(311, 311, 'admin', '2012-10-17 08:55:00', '2012-10-17'),
(312, 312, 'admin', '2012-10-17 08:56:00', '2012-10-17'),
(313, 313, 'admin', '2012-10-17 08:58:00', '2012-10-17'),
(314, 314, 'admin', '2012-10-17 08:58:00', '2012-10-17'),
(315, 315, 'admin', '2012-10-17 08:59:00', '2012-10-17'),
(316, 316, 'admin', '2012-10-17 09:00:00', '2012-10-17'),
(317, 317, 'admin', '2012-10-17 09:01:00', '2012-10-17'),
(318, 318, 'admin', '2012-10-17 09:03:00', '2012-10-17'),
(319, 319, 'admin', '2012-10-17 09:03:00', '2012-10-17'),
(320, 320, 'admin', '2012-10-17 09:04:00', '2012-10-17'),
(321, 321, 'admin', '2012-10-17 09:05:00', '2012-10-17'),
(322, 322, 'admin', '2012-10-17 09:06:00', '2012-10-17'),
(323, 323, 'admin', '2012-10-17 09:07:00', '2012-10-17'),
(324, 324, 'admin', '2012-10-17 09:12:00', '2012-10-17'),
(325, 325, 'admin', '2012-10-17 09:13:00', '2012-10-17'),
(326, 326, 'admin', '2012-10-17 09:14:00', '2012-10-17'),
(327, 327, 'admin', '2012-10-17 09:14:00', '2012-10-17'),
(328, 328, 'admin', '2012-10-17 09:16:00', '2012-10-17'),
(329, 329, 'admin', '2012-10-17 09:17:00', '2012-10-17'),
(330, 330, 'admin', '2012-10-17 09:19:00', '2012-10-17'),
(331, 331, 'admin', '2012-10-17 09:22:00', '2012-10-17'),
(332, 332, 'admin', '2012-10-17 09:24:00', '2012-10-17'),
(333, 333, 'admin', '2012-10-17 09:24:00', '2012-10-17'),
(334, 334, 'admin', '2012-10-17 09:31:00', '2012-10-17'),
(335, 335, 'admin', '2012-10-17 09:32:00', '2012-10-17'),
(336, 336, 'admin', '2012-10-17 09:32:00', '2012-10-17'),
(337, 337, 'admin', '2012-10-17 09:33:00', '2012-10-17'),
(338, 338, 'admin', '2012-10-17 09:35:00', '2012-10-17'),
(339, 339, 'admin', '2012-10-17 09:36:00', '2012-10-17'),
(340, 340, 'admin', '2012-10-17 09:37:00', '2012-10-17'),
(341, 341, 'admin', '2012-10-17 09:38:00', '2012-10-17'),
(342, 342, 'admin', '2012-10-17 09:39:00', '2012-10-17'),
(343, 343, 'admin', '2012-10-17 09:40:00', '2012-10-17'),
(344, 344, 'admin', '2012-10-17 09:42:00', '2012-10-17'),
(345, 345, 'admin', '2012-10-17 09:48:00', '2012-10-17'),
(346, 346, 'admin', '2012-10-17 09:49:00', '2012-10-17'),
(347, 347, 'admin', '2012-10-17 09:50:00', '2012-10-17'),
(348, 348, 'admin', '2012-10-17 09:51:00', '2012-10-17'),
(349, 349, 'admin', '2012-10-17 09:51:00', '2012-10-17'),
(350, 350, 'admin', '2012-10-17 09:53:00', '2012-10-17'),
(351, 351, 'admin', '2012-10-17 09:55:00', '2012-10-17'),
(352, 352, 'admin', '2012-10-17 09:55:00', '2012-10-17'),
(353, 353, 'admin', '2012-10-17 09:56:00', '2012-10-17'),
(354, 354, 'admin', '2012-10-17 09:57:00', '2012-10-17'),
(355, 355, 'admin', '2012-10-17 09:58:00', '2012-10-17'),
(356, 356, 'admin', '2012-10-17 09:59:00', '2012-10-17'),
(357, 357, 'admin', '2012-10-17 10:00:00', '2012-10-17'),
(358, 358, 'admin', '2012-10-17 10:01:00', '2012-10-17'),
(359, 359, 'admin', '2012-10-17 11:58:00', '2012-10-17'),
(360, 360, 'admin', '2012-10-17 12:01:00', '2012-10-17'),
(361, 361, 'admin', '2012-10-17 12:01:00', '2012-10-17'),
(362, 362, 'admin', '2012-10-17 12:02:00', '2012-10-17'),
(363, 363, 'admin', '2012-10-17 12:03:00', '2012-10-17'),
(364, 364, 'admin', '2012-10-17 12:06:00', '2012-10-17'),
(365, 365, 'admin', '2012-10-17 12:06:00', '2012-10-17'),
(366, 366, 'admin', '2012-10-17 12:07:00', '2012-10-17'),
(367, 367, 'admin', '2012-10-17 12:07:00', '2012-10-17'),
(368, 368, 'admin', '2012-10-17 13:06:00', '2012-10-17'),
(369, 369, 'admin', '2012-10-17 13:07:00', '2012-10-17'),
(370, 370, 'admin', '2012-10-17 13:08:00', '2012-10-17'),
(371, 371, 'admin', '2012-10-17 13:08:00', '2012-10-17'),
(372, 372, 'admin', '2012-10-17 13:09:00', '2012-10-17'),
(373, 373, 'admin', '2012-10-17 13:10:00', '2012-10-17'),
(374, 374, 'admin', '2012-10-17 13:11:00', '2012-10-17'),
(375, 375, 'admin', '2012-10-17 13:12:00', '2012-10-17'),
(376, 376, 'admin', '2012-10-17 13:12:00', '2012-10-17'),
(377, 377, 'admin', '2012-10-17 13:15:00', '2012-10-17'),
(378, 378, 'admin', '2012-10-17 13:16:00', '2012-10-17'),
(379, 379, 'admin', '2012-10-17 13:16:00', '2012-10-17'),
(380, 380, 'admin', '2012-10-17 13:17:00', '2012-10-17'),
(381, 381, 'admin', '2012-10-17 13:18:00', '2012-10-17'),
(382, 382, 'admin', '2012-10-17 13:19:00', '2012-10-17'),
(383, 383, 'admin', '2012-10-17 13:21:00', '2012-10-17'),
(384, 384, 'admin', '2012-10-17 13:21:00', '2012-10-17'),
(385, 385, 'admin', '2012-10-17 13:22:00', '2012-10-17'),
(386, 386, 'admin', '2012-10-17 13:23:00', '2012-10-17'),
(387, 387, 'admin', '2012-10-17 13:24:00', '2012-10-17'),
(388, 388, 'admin', '2012-10-17 13:26:00', '2012-10-17'),
(389, 389, 'admin', '2012-10-17 13:26:00', '2012-10-17'),
(390, 390, 'admin', '2012-10-17 13:28:00', '2012-10-17'),
(391, 391, 'admin', '2012-10-17 13:28:00', '2012-10-17'),
(392, 392, 'admin', '2012-10-17 13:29:00', '2012-10-17'),
(393, 393, 'admin', '2012-10-17 13:30:00', '2012-10-17'),
(394, 394, 'admin', '2012-10-17 13:30:00', '2012-10-17'),
(395, 395, 'admin', '2012-10-17 13:32:00', '2012-10-17'),
(396, 396, 'admin', '2012-10-17 13:33:00', '2012-10-17'),
(397, 397, 'admin', '2012-10-17 13:34:00', '2012-10-17'),
(398, 398, 'admin', '2012-10-17 13:34:00', '2012-10-17'),
(399, 399, 'admin', '2012-10-17 13:35:00', '2012-10-17'),
(400, 400, 'admin', '2012-10-17 13:36:00', '2012-10-17'),
(401, 401, 'admin', '2012-10-17 13:36:00', '2012-10-17'),
(402, 402, 'admin', '2012-10-17 13:37:00', '2012-10-17'),
(403, 403, 'admin', '2012-10-17 13:38:00', '2012-10-17'),
(404, 404, 'admin', '2012-10-17 13:39:00', '2012-10-17'),
(405, 405, 'admin', '2012-10-17 13:40:00', '2012-10-17'),
(406, 406, 'admin', '2012-10-17 13:41:00', '2012-10-17'),
(407, 407, 'admin', '2012-10-17 13:42:00', '2012-10-17'),
(408, 408, 'admin', '2012-10-17 13:46:00', '2012-10-17'),
(409, 409, 'admin', '2012-10-17 13:48:00', '2012-10-17'),
(410, 410, 'admin', '2012-10-17 13:48:00', '2012-10-17'),
(411, 411, 'admin', '2012-10-17 13:49:00', '2012-10-17'),
(412, 412, 'admin', '2012-10-17 13:50:00', '2012-10-17'),
(413, 413, 'admin', '2012-10-17 13:51:00', '2012-10-17'),
(414, 414, 'admin', '2012-10-17 13:51:00', '2012-10-17'),
(415, 415, 'admin', '2012-10-17 13:52:00', '2012-10-17'),
(416, 416, 'admin', '2012-10-17 13:53:00', '2012-10-17'),
(417, 417, 'admin', '2012-10-17 13:53:00', '2012-10-17'),
(418, 418, 'admin', '2012-10-17 13:54:00', '2012-10-17'),
(419, 419, 'admin', '2012-10-17 13:57:00', '2012-10-17'),
(420, 420, 'admin', '2012-10-17 13:58:00', '2012-10-17'),
(421, 421, 'admin', '2012-10-17 13:58:00', '2012-10-17'),
(422, 422, 'admin', '2012-10-17 14:00:00', '2012-10-17'),
(423, 423, 'admin', '2012-10-17 14:02:00', '2012-10-17'),
(424, 424, 'admin', '2012-10-17 14:04:00', '2012-10-17'),
(425, 425, 'admin', '2012-10-17 14:06:00', '2012-10-17'),
(426, 426, 'admin', '2012-10-17 14:08:00', '2012-10-17'),
(427, 427, 'admin', '2012-10-17 14:09:00', '2012-10-17'),
(428, 428, 'admin', '2012-10-17 14:10:00', '2012-10-17'),
(429, 429, 'admin', '2012-10-17 14:10:00', '2012-10-17'),
(430, 430, 'admin', '2012-10-17 14:12:00', '2012-10-17'),
(431, 431, 'admin', '2012-10-17 14:14:00', '2012-10-17'),
(432, 432, 'admin', '2012-10-17 14:15:00', '2012-10-17'),
(433, 433, 'admin', '2012-10-17 14:15:00', '2012-10-17'),
(434, 434, 'admin', '2012-10-17 14:16:00', '2012-10-17'),
(435, 435, 'admin', '2012-10-17 14:16:00', '2012-10-17'),
(436, 436, 'admin', '2012-10-17 14:17:00', '2012-10-17'),
(437, 437, 'admin', '2012-10-17 14:18:00', '2012-10-17'),
(438, 438, 'admin', '2012-10-17 14:19:00', '2012-10-17'),
(439, 439, 'admin', '2012-10-17 14:20:00', '2012-10-17'),
(440, 440, 'admin', '2012-10-17 14:20:00', '2012-10-17'),
(441, 441, 'admin', '2012-10-17 14:21:00', '2012-10-17'),
(442, 442, 'admin', '2012-10-17 14:24:00', '2012-10-17'),
(443, 443, 'admin', '2012-10-17 14:24:00', '2012-10-17'),
(444, 444, 'admin', '2012-10-17 14:25:00', '2012-10-17'),
(445, 445, 'admin', '2012-10-17 14:25:00', '2012-10-17'),
(446, 446, 'admin', '2012-10-17 14:26:00', '2012-10-17'),
(447, 447, 'admin', '2012-10-17 14:27:00', '2012-10-17'),
(448, 448, 'admin', '2012-10-17 14:29:00', '2012-10-17'),
(449, 449, 'admin', '2012-10-17 14:30:00', '2012-10-17'),
(450, 450, 'admin', '2012-10-17 14:30:00', '2012-10-17'),
(451, 451, 'admin', '2012-10-17 14:31:00', '2012-10-17'),
(452, 452, 'admin', '2012-10-17 14:32:00', '2012-10-17'),
(453, 453, 'admin', '2012-10-17 14:33:00', '2012-10-17'),
(454, 454, 'admin', '2012-10-17 14:33:00', '2012-10-17'),
(455, 455, 'admin', '2012-10-17 14:34:00', '2012-10-17'),
(456, 456, 'admin', '2012-10-17 14:36:00', '2012-10-17'),
(457, 457, 'admin', '2012-10-17 14:37:00', '2012-10-17'),
(458, 458, 'admin', '2012-10-17 14:38:00', '2012-10-17'),
(459, 459, 'admin', '2012-10-17 14:39:00', '2012-10-17'),
(460, 460, 'admin', '2012-10-17 14:39:00', '2012-10-17'),
(461, 461, 'admin', '2012-10-17 14:40:00', '2012-10-17'),
(462, 462, 'admin', '2012-10-17 14:41:00', '2012-10-17'),
(463, 463, 'admin', '2012-10-17 14:41:00', '2012-10-17'),
(464, 464, 'admin', '2012-10-17 14:42:00', '2012-10-17'),
(465, 465, 'admin', '2012-10-17 14:43:00', '2012-10-17'),
(466, 466, 'admin', '2012-10-17 14:45:00', '2012-10-17'),
(467, 467, 'admin', '2012-10-17 14:53:00', '2012-10-17'),
(468, 468, 'admin', '2012-10-17 14:54:00', '2012-10-17'),
(469, 469, 'admin', '2012-10-17 14:54:00', '2012-10-17'),
(470, 470, 'admin', '2012-10-17 14:55:00', '2012-10-17'),
(471, 471, 'admin', '2012-10-17 14:57:00', '2012-10-17'),
(472, 472, 'admin', '2012-10-17 14:58:00', '2012-10-17'),
(473, 473, 'admin', '2012-10-17 14:59:00', '2012-10-17'),
(474, 474, 'admin', '2012-10-17 14:59:00', '2012-10-17'),
(475, 475, 'admin', '2012-10-17 15:00:00', '2012-10-17'),
(476, 476, 'admin', '2012-10-17 15:01:00', '2012-10-17'),
(477, 477, 'admin', '2012-10-17 15:02:00', '2012-10-17'),
(478, 478, 'admin', '2012-10-17 15:22:00', '2012-10-17'),
(479, 479, 'admin', '2012-10-17 15:23:00', '2012-10-17'),
(480, 480, 'admin', '2012-10-17 15:24:00', '2012-10-17'),
(481, 481, 'admin', '2012-10-17 15:25:00', '2012-10-17'),
(482, 482, 'admin', '2012-10-17 15:25:00', '2012-10-17'),
(483, 483, 'admin', '2012-10-17 15:26:00', '2012-10-17'),
(484, 484, 'admin', '2012-10-17 15:27:00', '2012-10-17'),
(485, 485, 'admin', '2012-10-17 15:28:00', '2012-10-17'),
(486, 486, 'admin', '2012-10-17 15:28:00', '2012-10-17'),
(487, 487, 'admin', '2012-10-17 15:29:00', '2012-10-17'),
(488, 488, 'admin', '2012-10-17 15:30:00', '2012-10-17'),
(489, 489, 'admin', '2012-10-17 15:31:00', '2012-10-17'),
(490, 490, 'admin', '2012-10-17 15:31:00', '2012-10-17'),
(491, 491, 'admin', '2012-10-17 15:32:00', '2012-10-17'),
(492, 492, 'admin', '2012-10-17 15:33:00', '2012-10-17'),
(493, 493, 'admin', '2012-10-17 15:34:00', '2012-10-17'),
(494, 494, 'admin', '2012-10-17 15:34:00', '2012-10-17'),
(495, 495, 'admin', '2012-10-17 15:35:00', '2012-10-17'),
(496, 496, 'admin', '2012-10-17 15:36:00', '2012-10-17'),
(497, 497, 'admin', '2012-10-17 15:36:00', '2012-10-17'),
(498, 498, 'admin', '2012-10-17 15:48:00', '2012-10-17'),
(499, 499, 'admin', '2012-10-17 15:48:00', '2012-10-17'),
(500, 500, 'admin', '2012-10-17 15:49:00', '2012-10-17'),
(501, 501, 'admin', '2012-10-17 15:49:00', '2012-10-17'),
(502, 502, 'admin', '2012-10-17 15:50:00', '2012-10-17'),
(503, 503, 'admin', '2012-10-17 15:50:00', '2012-10-17'),
(504, 504, 'admin', '2012-10-17 15:51:00', '2012-10-17'),
(505, 505, 'admin', '2012-10-17 15:52:00', '2012-10-17'),
(506, 506, 'admin', '2012-10-17 15:52:00', '2012-10-17'),
(507, 507, 'admin', '2012-10-17 15:53:00', '2012-10-17'),
(508, 508, 'admin', '2012-10-17 15:54:00', '2012-10-17'),
(509, 509, 'admin', '2012-10-17 16:07:00', '2012-10-17'),
(510, 510, 'admin', '2012-10-17 16:08:00', '2012-10-17'),
(511, 511, 'admin', '2012-10-17 16:09:00', '2012-10-17'),
(512, 512, 'admin', '2012-10-17 16:10:00', '2012-10-17'),
(513, 513, 'admin', '2012-10-17 16:14:00', '2012-10-17'),
(514, 514, 'admin', '2012-10-17 16:14:00', '2012-10-17'),
(515, 515, 'admin', '2012-10-17 16:14:00', '2012-10-17'),
(516, 516, 'admin', '2012-10-17 16:15:00', '2012-10-17'),
(517, 517, 'admin', '2012-10-17 16:21:00', '2012-10-17'),
(518, 518, 'admin', '2012-10-17 16:23:00', '2012-10-17'),
(519, 519, 'admin', '2012-10-17 16:23:00', '2012-10-17'),
(520, 520, 'admin', '2012-10-17 16:24:00', '2012-10-17'),
(521, 521, 'admin', '2012-10-17 16:25:00', '2012-10-17'),
(522, 522, 'admin', '2012-10-17 16:26:00', '2012-10-17'),
(523, 523, 'admin', '2012-10-17 16:27:00', '2012-10-17'),
(524, 524, 'admin', '2012-10-17 16:28:00', '2012-10-17'),
(525, 525, 'admin', '2012-10-17 16:30:00', '2012-10-17'),
(526, 526, 'admin', '2012-10-17 16:30:00', '2012-10-17'),
(527, 527, 'admin', '2012-10-17 16:31:00', '2012-10-17'),
(528, 528, 'admin', '2012-10-17 16:31:00', '2012-10-17'),
(529, 529, 'admin', '2012-10-17 16:32:00', '2012-10-17'),
(530, 530, 'admin', '2012-10-17 16:33:00', '2012-10-17'),
(531, 531, 'admin', '2012-10-17 16:33:00', '2012-10-17'),
(532, 532, 'admin', '2012-10-17 16:34:00', '2012-10-17'),
(533, 533, 'admin', '2012-10-17 16:35:00', '2012-10-17'),
(534, 534, 'admin', '2012-10-17 16:35:00', '2012-10-17'),
(535, 535, 'admin', '2012-10-17 16:35:00', '2012-10-17'),
(536, 536, 'admin', '2012-10-17 16:36:00', '2012-10-17'),
(537, 537, 'admin', '2012-10-17 16:37:00', '2012-10-17'),
(538, 538, 'admin', '2012-10-17 16:38:00', '2012-10-17'),
(539, 539, 'admin', '2012-10-17 16:39:00', '2012-10-17'),
(540, 540, 'admin', '2012-10-17 16:40:00', '2012-10-17'),
(541, 541, 'admin', '2012-10-17 16:40:00', '2012-10-17'),
(542, 542, 'admin', '2012-10-17 16:41:00', '2012-10-17'),
(543, 543, 'admin', '2012-10-17 16:41:00', '2012-10-17'),
(544, 544, 'admin', '2012-10-17 16:43:00', '2012-10-17'),
(545, 545, 'admin', '2012-10-17 16:44:00', '2012-10-17'),
(546, 546, 'admin', '2012-10-17 16:45:00', '2012-10-17'),
(547, 547, 'admin', '2012-10-17 16:46:00', '2012-10-17'),
(548, 548, 'admin', '2012-10-17 16:47:00', '2012-10-17'),
(549, 549, 'admin', '2012-10-17 16:49:00', '2012-10-17'),
(550, 550, 'admin', '2012-10-17 16:49:00', '2012-10-17'),
(551, 551, 'admin', '2012-10-17 16:50:00', '2012-10-17'),
(552, 552, 'admin', '2012-10-17 16:51:00', '2012-10-17'),
(553, 553, 'admin', '2012-10-17 16:52:00', '2012-10-17'),
(554, 554, 'admin', '2012-10-17 16:53:00', '2012-10-17'),
(555, 555, 'admin', '2012-10-17 16:54:00', '2012-10-17'),
(556, 556, 'admin', '2012-10-17 16:54:00', '2012-10-17'),
(557, 557, 'admin', '2012-10-17 16:56:00', '2012-10-17'),
(558, 558, 'admin', '2012-10-17 16:56:00', '2012-10-17'),
(559, 559, 'admin', '2012-10-17 16:57:00', '2012-10-17'),
(560, 560, 'admin', '2012-10-18 10:45:00', '2012-10-18'),
(561, 561, 'admin', '2012-10-18 10:47:00', '2012-10-18'),
(562, 562, 'admin', '2012-10-18 10:48:00', '2012-10-18'),
(563, 563, 'admin', '2012-10-18 10:49:00', '2012-10-18'),
(564, 564, 'admin', '2012-10-18 10:50:00', '2012-10-18'),
(565, 565, 'admin', '2012-10-18 10:51:00', '2012-10-18'),
(566, 566, 'admin', '2012-10-18 10:52:00', '2012-10-18'),
(567, 567, 'admin', '2012-10-18 10:53:00', '2012-10-18'),
(568, 568, 'admin', '2012-10-18 10:54:00', '2012-10-18'),
(569, 569, 'admin', '2012-10-18 10:55:00', '2012-10-18'),
(570, 570, 'admin', '2012-10-18 10:56:00', '2012-10-18'),
(571, 571, 'admin', '2012-10-18 10:57:00', '2012-10-18'),
(572, 572, 'admin', '2012-10-18 10:58:00', '2012-10-18'),
(573, 573, 'admin', '2012-10-18 10:58:00', '2012-10-18'),
(574, 574, 'admin', '2012-10-18 11:00:00', '2012-10-18'),
(575, 575, 'admin', '2012-10-18 11:01:00', '2012-10-18'),
(576, 576, 'admin', '2012-10-18 11:01:00', '2012-10-18'),
(577, 577, 'admin', '2012-10-18 11:02:00', '2012-10-18'),
(578, 578, 'admin', '2012-10-18 11:05:00', '2012-10-18'),
(579, 579, 'admin', '2012-10-18 11:06:00', '2012-10-18'),
(580, 580, 'admin', '2012-10-18 11:07:00', '2012-10-18'),
(581, 581, 'admin', '2012-10-18 11:08:00', '2012-10-18'),
(582, 582, 'admin', '2012-10-18 11:09:00', '2012-10-18'),
(583, 583, 'admin', '2012-10-18 11:10:00', '2012-10-18'),
(584, 584, 'admin', '2012-10-18 11:12:00', '2012-10-18'),
(585, 583, 'admin', '2012-10-18 11:16:00', '2012-10-18'),
(586, 584, 'admin', '2012-10-18 11:16:00', '2012-10-18'),
(587, 585, 'admin', '2012-10-18 11:17:00', '2012-10-18'),
(588, 586, 'admin', '2012-10-18 11:18:00', '2012-10-18'),
(589, 587, 'admin', '2012-10-18 11:19:00', '2012-10-18'),
(590, 588, 'admin', '2012-10-18 11:20:00', '2012-10-18'),
(591, 589, 'admin', '2012-10-18 11:21:00', '2012-10-18'),
(592, 590, 'admin', '2012-10-18 11:23:00', '2012-10-18'),
(593, 591, 'admin', '2012-10-18 11:23:00', '2012-10-18'),
(594, 592, 'admin', '2012-10-18 11:47:00', '2012-10-18'),
(595, 593, 'admin', '2012-10-18 11:48:00', '2012-10-18'),
(596, 594, 'admin', '2012-10-18 11:49:00', '2012-10-18'),
(597, 595, 'admin', '2012-10-18 11:53:00', '2012-10-18'),
(598, 596, 'admin', '2012-10-18 11:54:00', '2012-10-18'),
(599, 597, 'admin', '2012-10-18 11:54:00', '2012-10-18'),
(600, 598, 'admin', '2012-10-18 11:57:00', '2012-10-18'),
(601, 599, 'admin', '2012-10-18 11:58:00', '2012-10-18'),
(602, 600, 'admin', '2012-10-18 12:00:00', '2012-10-18'),
(603, 601, 'admin', '2012-10-18 12:01:00', '2012-10-18'),
(604, 602, 'admin', '2012-10-18 12:01:00', '2012-10-18'),
(605, 603, 'admin', '2012-10-18 12:05:00', '2012-10-18'),
(606, 604, 'admin', '2012-10-18 12:07:00', '2012-10-18'),
(607, 605, 'admin', '2012-10-18 12:07:00', '2012-10-18'),
(608, 606, 'admin', '2012-10-18 12:08:00', '2012-10-18'),
(609, 607, 'admin', '2012-10-18 12:09:00', '2012-10-18'),
(610, 608, 'admin', '2012-10-18 12:09:00', '2012-10-18'),
(611, 609, 'admin', '2012-10-18 12:18:00', '2012-10-18'),
(612, 610, 'admin', '2012-10-18 12:19:00', '2012-10-18'),
(613, 611, 'admin', '2012-10-18 12:19:00', '2012-10-18'),
(614, 612, 'admin', '2012-10-18 12:20:00', '2012-10-18'),
(615, 613, 'admin', '2012-10-18 12:21:00', '2012-10-18'),
(616, 614, 'admin', '2012-10-18 12:25:00', '2012-10-18'),
(617, 615, 'admin', '2012-10-18 12:26:00', '2012-10-18'),
(618, 616, 'admin', '2012-10-18 13:13:00', '2012-10-18'),
(619, 617, 'admin', '2012-10-18 13:15:00', '2012-10-18'),
(620, 618, 'admin', '2012-10-18 13:16:00', '2012-10-18'),
(621, 619, 'admin', '2012-10-18 13:16:00', '2012-10-18'),
(622, 620, 'admin', '2012-10-18 13:17:00', '2012-10-18'),
(623, 621, 'admin', '2012-10-18 13:18:00', '2012-10-18'),
(624, 622, 'admin', '2012-10-18 13:19:00', '2012-10-18'),
(625, 623, 'admin', '2012-10-18 13:19:00', '2012-10-18'),
(626, 624, 'admin', '2012-10-18 13:20:00', '2012-10-18'),
(627, 625, 'admin', '2012-10-18 13:21:00', '2012-10-18'),
(628, 626, 'admin', '2012-10-18 13:25:00', '2012-10-18'),
(629, 627, 'admin', '2012-10-18 13:30:00', '2012-10-18'),
(630, 628, 'admin', '2012-10-18 13:30:00', '2012-10-18'),
(631, 629, 'admin', '2012-10-18 13:31:00', '2012-10-18'),
(632, 630, 'admin', '2012-10-18 13:32:00', '2012-10-18'),
(633, 631, 'admin', '2012-10-18 13:32:00', '2012-10-18'),
(634, 632, 'admin', '2012-10-18 13:33:00', '2012-10-18'),
(635, 633, 'admin', '2012-10-18 13:34:00', '2012-10-18'),
(636, 634, 'admin', '2012-10-18 13:35:00', '2012-10-18'),
(637, 635, 'admin', '2012-10-18 13:35:00', '2012-10-18'),
(638, 636, 'admin', '2012-10-18 13:36:00', '2012-10-18'),
(639, 637, 'admin', '2012-10-18 13:37:00', '2012-10-18'),
(640, 638, 'admin', '2012-10-18 13:39:00', '2012-10-18'),
(641, 639, 'admin', '2012-10-18 13:39:00', '2012-10-18'),
(642, 640, 'admin', '2012-10-18 13:40:00', '2012-10-18'),
(643, 641, 'admin', '2012-10-18 13:41:00', '2012-10-18'),
(644, 642, 'admin', '2012-10-18 13:42:00', '2012-10-18'),
(645, 643, 'admin', '2012-10-18 13:43:00', '2012-10-18'),
(646, 644, 'admin', '2012-10-18 13:43:00', '2012-10-18'),
(647, 645, 'admin', '2012-10-18 13:44:00', '2012-10-18'),
(648, 646, 'admin', '2012-10-18 13:45:00', '2012-10-18'),
(649, 647, 'admin', '2012-10-18 13:47:00', '2012-10-18'),
(650, 648, 'admin', '2012-10-18 13:48:00', '2012-10-18'),
(651, 649, 'admin', '2012-10-18 13:49:00', '2012-10-18'),
(652, 650, 'admin', '2012-10-18 13:50:00', '2012-10-18'),
(653, 651, 'admin', '2012-10-18 13:51:00', '2012-10-18'),
(654, 652, 'admin', '2012-10-18 13:52:00', '2012-10-18'),
(655, 653, 'admin', '2012-10-18 13:52:00', '2012-10-18'),
(656, 654, 'admin', '2012-10-18 13:53:00', '2012-10-18'),
(657, 655, 'admin', '2012-10-18 13:54:00', '2012-10-18'),
(658, 656, 'admin', '2012-10-18 13:56:00', '2012-10-18'),
(659, 657, 'admin', '2012-10-18 13:56:00', '2012-10-18'),
(660, 658, 'admin', '2012-10-18 14:01:00', '2012-10-18'),
(661, 659, 'admin', '2012-10-18 14:01:00', '2012-10-18'),
(662, 660, 'admin', '2012-10-18 14:02:00', '2012-10-18'),
(663, 661, 'admin', '2012-10-18 14:03:00', '2012-10-18'),
(664, 662, 'admin', '2012-10-18 14:04:00', '2012-10-18'),
(665, 663, 'admin', '2012-10-18 14:05:00', '2012-10-18'),
(666, 664, 'admin', '2012-10-18 14:05:00', '2012-10-18'),
(667, 665, 'admin', '2012-10-18 14:06:00', '2012-10-18'),
(668, 666, 'admin', '2012-10-18 14:07:00', '2012-10-18'),
(669, 667, 'admin', '2012-10-18 14:08:00', '2012-10-18'),
(670, 668, 'admin', '2012-10-18 14:08:00', '2012-10-18'),
(671, 669, 'admin', '2012-10-18 14:09:00', '2012-10-18'),
(672, 670, 'admin', '2012-10-18 14:10:00', '2012-10-18'),
(673, 671, 'admin', '2012-10-18 14:11:00', '2012-10-18'),
(674, 672, 'admin', '2012-10-18 14:11:00', '2012-10-18'),
(675, 673, 'admin', '2012-10-18 14:12:00', '2012-10-18'),
(676, 674, 'admin', '2012-10-18 14:13:00', '2012-10-18'),
(677, 675, 'admin', '2012-10-18 14:13:00', '2012-10-18'),
(678, 676, 'admin', '2012-10-18 14:14:00', '2012-10-18'),
(679, 677, 'admin', '2012-10-18 14:15:00', '2012-10-18'),
(680, 678, 'admin', '2012-10-18 14:15:00', '2012-10-18'),
(681, 679, 'admin', '2012-10-18 14:15:00', '2012-10-18'),
(682, 680, 'admin', '2012-10-18 14:38:00', '2012-10-18'),
(683, 681, 'admin', '2012-10-18 14:40:00', '2012-10-18'),
(684, 682, 'admin', '2012-10-18 14:42:00', '2012-10-18'),
(685, 683, 'admin', '2012-10-18 14:43:00', '2012-10-18'),
(686, 684, 'admin', '2012-10-18 14:43:00', '2012-10-18'),
(687, 685, 'admin', '2012-10-18 14:44:00', '2012-10-18'),
(688, 686, 'admin', '2012-10-18 14:45:00', '2012-10-18'),
(689, 687, 'admin', '2012-10-18 14:45:00', '2012-10-18'),
(690, 688, 'admin', '2012-10-18 14:49:00', '2012-10-18'),
(691, 689, 'admin', '2012-10-18 14:49:00', '2012-10-18'),
(692, 690, 'admin', '2012-10-18 14:50:00', '2012-10-18'),
(693, 691, 'admin', '2012-10-18 14:51:00', '2012-10-18'),
(694, 692, 'admin', '2012-10-18 14:52:00', '2012-10-18'),
(695, 693, 'admin', '2012-10-18 14:52:00', '2012-10-18'),
(696, 694, 'admin', '2012-10-18 14:53:00', '2012-10-18'),
(697, 695, 'admin', '2012-10-18 14:54:00', '2012-10-18'),
(698, 696, 'admin', '2012-10-18 14:56:00', '2012-10-18'),
(699, 697, 'admin', '2012-10-18 14:56:00', '2012-10-18'),
(700, 698, 'admin', '2012-10-18 14:57:00', '2012-10-18'),
(701, 699, 'admin', '2012-10-18 14:58:00', '2012-10-18'),
(702, 700, 'admin', '2012-10-18 14:58:00', '2012-10-18'),
(703, 701, 'admin', '2012-10-18 14:59:00', '2012-10-18'),
(704, 702, 'admin', '2012-10-18 15:00:00', '2012-10-18'),
(705, 703, 'admin', '2012-10-18 15:01:00', '2012-10-18'),
(706, 704, 'admin', '2012-10-18 15:02:00', '2012-10-18'),
(707, 705, 'admin', '2012-10-18 15:03:00', '2012-10-18'),
(708, 706, 'admin', '2012-10-18 15:03:00', '2012-10-18'),
(709, 707, 'admin', '2012-10-18 15:06:00', '2012-10-18'),
(710, 708, 'admin', '2012-10-18 15:06:00', '2012-10-18'),
(711, 709, 'admin', '2012-10-18 15:08:00', '2012-10-18'),
(712, 710, 'admin', '2012-10-18 15:10:00', '2012-10-18'),
(713, 711, 'admin', '2012-10-18 15:11:00', '2012-10-18'),
(714, 712, 'admin', '2012-10-18 15:11:00', '2012-10-18'),
(715, 713, 'admin', '2012-10-18 15:12:00', '2012-10-18'),
(716, 714, 'admin', '2012-10-18 15:13:00', '2012-10-18'),
(717, 715, 'admin', '2012-10-18 15:14:00', '2012-10-18'),
(718, 716, 'admin', '2012-10-18 15:15:00', '2012-10-18'),
(719, 717, 'admin', '2012-10-18 15:16:00', '2012-10-18'),
(720, 718, 'admin', '2012-10-18 15:16:00', '2012-10-18'),
(721, 719, 'admin', '2012-10-18 15:19:00', '2012-10-18'),
(722, 720, 'admin', '2012-10-18 15:19:00', '2012-10-18'),
(723, 721, 'admin', '2012-10-18 15:20:00', '2012-10-18'),
(724, 722, 'admin', '2012-10-18 15:21:00', '2012-10-18'),
(725, 723, 'admin', '2012-10-18 15:22:00', '2012-10-18'),
(726, 724, 'admin', '2012-10-18 15:22:00', '2012-10-18'),
(727, 725, 'admin', '2012-10-18 15:23:00', '2012-10-18'),
(728, 726, 'admin', '2012-10-18 15:24:00', '2012-10-18'),
(729, 727, 'admin', '2012-10-18 15:24:00', '2012-10-18'),
(730, 728, 'admin', '2012-10-18 15:25:00', '2012-10-18'),
(731, 729, 'admin', '2012-10-18 15:26:00', '2012-10-18'),
(732, 730, 'admin', '2012-10-18 15:27:00', '2012-10-18'),
(733, 731, 'admin', '2012-10-18 15:28:00', '2012-10-18'),
(734, 732, 'admin', '2012-10-18 15:29:00', '2012-10-18'),
(735, 733, 'admin', '2012-10-18 15:30:00', '2012-10-18'),
(736, 734, 'admin', '2012-10-18 15:30:00', '2012-10-18'),
(737, 735, 'admin', '2012-10-18 15:31:00', '2012-10-18'),
(738, 736, 'admin', '2012-10-18 15:32:00', '2012-10-18'),
(739, 737, 'admin', '2012-10-18 15:34:00', '2012-10-18'),
(740, 738, 'admin', '2012-10-18 15:35:00', '2012-10-18'),
(741, 739, 'admin', '2012-10-18 15:36:00', '2012-10-18'),
(742, 740, 'admin', '2012-10-18 15:38:00', '2012-10-18'),
(743, 741, 'admin', '2012-10-18 15:40:00', '2012-10-18'),
(744, 742, 'admin', '2012-10-18 15:43:00', '2012-10-18'),
(745, 743, 'admin', '2012-10-18 15:43:00', '2012-10-18'),
(746, 744, 'admin', '2012-10-18 15:44:00', '2012-10-18'),
(747, 745, 'admin', '2012-10-18 15:45:00', '2012-10-18'),
(748, 746, 'admin', '2012-10-18 15:46:00', '2012-10-18'),
(749, 747, 'admin', '2012-10-18 15:47:00', '2012-10-18'),
(750, 748, 'admin', '2012-10-18 15:49:00', '2012-10-18'),
(751, 749, 'admin', '2012-10-18 15:52:00', '2012-10-18'),
(752, 750, 'admin', '2012-10-18 15:53:00', '2012-10-18'),
(753, 751, 'admin', '2012-10-18 15:53:00', '2012-10-18'),
(754, 752, 'admin', '2012-10-18 15:54:00', '2012-10-18'),
(755, 753, 'admin', '2012-10-18 15:55:00', '2012-10-18'),
(756, 754, 'admin', '2012-10-18 15:56:00', '2012-10-18'),
(757, 755, 'admin', '2012-10-18 15:57:00', '2012-10-18'),
(758, 756, 'admin', '2012-10-18 15:59:00', '2012-10-18'),
(759, 757, 'admin', '2012-10-18 16:00:00', '2012-10-18'),
(760, 758, 'admin', '2012-10-18 16:00:00', '2012-10-18'),
(761, 759, 'admin', '2012-10-18 16:02:00', '2012-10-18'),
(762, 760, 'admin', '2012-10-18 16:03:00', '2012-10-18'),
(763, 761, 'admin', '2012-10-18 16:04:00', '2012-10-18'),
(764, 762, 'admin', '2012-10-18 16:05:00', '2012-10-18'),
(765, 763, 'admin', '2012-10-18 16:06:00', '2012-10-18'),
(766, 764, 'admin', '2012-10-18 16:12:00', '2012-10-18'),
(767, 765, 'admin', '2012-10-18 16:13:00', '2012-10-18'),
(768, 766, 'admin', '2012-10-18 16:14:00', '2012-10-18'),
(769, 767, 'admin', '2012-10-18 16:15:00', '2012-10-18'),
(770, 768, 'admin', '2012-10-18 16:16:00', '2012-10-18'),
(771, 769, 'admin', '2012-10-18 16:17:00', '2012-10-18'),
(772, 770, 'admin', '2012-10-18 16:18:00', '2012-10-18'),
(773, 771, 'admin', '2012-10-18 16:19:00', '2012-10-18'),
(774, 772, 'admin', '2012-10-18 16:19:00', '2012-10-18'),
(775, 773, 'admin', '2012-10-18 16:20:00', '2012-10-18'),
(776, 774, 'admin', '2012-10-18 16:21:00', '2012-10-18'),
(777, 775, 'admin', '2012-10-18 16:22:00', '2012-10-18'),
(778, 776, 'admin', '2012-10-18 16:23:00', '2012-10-18'),
(779, 777, 'admin', '2012-10-18 16:24:00', '2012-10-18'),
(780, 778, 'admin', '2012-10-18 16:26:00', '2012-10-18'),
(781, 779, 'admin', '2012-10-18 16:28:00', '2012-10-18'),
(782, 780, 'admin', '2012-10-18 16:29:00', '2012-10-18'),
(783, 781, 'admin', '2012-10-18 16:30:00', '2012-10-18'),
(784, 782, 'admin', '2012-10-18 16:32:00', '2012-10-18'),
(785, 783, 'admin', '2012-10-18 16:33:00', '2012-10-18'),
(786, 784, 'admin', '2012-10-18 16:35:00', '2012-10-18'),
(787, 785, 'admin', '2012-10-18 16:36:00', '2012-10-18'),
(788, 786, 'admin', '2012-10-18 16:37:00', '2012-10-18'),
(789, 787, 'admin', '2012-10-18 16:38:00', '2012-10-18'),
(790, 788, 'admin', '2012-10-18 16:40:00', '2012-10-18'),
(791, 789, 'admin', '2012-10-18 16:41:00', '2012-10-18'),
(792, 790, 'admin', '2012-10-18 16:41:00', '2012-10-18'),
(793, 791, 'admin', '2012-10-18 16:42:00', '2012-10-18'),
(794, 792, 'admin', '2012-10-18 16:42:00', '2012-10-18'),
(795, 793, 'admin', '2012-10-18 16:42:00', '2012-10-18'),
(796, 794, 'admin', '2012-10-18 16:42:00', '2012-10-18'),
(797, 795, 'admin', '2012-10-18 16:42:00', '2012-10-18'),
(798, 796, 'admin', '2012-10-18 16:42:00', '2012-10-18'),
(799, 797, 'admin', '2012-10-18 16:45:00', '2012-10-18'),
(800, 798, 'admin', '2012-10-18 16:46:00', '2012-10-18'),
(801, 799, 'admin', '2012-10-18 16:47:00', '2012-10-18'),
(802, 800, 'admin', '2012-10-18 16:48:00', '2012-10-18'),
(803, 801, 'admin', '2012-10-18 16:48:00', '2012-10-18'),
(804, 802, 'admin', '2012-10-18 16:48:00', '2012-10-18'),
(805, 803, 'admin', '2012-10-18 16:48:00', '2012-10-18'),
(806, 804, 'admin', '2012-10-18 16:48:00', '2012-10-18'),
(807, 805, 'admin', '2012-10-18 16:48:00', '2012-10-18'),
(808, 806, 'admin', '2012-10-18 16:48:00', '2012-10-18'),
(809, 807, 'admin', '2012-10-18 16:52:00', '2012-10-18'),
(810, 808, 'admin', '2012-10-18 16:54:00', '2012-10-18'),
(811, 809, 'admin', '2012-10-18 16:55:00', '2012-10-18'),
(812, 810, 'admin', '2012-10-18 16:55:00', '2012-10-18'),
(813, 811, 'admin', '2012-10-18 16:56:00', '2012-10-18'),
(814, 812, 'admin', '2012-10-18 16:57:00', '2012-10-18'),
(815, 813, 'admin', '2012-10-18 16:57:00', '2012-10-18'),
(816, 814, 'admin', '2012-10-19 08:23:00', '2012-10-19'),
(817, 815, 'admin', '2012-10-19 08:26:00', '2012-10-19'),
(818, 816, 'admin', '2012-10-19 08:26:00', '2012-10-19'),
(819, 817, 'admin', '2012-10-19 08:27:00', '2012-10-19'),
(820, 818, 'admin', '2012-10-19 08:28:00', '2012-10-19'),
(821, 819, 'admin', '2012-10-19 08:28:00', '2012-10-19'),
(822, 820, 'admin', '2012-10-19 08:30:00', '2012-10-19'),
(823, 821, 'admin', '2012-10-19 08:30:00', '2012-10-19'),
(824, 822, 'admin', '2012-10-19 08:31:00', '2012-10-19'),
(825, 823, 'admin', '2012-10-19 08:32:00', '2012-10-19'),
(826, 824, 'admin', '2012-10-19 08:33:00', '2012-10-19'),
(827, 825, 'admin', '2012-10-19 08:34:00', '2012-10-19'),
(828, 826, 'admin', '2012-10-19 08:35:00', '2012-10-19'),
(829, 827, 'admin', '2012-10-19 08:35:00', '2012-10-19'),
(830, 828, 'admin', '2012-10-19 08:36:00', '2012-10-19'),
(831, 829, 'admin', '2012-10-19 08:37:00', '2012-10-19'),
(832, 830, 'admin', '2012-10-19 08:37:00', '2012-10-19'),
(833, 831, 'admin', '2012-10-19 08:38:00', '2012-10-19'),
(834, 832, 'admin', '2012-10-19 08:39:00', '2012-10-19'),
(835, 833, 'admin', '2012-10-19 08:39:00', '2012-10-19'),
(836, 834, 'admin', '2012-10-19 08:40:00', '2012-10-19'),
(837, 835, 'admin', '2012-10-19 08:41:00', '2012-10-19'),
(838, 836, 'admin', '2012-10-19 08:41:00', '2012-10-19'),
(839, 837, 'admin', '2012-10-19 08:42:00', '2012-10-19'),
(840, 838, 'admin', '2012-10-19 08:43:00', '2012-10-19'),
(841, 839, 'admin', '2012-10-19 08:43:00', '2012-10-19'),
(842, 840, 'admin', '2012-10-19 08:44:00', '2012-10-19'),
(843, 841, 'admin', '2012-10-19 08:45:00', '2012-10-19'),
(844, 842, 'admin', '2012-10-19 08:45:00', '2012-10-19'),
(845, 843, 'admin', '2012-10-19 08:46:00', '2012-10-19'),
(846, 844, 'admin', '2012-10-19 08:47:00', '2012-10-19'),
(847, 845, 'admin', '2012-10-19 08:48:00', '2012-10-19'),
(848, 846, 'admin', '2012-10-19 08:49:00', '2012-10-19'),
(849, 847, 'admin', '2012-10-19 08:50:00', '2012-10-19'),
(850, 848, 'admin', '2012-10-19 08:51:00', '2012-10-19'),
(851, 849, 'admin', '2012-10-19 08:51:00', '2012-10-19'),
(852, 850, 'admin', '2012-10-19 08:52:00', '2012-10-19'),
(853, 851, 'admin', '2012-10-19 08:53:00', '2012-10-19'),
(854, 852, 'admin', '2012-10-19 08:55:00', '2012-10-19'),
(855, 853, 'admin', '2012-10-19 08:55:00', '2012-10-19'),
(856, 854, 'admin', '2012-10-19 08:56:00', '2012-10-19'),
(857, 855, 'admin', '2012-10-19 08:57:00', '2012-10-19'),
(858, 856, 'admin', '2012-10-19 08:57:00', '2012-10-19'),
(859, 857, 'admin', '2012-10-19 08:58:00', '2012-10-19'),
(860, 858, 'admin', '2012-10-19 08:58:00', '2012-10-19'),
(861, 859, 'admin', '2012-10-19 08:59:00', '2012-10-19'),
(862, 860, 'admin', '2012-10-19 09:00:00', '2012-10-19'),
(863, 861, 'admin', '2012-10-19 09:00:00', '2012-10-19'),
(864, 862, 'admin', '2012-10-19 09:02:00', '2012-10-19'),
(865, 863, 'admin', '2012-10-19 09:03:00', '2012-10-19'),
(866, 864, 'admin', '2012-10-19 09:05:00', '2012-10-19'),
(867, 865, 'admin', '2012-10-19 09:05:00', '2012-10-19'),
(868, 866, 'admin', '2012-10-19 09:06:00', '2012-10-19'),
(869, 867, 'admin', '2012-10-19 09:07:00', '2012-10-19'),
(870, 868, 'admin', '2012-10-19 09:08:00', '2012-10-19'),
(871, 869, 'admin', '2012-10-19 09:08:00', '2012-10-19'),
(872, 870, 'admin', '2012-10-19 09:09:00', '2012-10-19'),
(873, 871, 'admin', '2012-10-19 09:10:00', '2012-10-19'),
(874, 872, 'admin', '2012-10-19 09:11:00', '2012-10-19'),
(875, 873, 'admin', '2012-10-19 09:12:00', '2012-10-19'),
(876, 874, 'admin', '2012-10-19 09:12:00', '2012-10-19'),
(877, 875, 'admin', '2012-10-19 09:13:00', '2012-10-19'),
(878, 876, 'admin', '2012-10-19 09:14:00', '2012-10-19'),
(879, 877, 'admin', '2012-10-19 09:15:00', '2012-10-19'),
(880, 878, 'admin', '2012-10-19 09:15:00', '2012-10-19'),
(881, 879, 'admin', '2012-10-19 09:16:00', '2012-10-19'),
(882, 880, 'admin', '2012-10-19 09:17:00', '2012-10-19'),
(883, 881, 'admin', '2012-10-19 09:18:00', '2012-10-19'),
(884, 882, 'admin', '2012-10-19 09:18:00', '2012-10-19'),
(885, 883, 'admin', '2012-10-19 09:19:00', '2012-10-19'),
(886, 884, 'admin', '2012-10-19 09:19:00', '2012-10-19'),
(887, 885, 'admin', '2012-10-19 09:20:00', '2012-10-19'),
(888, 886, 'admin', '2012-10-19 09:21:00', '2012-10-19'),
(889, 887, 'admin', '2012-10-19 09:21:00', '2012-10-19'),
(890, 888, 'admin', '2012-10-19 09:22:00', '2012-10-19'),
(891, 889, 'admin', '2012-10-19 09:22:00', '2012-10-19'),
(892, 890, 'admin', '2012-10-19 09:23:00', '2012-10-19'),
(893, 891, 'admin', '2012-10-19 09:24:00', '2012-10-19'),
(894, 892, 'admin', '2012-10-19 09:24:00', '2012-10-19');
INSERT INTO `traslado` (`idTraslado`, `idCarpeta`, `Usuario`, `Fecha_Traslado`, `Fecha_Creacion`) VALUES
(895, 893, 'admin', '2012-10-19 09:25:00', '2012-10-19'),
(896, 894, 'admin', '2012-10-19 09:26:00', '2012-10-19'),
(897, 895, 'admin', '2012-10-19 09:26:00', '2012-10-19'),
(898, 896, 'admin', '2012-10-19 09:27:00', '2012-10-19'),
(899, 897, 'admin', '2012-10-19 09:27:00', '2012-10-19'),
(900, 898, 'admin', '2012-10-19 09:28:00', '2012-10-19'),
(901, 899, 'admin', '2012-10-19 09:29:00', '2012-10-19'),
(902, 900, 'admin', '2012-10-19 09:29:00', '2012-10-19'),
(903, 901, 'admin', '2012-10-19 09:30:00', '2012-10-19'),
(904, 902, 'admin', '2012-10-19 09:31:00', '2012-10-19'),
(905, 903, 'admin', '2012-10-19 09:32:00', '2012-10-19'),
(906, 904, 'admin', '2012-10-19 09:32:00', '2012-10-19'),
(907, 905, 'admin', '2012-10-19 09:33:00', '2012-10-19'),
(908, 906, 'admin', '2012-10-19 09:34:00', '2012-10-19'),
(909, 907, 'admin', '2012-10-19 09:35:00', '2012-10-19'),
(910, 908, 'admin', '2012-10-19 09:35:00', '2012-10-19'),
(911, 909, 'admin', '2012-10-19 09:36:00', '2012-10-19'),
(912, 910, 'admin', '2012-10-19 09:37:00', '2012-10-19'),
(913, 911, 'admin', '2012-10-19 09:38:00', '2012-10-19'),
(914, 912, 'admin', '2012-10-19 09:38:00', '2012-10-19'),
(915, 913, 'admin', '2012-10-19 09:42:00', '2012-10-19'),
(916, 914, 'admin', '2012-10-19 09:43:00', '2012-10-19'),
(917, 915, 'admin', '2012-10-19 09:44:00', '2012-10-19'),
(918, 916, 'admin', '2012-10-19 09:44:00', '2012-10-19'),
(919, 917, 'admin', '2012-10-19 09:45:00', '2012-10-19'),
(920, 918, 'admin', '2012-10-19 09:46:00', '2012-10-19'),
(921, 919, 'admin', '2012-10-19 09:46:00', '2012-10-19'),
(922, 920, 'admin', '2012-10-19 09:48:00', '2012-10-19'),
(923, 921, 'admin', '2012-10-19 09:48:00', '2012-10-19'),
(924, 922, 'admin', '2012-10-19 09:49:00', '2012-10-19'),
(925, 923, 'admin', '2012-10-19 09:50:00', '2012-10-19'),
(926, 924, 'admin', '2012-10-19 09:50:00', '2012-10-19'),
(927, 925, 'admin', '2012-10-19 09:51:00', '2012-10-19'),
(928, 926, 'admin', '2012-10-19 09:52:00', '2012-10-19'),
(929, 925, 'admin', '2012-10-19 09:55:00', '2012-10-19'),
(930, 924, 'admin', '2012-10-19 09:56:00', '2012-10-19'),
(931, 923, 'admin', '2012-10-19 09:56:00', '2012-10-19'),
(932, 922, 'admin', '2012-10-19 09:57:00', '2012-10-19'),
(933, 921, 'admin', '2012-10-19 09:57:00', '2012-10-19'),
(934, 920, 'admin', '2012-10-19 09:58:00', '2012-10-19'),
(935, 919, 'admin', '2012-10-19 09:58:00', '2012-10-19'),
(936, 927, 'admin', '2012-10-19 09:59:00', '2012-10-19'),
(937, 928, 'admin', '2012-10-19 10:03:00', '2012-10-19'),
(938, 929, 'admin', '2012-10-19 10:04:00', '2012-10-19'),
(939, 930, 'admin', '2012-10-19 10:04:00', '2012-10-19'),
(940, 931, 'admin', '2012-10-19 10:05:00', '2012-10-19'),
(941, 932, 'admin', '2012-10-19 10:07:00', '2012-10-19'),
(942, 933, 'admin', '2012-10-19 10:08:00', '2012-10-19'),
(943, 934, 'admin', '2012-10-19 10:09:00', '2012-10-19'),
(944, 935, 'admin', '2012-10-19 10:09:00', '2012-10-19'),
(945, 936, 'admin', '2012-10-19 10:13:00', '2012-10-19'),
(946, 937, 'admin', '2012-10-19 10:14:00', '2012-10-19'),
(947, 938, 'admin', '2012-10-19 10:14:00', '2012-10-19'),
(948, 939, 'admin', '2012-10-19 10:15:00', '2012-10-19'),
(949, 940, 'admin', '2012-10-19 10:16:00', '2012-10-19'),
(950, 941, 'admin', '2012-10-19 10:16:00', '2012-10-19'),
(951, 942, 'admin', '2012-10-19 10:17:00', '2012-10-19'),
(952, 943, 'admin', '2012-10-19 10:17:00', '2012-10-19'),
(953, 944, 'admin', '2012-10-19 10:18:00', '2012-10-19'),
(954, 945, 'admin', '2012-10-19 10:19:00', '2012-10-19'),
(955, 946, 'admin', '2012-10-19 10:20:00', '2012-10-19'),
(956, 947, 'admin', '2012-10-19 10:21:00', '2012-10-19'),
(957, 948, 'admin', '2012-10-19 10:21:00', '2012-10-19'),
(958, 949, 'admin', '2012-10-19 10:21:00', '2012-10-19'),
(959, 950, 'admin', '2012-10-19 10:22:00', '2012-10-19'),
(960, 951, 'admin', '2012-10-19 10:23:00', '2012-10-19'),
(961, 952, 'admin', '2012-10-19 10:24:00', '2012-10-19'),
(962, 953, 'admin', '2012-10-19 10:25:00', '2012-10-19'),
(963, 954, 'admin', '2012-10-19 10:27:00', '2012-10-19'),
(964, 955, 'admin', '2012-10-19 10:27:00', '2012-10-19'),
(965, 956, 'admin', '2012-10-19 10:34:00', '2012-10-19'),
(966, 957, 'admin', '2012-10-19 10:35:00', '2012-10-19'),
(967, 958, 'admin', '2012-10-19 10:36:00', '2012-10-19'),
(968, 959, 'admin', '2012-10-19 10:37:00', '2012-10-19'),
(969, 960, 'admin', '2012-10-19 10:37:00', '2012-10-19'),
(970, 961, 'admin', '2012-10-19 10:38:00', '2012-10-19'),
(971, 962, 'admin', '2012-10-19 10:39:00', '2012-10-19'),
(972, 963, 'admin', '2012-10-19 10:41:00', '2012-10-19'),
(973, 964, 'admin', '2012-10-19 10:42:00', '2012-10-19'),
(974, 965, 'admin', '2012-10-19 10:43:00', '2012-10-19'),
(975, 966, 'admin', '2012-10-19 10:44:00', '2012-10-19'),
(976, 967, 'admin', '2012-10-19 10:45:00', '2012-10-19'),
(977, 968, 'admin', '2012-10-19 10:46:00', '2012-10-19'),
(978, 969, 'admin', '2012-10-19 10:46:00', '2012-10-19'),
(979, 970, 'admin', '2012-10-19 10:47:00', '2012-10-19'),
(980, 971, 'admin', '2012-10-19 10:48:00', '2012-10-19'),
(981, 972, 'admin', '2012-10-19 10:53:00', '2012-10-19'),
(982, 973, 'admin', '2012-10-19 10:54:00', '2012-10-19'),
(983, 974, 'admin', '2012-10-19 10:55:00', '2012-10-19'),
(984, 975, 'admin', '2012-10-19 10:55:00', '2012-10-19'),
(985, 976, 'admin', '2012-10-19 10:56:00', '2012-10-19'),
(986, 977, 'admin', '2012-10-19 10:57:00', '2012-10-19'),
(987, 978, 'admin', '2012-10-19 10:57:00', '2012-10-19'),
(988, 979, 'admin', '2012-10-19 11:00:00', '2012-10-19'),
(989, 980, 'admin', '2012-10-19 11:00:00', '2012-10-19'),
(990, 981, 'admin', '2012-10-19 11:00:00', '2012-10-19'),
(991, 982, 'admin', '2012-10-19 11:01:00', '2012-10-19'),
(992, 983, 'admin', '2012-10-19 11:01:00', '2012-10-19'),
(993, 984, 'admin', '2012-10-19 11:02:00', '2012-10-19'),
(994, 985, 'admin', '2012-10-19 11:03:00', '2012-10-19'),
(995, 986, 'admin', '2012-10-19 11:04:00', '2012-10-19'),
(996, 987, 'admin', '2012-10-19 11:05:00', '2012-10-19'),
(997, 988, 'admin', '2012-10-19 11:06:00', '2012-10-19'),
(998, 989, 'admin', '2012-10-19 11:08:00', '2012-10-19'),
(999, 990, 'admin', '2012-10-19 11:09:00', '2012-10-19'),
(1000, 991, 'admin', '2012-10-19 11:09:00', '2012-10-19'),
(1001, 992, 'admin', '2012-10-19 11:10:00', '2012-10-19'),
(1002, 993, 'admin', '2012-10-19 11:10:00', '2012-10-19'),
(1003, 994, 'admin', '2012-10-19 11:12:00', '2012-10-19'),
(1004, 995, 'admin', '2012-10-19 11:13:00', '2012-10-19'),
(1005, 996, 'admin', '2012-10-19 11:15:00', '2012-10-19'),
(1006, 997, 'admin', '2012-10-19 11:15:00', '2012-10-19'),
(1007, 998, 'admin', '2012-10-19 11:15:00', '2012-10-19'),
(1008, 999, 'admin', '2012-10-19 11:19:00', '2012-10-19'),
(1009, 1000, 'admin', '2012-10-19 11:20:00', '2012-10-19'),
(1010, 1001, 'admin', '2012-10-19 11:21:00', '2012-10-19'),
(1011, 1002, 'admin', '2012-10-19 11:21:00', '2012-10-19'),
(1012, 1003, 'admin', '2012-10-19 11:22:00', '2012-10-19'),
(1013, 1004, 'admin', '2012-10-19 11:22:00', '2012-10-19'),
(1014, 1005, 'admin', '2012-10-19 11:24:00', '2012-10-19'),
(1015, 1006, 'admin', '2012-10-19 11:26:00', '2012-10-19'),
(1016, 1007, 'admin', '2012-10-19 11:27:00', '2012-10-19'),
(1017, 1008, 'admin', '2012-10-19 11:28:00', '2012-10-19'),
(1018, 1009, 'admin', '2012-10-19 11:31:00', '2012-10-19'),
(1019, 1010, 'admin', '2012-10-19 11:32:00', '2012-10-19'),
(1020, 1011, 'admin', '2012-10-19 11:33:00', '2012-10-19'),
(1021, 1012, 'admin', '2012-10-19 11:33:00', '2012-10-19'),
(1022, 1013, 'admin', '2012-10-19 11:34:00', '2012-10-19'),
(1023, 1014, 'admin', '2012-10-19 11:35:00', '2012-10-19'),
(1024, 1015, 'admin', '2012-10-19 11:35:00', '2012-10-19'),
(1025, 1016, 'admin', '2012-10-19 11:36:00', '2012-10-19'),
(1026, 1017, 'admin', '2012-10-19 11:37:00', '2012-10-19'),
(1027, 1018, 'admin', '2012-10-19 11:40:00', '2012-10-19'),
(1028, 1019, 'admin', '2012-10-19 11:40:00', '2012-10-19'),
(1029, 1020, 'admin', '2012-10-19 11:42:00', '2012-10-19'),
(1030, 1021, 'admin', '2012-10-19 11:43:00', '2012-10-19'),
(1031, 1022, 'admin', '2012-10-19 11:44:00', '2012-10-19'),
(1032, 1023, 'admin', '2012-10-19 11:45:00', '2012-10-19'),
(1033, 1024, 'admin', '2012-10-19 11:45:00', '2012-10-19'),
(1034, 1025, 'admin', '2012-10-19 11:46:00', '2012-10-19'),
(1035, 1026, 'admin', '2012-10-19 11:47:00', '2012-10-19'),
(1036, 1027, 'admin', '2012-10-19 11:48:00', '2012-10-19'),
(1037, 1028, 'admin', '2012-10-19 11:48:00', '2012-10-19'),
(1038, 1029, 'admin', '2012-10-19 11:55:00', '2012-10-19'),
(1039, 1030, 'admin', '2012-10-19 11:56:00', '2012-10-19'),
(1040, 1031, 'admin', '2012-10-19 11:57:00', '2012-10-19'),
(1041, 1032, 'admin', '2012-10-19 11:57:00', '2012-10-19'),
(1042, 1033, 'admin', '2012-10-19 11:58:00', '2012-10-19'),
(1043, 1034, 'admin', '2012-10-19 11:58:00', '2012-10-19'),
(1044, 1035, 'admin', '2012-10-19 11:59:00', '2012-10-19'),
(1045, 1036, 'admin', '2012-10-19 12:00:00', '2012-10-19'),
(1046, 1037, 'admin', '2012-10-19 12:01:00', '2012-10-19'),
(1047, 1038, 'admin', '2012-10-19 12:02:00', '2012-10-19'),
(1048, 1039, 'admin', '2012-10-19 12:03:00', '2012-10-19'),
(1049, 1040, 'admin', '2012-10-19 12:03:00', '2012-10-19'),
(1050, 1041, 'admin', '2012-10-19 12:04:00', '2012-10-19'),
(1051, 1042, 'admin', '2012-10-19 12:05:00', '2012-10-19'),
(1052, 1043, 'admin', '2012-10-19 12:05:00', '2012-10-19'),
(1053, 1044, 'admin', '2012-10-19 12:06:00', '2012-10-19'),
(1054, 1045, 'admin', '2012-10-19 12:07:00', '2012-10-19'),
(1055, 1046, 'admin', '2012-10-19 12:07:00', '2012-10-19'),
(1056, 1047, 'admin', '2012-10-19 12:09:00', '2012-10-19'),
(1057, 1048, 'admin', '2012-10-19 12:09:00', '2012-10-19'),
(1058, 1049, 'admin', '2012-10-19 12:10:00', '2012-10-19'),
(1059, 1050, 'admin', '2012-10-19 13:00:00', '2012-10-19'),
(1060, 1051, 'admin', '2012-10-19 13:01:00', '2012-10-19'),
(1061, 1052, 'admin', '2012-10-19 13:02:00', '2012-10-19'),
(1062, 1053, 'admin', '2012-10-19 13:02:00', '2012-10-19'),
(1063, 1054, 'admin', '2012-10-19 13:03:00', '2012-10-19'),
(1064, 1055, 'admin', '2012-10-19 13:04:00', '2012-10-19'),
(1065, 1056, 'admin', '2012-10-19 13:04:00', '2012-10-19'),
(1066, 1057, 'admin', '2012-10-19 13:05:00', '2012-10-19'),
(1067, 1058, 'admin', '2012-10-19 13:06:00', '2012-10-19'),
(1068, 1059, 'admin', '2012-10-19 13:06:00', '2012-10-19'),
(1069, 1060, 'admin', '2012-10-19 13:07:00', '2012-10-19'),
(1070, 1061, 'admin', '2012-10-19 13:08:00', '2012-10-19'),
(1071, 1062, 'admin', '2012-10-19 13:09:00', '2012-10-19'),
(1072, 1063, 'admin', '2012-10-19 13:10:00', '2012-10-19'),
(1073, 1064, 'admin', '2012-10-19 13:11:00', '2012-10-19'),
(1074, 1065, 'admin', '2012-10-19 13:11:00', '2012-10-19'),
(1075, 1066, 'admin', '2012-10-19 13:12:00', '2012-10-19'),
(1076, 1067, 'admin', '2012-10-19 13:12:00', '2012-10-19'),
(1077, 1068, 'admin', '2012-10-19 13:13:00', '2012-10-19'),
(1078, 1069, 'admin', '2012-10-19 13:13:00', '2012-10-19'),
(1079, 1070, 'admin', '2012-10-19 13:14:00', '2012-10-19'),
(1080, 1071, 'admin', '2012-10-19 13:15:00', '2012-10-19'),
(1081, 1072, 'admin', '2012-10-19 13:15:00', '2012-10-19'),
(1082, 1073, 'admin', '2012-10-19 13:16:00', '2012-10-19'),
(1083, 1074, 'admin', '2012-10-19 13:17:00', '2012-10-19'),
(1084, 1075, 'admin', '2012-10-19 13:17:00', '2012-10-19'),
(1085, 1076, 'admin', '2012-10-19 13:18:00', '2012-10-19'),
(1086, 1077, 'admin', '2012-10-19 13:18:00', '2012-10-19'),
(1087, 1078, 'admin', '2012-10-19 13:19:00', '2012-10-19'),
(1088, 1079, 'admin', '2012-10-19 13:19:00', '2012-10-19'),
(1089, 1080, 'admin', '2012-10-19 13:21:00', '2012-10-19'),
(1090, 1081, 'admin', '2012-10-19 13:21:00', '2012-10-19'),
(1091, 1082, 'admin', '2012-10-19 13:22:00', '2012-10-19'),
(1092, 1083, 'admin', '2012-10-19 13:23:00', '2012-10-19'),
(1093, 1084, 'admin', '2012-10-19 13:24:00', '2012-10-19'),
(1094, 1085, 'admin', '2012-10-19 13:24:00', '2012-10-19'),
(1095, 1086, 'admin', '2012-10-19 13:25:00', '2012-10-19'),
(1096, 1087, 'admin', '2012-10-19 13:26:00', '2012-10-19'),
(1097, 1088, 'admin', '2012-10-19 13:27:00', '2012-10-19'),
(1098, 1089, 'admin', '2012-10-19 13:28:00', '2012-10-19'),
(1099, 1090, 'admin', '2012-10-19 13:28:00', '2012-10-19'),
(1100, 1091, 'admin', '2012-10-19 13:29:00', '2012-10-19'),
(1101, 1092, 'admin', '2012-10-19 13:29:00', '2012-10-19'),
(1102, 1093, 'admin', '2012-10-19 13:31:00', '2012-10-19'),
(1103, 1094, 'admin', '2012-10-19 13:33:00', '2012-10-19'),
(1104, 1095, 'admin', '2012-10-19 13:34:00', '2012-10-19'),
(1105, 1096, 'admin', '2012-10-19 13:34:00', '2012-10-19'),
(1106, 1097, 'admin', '2012-10-19 13:36:00', '2012-10-19'),
(1107, 1098, 'admin', '2012-10-19 13:36:00', '2012-10-19'),
(1108, 1099, 'admin', '2012-10-19 13:37:00', '2012-10-19'),
(1109, 1100, 'admin', '2012-10-19 13:37:00', '2012-10-19'),
(1110, 1101, 'admin', '2012-10-19 13:38:00', '2012-10-19'),
(1111, 1102, 'admin', '2012-10-19 13:39:00', '2012-10-19'),
(1112, 1103, 'admin', '2012-10-19 13:39:00', '2012-10-19'),
(1113, 1104, 'admin', '2012-10-19 13:40:00', '2012-10-19'),
(1114, 1105, 'admin', '2012-10-19 13:40:00', '2012-10-19'),
(1115, 1106, 'admin', '2012-10-19 13:41:00', '2012-10-19'),
(1116, 1107, 'admin', '2012-10-19 13:42:00', '2012-10-19'),
(1117, 1108, 'admin', '2012-10-19 13:42:00', '2012-10-19'),
(1118, 1109, 'admin', '2012-10-19 13:43:00', '2012-10-19'),
(1119, 1110, 'admin', '2012-10-19 13:43:00', '2012-10-19'),
(1120, 1111, 'admin', '2012-10-19 13:57:00', '2012-10-19'),
(1121, 1112, 'admin', '2012-10-19 14:45:00', '2012-10-19'),
(1122, 1113, 'admin', '2012-10-19 14:46:00', '2012-10-19'),
(1123, 1114, 'admin', '2012-10-19 14:47:00', '2012-10-19'),
(1124, 1115, 'admin', '2012-10-19 14:47:00', '2012-10-19'),
(1125, 1116, 'admin', '2012-10-19 14:48:00', '2012-10-19'),
(1126, 1117, 'admin', '2012-10-19 14:49:00', '2012-10-19'),
(1127, 1118, 'admin', '2012-10-19 14:49:00', '2012-10-19'),
(1128, 1119, 'admin', '2012-10-19 14:50:00', '2012-10-19'),
(1129, 1120, 'admin', '2012-10-19 14:51:00', '2012-10-19'),
(1130, 1121, 'admin', '2012-10-19 14:51:00', '2012-10-19'),
(1131, 1122, 'admin', '2012-10-19 14:56:00', '2012-10-19'),
(1132, 1123, 'admin', '2012-10-19 14:57:00', '2012-10-19'),
(1133, 1124, 'admin', '2012-10-19 14:57:00', '2012-10-19'),
(1134, 1125, 'admin', '2012-10-19 14:58:00', '2012-10-19'),
(1135, 1126, 'admin', '2012-10-19 14:59:00', '2012-10-19'),
(1136, 1127, 'admin', '2012-10-19 14:59:00', '2012-10-19'),
(1137, 1128, 'admin', '2012-10-19 15:00:00', '2012-10-19'),
(1138, 1129, 'admin', '2012-10-19 15:07:00', '2012-10-19'),
(1139, 1130, 'admin', '2012-10-19 15:08:00', '2012-10-19'),
(1140, 1131, 'admin', '2012-10-19 15:08:00', '2012-10-19'),
(1141, 1132, 'admin', '2012-10-19 15:09:00', '2012-10-19'),
(1142, 1133, 'admin', '2012-10-19 15:09:00', '2012-10-19'),
(1143, 1134, 'admin', '2012-10-19 15:10:00', '2012-10-19'),
(1144, 1135, 'admin', '2012-10-19 15:11:00', '2012-10-19'),
(1145, 1136, 'admin', '2012-10-19 15:11:00', '2012-10-19'),
(1146, 1137, 'admin', '2012-10-19 15:12:00', '2012-10-19'),
(1147, 1138, 'admin', '2012-10-19 15:13:00', '2012-10-19'),
(1148, 1139, 'admin', '2012-10-19 15:13:00', '2012-10-19'),
(1149, 1140, 'admin', '2012-10-19 15:14:00', '2012-10-19'),
(1150, 1141, 'admin', '2012-10-19 15:15:00', '2012-10-19'),
(1151, 1142, 'admin', '2012-10-19 15:16:00', '2012-10-19'),
(1152, 1143, 'admin', '2012-10-19 15:16:00', '2012-10-19'),
(1153, 1144, 'admin', '2012-10-19 15:17:00', '2012-10-19'),
(1154, 1145, 'admin', '2012-10-19 15:17:00', '2012-10-19'),
(1155, 1146, 'admin', '2012-10-19 15:18:00', '2012-10-19'),
(1156, 1147, 'admin', '2012-10-19 15:18:00', '2012-10-19'),
(1157, 1148, 'admin', '2012-10-19 15:19:00', '2012-10-19'),
(1158, 1149, 'admin', '2012-10-19 15:20:00', '2012-10-19'),
(1159, 1150, 'admin', '2012-10-19 15:20:00', '2012-10-19'),
(1160, 1151, 'admin', '2012-10-19 15:21:00', '2012-10-19'),
(1161, 1152, 'admin', '2012-10-19 15:21:00', '2012-10-19'),
(1162, 1153, 'admin', '2012-10-19 15:22:00', '2012-10-19'),
(1163, 1154, 'admin', '2012-10-19 15:22:00', '2012-10-19'),
(1164, 1155, 'admin', '2012-10-19 15:23:00', '2012-10-19'),
(1165, 1156, 'admin', '2012-10-19 15:27:00', '2012-10-19'),
(1166, 1157, 'admin', '2012-10-19 15:28:00', '2012-10-19'),
(1167, 1158, 'admin', '2012-10-19 15:28:00', '2012-10-19'),
(1168, 1159, 'admin', '2012-10-19 15:29:00', '2012-10-19'),
(1169, 1160, 'admin', '2012-10-19 15:30:00', '2012-10-19'),
(1170, 1161, 'admin', '2012-10-19 15:31:00', '2012-10-19'),
(1171, 1162, 'admin', '2012-10-19 15:35:00', '2012-10-19'),
(1172, 1163, 'admin', '2012-10-19 15:35:00', '2012-10-19'),
(1173, 1164, 'admin', '2012-10-19 15:36:00', '2012-10-19'),
(1174, 1165, 'admin', '2012-10-19 15:37:00', '2012-10-19'),
(1175, 1166, 'admin', '2012-10-19 15:37:00', '2012-10-19'),
(1176, 1167, 'admin', '2012-10-19 15:38:00', '2012-10-19'),
(1177, 1168, 'admin', '2012-10-19 15:39:00', '2012-10-19'),
(1178, 1169, 'admin', '2012-10-19 15:39:00', '2012-10-19'),
(1179, 1170, 'admin', '2012-10-19 15:40:00', '2012-10-19'),
(1180, 1171, 'admin', '2012-10-19 15:40:00', '2012-10-19'),
(1181, 1172, 'admin', '2012-10-19 15:41:00', '2012-10-19'),
(1182, 1173, 'admin', '2012-10-19 15:41:00', '2012-10-19'),
(1183, 1174, 'admin', '2012-10-19 15:42:00', '2012-10-19'),
(1184, 1175, 'admin', '2012-10-19 15:43:00', '2012-10-19'),
(1185, 1176, 'admin', '2012-10-19 15:43:00', '2012-10-19'),
(1186, 1177, 'admin', '2012-10-19 15:44:00', '2012-10-19'),
(1187, 1178, 'admin', '2012-10-19 15:45:00', '2012-10-19'),
(1188, 1179, 'admin', '2012-10-19 15:45:00', '2012-10-19'),
(1189, 1180, 'admin', '2012-10-19 15:46:00', '2012-10-19'),
(1190, 1181, 'admin', '2012-10-19 15:47:00', '2012-10-19'),
(1191, 1182, 'admin', '2012-10-19 15:47:00', '2012-10-19'),
(1192, 1183, 'admin', '2012-10-19 15:48:00', '2012-10-19'),
(1193, 1184, 'admin', '2012-10-19 15:49:00', '2012-10-19'),
(1194, 1185, 'admin', '2012-10-19 15:50:00', '2012-10-19'),
(1195, 1186, 'admin', '2012-10-19 15:51:00', '2012-10-19'),
(1196, 1187, 'admin', '2012-10-19 15:51:00', '2012-10-19'),
(1197, 1188, 'admin', '2012-10-19 15:52:00', '2012-10-19'),
(1198, 1189, 'admin', '2012-10-19 15:52:00', '2012-10-19'),
(1199, 1190, 'admin', '2012-10-19 15:53:00', '2012-10-19'),
(1200, 1191, 'admin', '2012-10-19 15:54:00', '2012-10-19'),
(1201, 1192, 'admin', '2012-10-19 15:55:00', '2012-10-19'),
(1202, 1193, 'admin', '2012-10-19 15:56:00', '2012-10-19'),
(1203, 1194, 'admin', '2012-10-19 15:56:00', '2012-10-19'),
(1204, 1195, 'admin', '2012-10-19 15:57:00', '2012-10-19'),
(1205, 1196, 'admin', '2012-10-19 15:58:00', '2012-10-19'),
(1206, 1197, 'admin', '2012-10-19 15:58:00', '2012-10-19'),
(1207, 1198, 'admin', '2012-10-19 15:59:00', '2012-10-19'),
(1208, 1199, 'admin', '2012-10-19 16:00:00', '2012-10-19'),
(1209, 1200, 'admin', '2012-10-19 16:00:00', '2012-10-19'),
(1210, 1201, 'admin', '2012-10-19 16:01:00', '2012-10-19'),
(1211, 1202, 'admin', '2012-10-19 16:08:00', '2012-10-19'),
(1212, 1203, 'admin', '2012-10-19 16:09:00', '2012-10-19'),
(1213, 1204, 'admin', '2012-10-19 16:11:00', '2012-10-19'),
(1214, 1205, 'admin', '2012-10-19 16:13:00', '2012-10-19'),
(1215, 1206, 'admin', '2012-10-19 16:15:00', '2012-10-19'),
(1216, 1207, 'admin', '2012-10-19 16:16:00', '2012-10-19'),
(1217, 1208, 'admin', '2012-10-19 16:17:00', '2012-10-19'),
(1218, 1209, 'admin', '2012-10-19 16:18:00', '2012-10-19'),
(1219, 1210, 'admin', '2012-10-19 16:18:00', '2012-10-19'),
(1220, 1211, 'admin', '2012-10-19 16:19:00', '2012-10-19'),
(1221, 1212, 'admin', '2012-10-19 16:20:00', '2012-10-19'),
(1222, 1213, 'admin', '2012-10-19 16:21:00', '2012-10-19'),
(1223, 1214, 'admin', '2012-10-19 16:22:00', '2012-10-19'),
(1224, 1215, 'admin', '2012-10-19 16:22:00', '2012-10-19'),
(1225, 1216, 'admin', '2012-10-19 16:23:00', '2012-10-19'),
(1226, 1217, 'admin', '2012-10-19 16:24:00', '2012-10-19'),
(1227, 1218, 'admin', '2012-10-19 16:24:00', '2012-10-19'),
(1228, 1219, 'admin', '2012-10-19 16:25:00', '2012-10-19'),
(1229, 1220, 'admin', '2012-10-19 16:26:00', '2012-10-19'),
(1230, 1221, 'admin', '2012-10-19 16:26:00', '2012-10-19'),
(1231, 1222, 'admin', '2012-10-19 16:26:00', '2012-10-19'),
(1232, 1223, 'admin', '2012-10-19 16:27:00', '2012-10-19'),
(1233, 1224, 'admin', '2012-10-19 16:28:00', '2012-10-19'),
(1234, 1225, 'admin', '2012-10-19 16:29:00', '2012-10-19'),
(1235, 1226, 'admin', '2012-10-19 16:29:00', '2012-10-19'),
(1236, 1227, 'admin', '2012-10-19 16:29:00', '2012-10-19'),
(1237, 1228, 'admin', '2012-10-19 16:30:00', '2012-10-19'),
(1238, 1229, 'admin', '2012-10-19 16:31:00', '2012-10-19'),
(1239, 1230, 'admin', '2012-10-19 16:31:00', '2012-10-19'),
(1240, 1231, 'admin', '2012-10-19 16:32:00', '2012-10-19'),
(1241, 1232, 'admin', '2012-10-19 16:32:00', '2012-10-19'),
(1242, 1233, 'admin', '2012-10-19 16:33:00', '2012-10-19'),
(1243, 1234, 'admin', '2012-10-19 16:33:00', '2012-10-19'),
(1244, 1235, 'admin', '2012-10-19 16:34:00', '2012-10-19'),
(1245, 1236, 'admin', '2012-10-19 16:34:00', '2012-10-19'),
(1246, 1237, 'admin', '2012-10-19 16:35:00', '2012-10-19'),
(1247, 1238, 'admin', '2012-10-19 16:36:00', '2012-10-19'),
(1248, 1239, 'admin', '2012-10-19 16:36:00', '2012-10-19'),
(1249, 1240, 'admin', '2012-10-19 16:37:00', '2012-10-19'),
(1250, 1241, 'admin', '2012-10-19 16:37:00', '2012-10-19'),
(1251, 1242, 'admin', '2012-10-19 16:38:00', '2012-10-19'),
(1252, 1243, 'admin', '2012-10-19 16:39:00', '2012-10-19'),
(1253, 1244, 'admin', '2012-10-19 16:39:00', '2012-10-19'),
(1254, 1245, 'admin', '2012-10-19 16:40:00', '2012-10-19'),
(1255, 1246, 'admin', '2012-10-19 16:41:00', '2012-10-19'),
(1256, 1247, 'admin', '2012-10-19 16:41:00', '2012-10-19'),
(1257, 1248, 'admin', '2012-10-19 16:42:00', '2012-10-19'),
(1258, 1249, 'admin', '2012-10-19 16:43:00', '2012-10-19'),
(1259, 1250, 'admin', '2012-10-19 16:43:00', '2012-10-19'),
(1260, 1251, 'admin', '2012-10-19 16:44:00', '2012-10-19'),
(1261, 1252, 'admin', '2012-10-19 16:45:00', '2012-10-19'),
(1262, 1253, 'admin', '2012-10-19 16:46:00', '2012-10-19'),
(1263, 1254, 'admin', '2012-10-19 16:46:00', '2012-10-19'),
(1264, 1255, 'admin', '2012-10-19 16:47:00', '2012-10-19'),
(1265, 1256, 'admin', '2012-10-19 16:48:00', '2012-10-19'),
(1266, 1257, 'admin', '2012-10-19 16:48:00', '2012-10-19'),
(1267, 1258, 'admin', '2012-10-19 16:49:00', '2012-10-19'),
(1268, 1259, 'admin', '2012-10-19 16:49:00', '2012-10-19'),
(1269, 1260, 'admin', '2012-10-19 16:50:00', '2012-10-19'),
(1270, 1261, 'admin', '2012-10-19 16:51:00', '2012-10-19'),
(1271, 1262, 'admin', '2012-10-19 16:51:00', '2012-10-19'),
(1272, 1263, 'admin', '2012-10-19 16:52:00', '2012-10-19'),
(1273, 1264, 'admin', '2012-10-19 16:53:00', '2012-10-19'),
(1274, 1265, 'admin', '2012-10-19 16:53:00', '2012-10-19'),
(1275, 1266, 'admin', '2012-10-19 16:54:00', '2012-10-19'),
(1276, 1267, 'admin', '2012-10-20 13:00:00', '2012-10-20'),
(1277, 1268, 'admin', '2012-10-20 13:02:00', '2012-10-20'),
(1278, 1269, 'admin', '2012-10-20 13:03:00', '2012-10-20'),
(1279, 1270, 'admin', '2012-10-20 13:03:00', '2012-10-20'),
(1280, 1271, 'admin', '2012-10-20 13:04:00', '2012-10-20'),
(1281, 1272, 'admin', '2012-10-20 13:05:00', '2012-10-20'),
(1282, 1273, 'admin', '2012-10-20 13:05:00', '2012-10-20'),
(1283, 1274, 'admin', '2012-10-20 13:06:00', '2012-10-20'),
(1284, 1275, 'admin', '2012-10-20 13:06:00', '2012-10-20'),
(1285, 1276, 'admin', '2012-10-20 13:07:00', '2012-10-20'),
(1286, 1277, 'admin', '2012-10-20 13:08:00', '2012-10-20'),
(1287, 1278, 'admin', '2012-10-20 13:09:00', '2012-10-20'),
(1288, 1279, 'admin', '2012-10-20 13:09:00', '2012-10-20'),
(1289, 1280, 'admin', '2012-10-20 13:10:00', '2012-10-20'),
(1290, 1281, 'admin', '2012-10-20 13:10:00', '2012-10-20'),
(1291, 1282, 'admin', '2012-10-20 13:11:00', '2012-10-20'),
(1292, 1283, 'admin', '2012-10-20 13:11:00', '2012-10-20'),
(1293, 1284, 'admin', '2012-10-20 13:12:00', '2012-10-20'),
(1294, 1285, 'admin', '2012-10-20 13:12:00', '2012-10-20'),
(1295, 1286, 'admin', '2012-10-20 13:13:00', '2012-10-20'),
(1296, 1287, 'admin', '2012-10-20 13:14:00', '2012-10-20'),
(1297, 1288, 'admin', '2012-10-20 13:15:00', '2012-10-20'),
(1298, 1289, 'admin', '2012-10-20 13:15:00', '2012-10-20'),
(1299, 1290, 'admin', '2012-10-20 13:16:00', '2012-10-20'),
(1300, 1291, 'admin', '2012-10-20 13:17:00', '2012-10-20'),
(1301, 1292, 'admin', '2012-10-20 13:18:00', '2012-10-20'),
(1302, 1293, 'admin', '2012-10-20 13:18:00', '2012-10-20'),
(1303, 1294, 'admin', '2012-10-20 13:19:00', '2012-10-20'),
(1304, 1295, 'admin', '2012-10-20 13:20:00', '2012-10-20'),
(1305, 1296, 'admin', '2012-10-20 13:20:00', '2012-10-20'),
(1306, 1297, 'admin', '2012-10-20 13:21:00', '2012-10-20'),
(1307, 1298, 'admin', '2012-10-20 13:21:00', '2012-10-20'),
(1308, 1299, 'admin', '2012-10-20 13:22:00', '2012-10-20'),
(1309, 1300, 'admin', '2012-10-20 13:22:00', '2012-10-20'),
(1310, 1301, 'admin', '2012-10-20 13:23:00', '2012-10-20'),
(1311, 1302, 'admin', '2012-10-20 13:24:00', '2012-10-20'),
(1312, 1303, 'admin', '2012-10-20 13:24:00', '2012-10-20'),
(1313, 1304, 'admin', '2012-10-20 13:25:00', '2012-10-20'),
(1314, 1305, 'admin', '2012-10-20 13:26:00', '2012-10-20'),
(1315, 1306, 'admin', '2012-10-20 13:26:00', '2012-10-20'),
(1316, 1307, 'admin', '2012-10-20 13:27:00', '2012-10-20'),
(1317, 1308, 'admin', '2012-10-20 13:26:00', '2012-10-20'),
(1318, 1309, 'admin', '2012-10-20 13:27:00', '2012-10-20'),
(1319, 1310, 'admin', '2012-10-20 13:26:00', '2012-10-20'),
(1320, 1311, 'admin', '2012-10-20 13:27:00', '2012-10-20'),
(1321, 1312, 'admin', '2012-10-20 13:29:00', '2012-10-20'),
(1322, 1313, 'admin', '2012-10-20 13:30:00', '2012-10-20'),
(1323, 1314, 'admin', '2012-10-20 13:30:00', '2012-10-20'),
(1324, 1315, 'admin', '2012-10-20 13:31:00', '2012-10-20'),
(1325, 1316, 'admin', '2012-10-20 13:32:00', '2012-10-20'),
(1326, 1317, 'admin', '2012-10-20 13:32:00', '2012-10-20'),
(1327, 1318, 'admin', '2012-10-20 13:33:00', '2012-10-20'),
(1328, 1319, 'admin', '2012-10-20 13:33:00', '2012-10-20'),
(1329, 1320, 'admin', '2012-10-20 13:34:00', '2012-10-20'),
(1330, 1321, 'admin', '2012-10-20 14:22:00', '2012-10-20'),
(1331, 1322, 'admin', '2012-10-20 14:23:00', '2012-10-20'),
(1332, 1323, 'admin', '2012-10-20 14:24:00', '2012-10-20'),
(1333, 1324, 'admin', '2012-10-20 14:24:00', '2012-10-20'),
(1334, 1325, 'admin', '2012-10-20 14:25:00', '2012-10-20'),
(1335, 1326, 'admin', '2012-10-20 14:27:00', '2012-10-20'),
(1336, 1327, 'admin', '2012-10-20 14:28:00', '2012-10-20'),
(1337, 1328, 'admin', '2012-10-20 14:28:00', '2012-10-20'),
(1338, 1329, 'admin', '2012-10-20 14:29:00', '2012-10-20'),
(1339, 1330, 'admin', '2012-10-20 14:30:00', '2012-10-20'),
(1340, 1331, 'admin', '2012-10-20 14:30:00', '2012-10-20'),
(1341, 1332, 'admin', '2012-10-20 14:31:00', '2012-10-20'),
(1342, 1333, 'admin', '2012-10-20 14:31:00', '2012-10-20'),
(1343, 1334, 'admin', '2012-10-20 14:32:00', '2012-10-20'),
(1344, 1335, 'admin', '2012-10-20 14:32:00', '2012-10-20'),
(1345, 1336, 'admin', '2012-10-20 14:33:00', '2012-10-20'),
(1346, 1337, 'admin', '2012-10-20 14:33:00', '2012-10-20'),
(1347, 1338, 'admin', '2012-10-20 14:33:00', '2012-10-20'),
(1348, 1339, 'admin', '2012-10-20 14:34:00', '2012-10-20'),
(1349, 1340, 'admin', '2012-10-20 14:34:00', '2012-10-20'),
(1350, 1341, 'admin', '2012-10-20 14:35:00', '2012-10-20'),
(1351, 1342, 'admin', '2012-10-20 14:35:00', '2012-10-20'),
(1352, 1343, 'admin', '2012-10-20 14:36:00', '2012-10-20'),
(1353, 1344, 'admin', '2012-10-20 14:36:00', '2012-10-20'),
(1354, 1345, 'admin', '2012-10-20 16:47:00', '2012-10-20'),
(1355, 1346, 'admin', '2012-10-20 16:48:00', '2012-10-20'),
(1356, 1347, 'admin', '2012-10-20 16:48:00', '2012-10-20'),
(1357, 1348, 'admin', '2012-10-20 16:49:00', '2012-10-20'),
(1358, 1349, 'admin', '2012-10-20 16:49:00', '2012-10-20'),
(1359, 1350, 'admin', '2012-10-20 16:50:00', '2012-10-20'),
(1360, 1351, 'admin', '2012-10-20 16:50:00', '2012-10-20'),
(1361, 1352, 'admin', '2012-10-20 16:51:00', '2012-10-20'),
(1362, 1353, 'admin', '2012-10-20 16:51:00', '2012-10-20'),
(1363, 1354, 'admin', '2012-10-20 16:52:00', '2012-10-20'),
(1364, 1355, 'admin', '2012-10-20 16:52:00', '2012-10-20'),
(1365, 1356, 'admin', '2012-10-20 16:52:00', '2012-10-20'),
(1366, 1357, 'admin', '2012-10-20 16:53:00', '2012-10-20'),
(1367, 1358, 'admin', '2012-10-20 16:53:00', '2012-10-20'),
(1368, 1359, 'admin', '2012-10-20 16:54:00', '2012-10-20'),
(1369, 1360, 'admin', '2012-10-20 16:54:00', '2012-10-20'),
(1370, 1361, 'admin', '2012-10-20 16:55:00', '2012-10-20'),
(1371, 1362, 'admin', '2012-10-20 16:55:00', '2012-10-20'),
(1372, 1363, 'admin', '2012-10-20 16:55:00', '2012-10-20'),
(1373, 1364, 'admin', '2012-10-20 16:56:00', '2012-10-20'),
(1374, 1365, 'admin', '2012-10-20 16:56:00', '2012-10-20'),
(1375, 1366, 'admin', '2012-10-20 16:57:00', '2012-10-20'),
(1376, 1367, 'admin', '2012-10-20 16:57:00', '2012-10-20'),
(1377, 1368, 'admin', '2012-10-20 16:57:00', '2012-10-20'),
(1378, 1369, 'admin', '2012-10-20 16:58:00', '2012-10-20'),
(1379, 1370, 'admin', '2012-10-20 16:58:00', '2012-10-20'),
(1380, 1371, 'admin', '2012-10-20 16:59:00', '2012-10-20'),
(1381, 1372, 'admin', '2012-10-20 16:59:00', '2012-10-20'),
(1382, 1373, 'admin', '2012-10-20 16:59:00', '2012-10-20'),
(1383, 1374, 'admin', '2012-10-20 17:00:00', '2012-10-20'),
(1384, 1375, 'admin', '2012-10-20 17:00:00', '2012-10-20'),
(1385, 1376, 'admin', '2012-10-20 17:01:00', '2012-10-20'),
(1386, 1377, 'admin', '2012-10-20 17:01:00', '2012-10-20'),
(1387, 1378, 'admin', '2012-10-20 17:02:00', '2012-10-20'),
(1388, 1379, 'admin', '2012-10-20 17:02:00', '2012-10-20'),
(1389, 1380, 'admin', '2012-10-20 17:02:00', '2012-10-20'),
(1390, 1381, 'admin', '2012-10-20 17:03:00', '2012-10-20'),
(1391, 1382, 'admin', '2012-10-20 17:03:00', '2012-10-20'),
(1392, 1383, 'admin', '2012-10-20 17:04:00', '2012-10-20'),
(1393, 1384, 'admin', '2012-10-20 17:04:00', '2012-10-20'),
(1394, 1385, 'admin', '2012-10-20 17:05:00', '2012-10-20'),
(1395, 1386, 'admin', '2012-10-20 17:05:00', '2012-10-20'),
(1396, 1387, 'admin', '2012-10-20 17:05:00', '2012-10-20'),
(1397, 1388, 'admin', '2012-10-20 17:06:00', '2012-10-20'),
(1398, 1389, 'admin', '2012-10-20 17:06:00', '2012-10-20'),
(1399, 1390, 'admin', '2012-10-20 17:07:00', '2012-10-20'),
(1400, 1391, 'admin', '2012-10-20 17:08:00', '2012-10-20'),
(1401, 1392, 'admin', '2012-10-20 17:08:00', '2012-10-20'),
(1402, 1393, 'admin', '2012-10-20 17:09:00', '2012-10-20'),
(1403, 1394, 'admin', '2012-10-20 17:10:00', '2012-10-20'),
(1404, 1395, 'admin', '2012-10-20 17:11:00', '2012-10-20'),
(1405, 1396, 'admin', '2012-10-20 17:12:00', '2012-10-20'),
(1406, 1397, 'admin', '2012-10-20 17:12:00', '2012-10-20'),
(1407, 1398, 'admin', '2012-10-20 17:13:00', '2012-10-20'),
(1408, 1399, 'admin', '2012-10-20 17:14:00', '2012-10-20'),
(1409, 1400, 'admin', '2012-10-20 17:15:00', '2012-10-20'),
(1410, 1401, 'admin', '2012-10-20 17:15:00', '2012-10-20'),
(1411, 1402, 'admin', '2012-10-20 17:16:00', '2012-10-20'),
(1412, 1403, 'admin', '2012-10-20 17:16:00', '2012-10-20'),
(1413, 1408, 'admin', '2012-10-20 15:37:00', '2012-10-20'),
(1414, 1409, 'admin', '2012-10-20 15:38:00', '2012-10-20'),
(1415, 1410, 'admin', '2012-10-20 15:39:00', '2012-10-20'),
(1416, 1411, 'admin', '2012-10-20 15:39:00', '2012-10-20'),
(1417, 1412, 'admin', '2012-10-20 15:39:00', '2012-10-20'),
(1418, 1413, 'admin', '2012-10-20 15:41:00', '2012-10-20'),
(1419, 1414, 'admin', '2012-10-20 15:42:00', '2012-10-20'),
(1420, 1415, 'admin', '2012-10-20 15:42:00', '2012-10-20'),
(1421, 1416, 'admin', '2012-10-20 15:43:00', '2012-10-20'),
(1422, 1417, 'admin', '2012-10-20 15:44:00', '2012-10-20'),
(1423, 1418, 'admin', '2012-10-20 15:45:00', '2012-10-20'),
(1424, 1419, 'admin', '2012-10-20 15:46:00', '2012-10-20'),
(1425, 1420, 'admin', '2012-10-20 15:46:00', '2012-10-20'),
(1426, 1421, 'admin', '2012-10-20 15:47:00', '2012-10-20'),
(1427, 1422, 'admin', '2012-10-20 15:48:00', '2012-10-20'),
(1428, 1423, 'admin', '2012-10-20 15:49:00', '2012-10-20'),
(1429, 1424, 'admin', '2012-10-20 15:50:00', '2012-10-20'),
(1430, 1425, 'admin', '2012-10-20 15:51:00', '2012-10-20'),
(1431, 1426, 'admin', '2012-10-20 15:54:00', '2012-10-20'),
(1432, 1427, 'admin', '2012-10-20 15:55:00', '2012-10-20'),
(1433, 1428, 'admin', '2012-10-20 15:56:00', '2012-10-20'),
(1434, 1429, 'admin', '2012-10-20 15:57:00', '2012-10-20'),
(1435, 1430, 'admin', '2012-10-20 15:58:00', '2012-10-20'),
(1436, 1431, 'admin', '2012-10-20 15:59:00', '2012-10-20'),
(1437, 1432, 'admin', '2012-10-20 16:00:00', '2012-10-20'),
(1438, 1433, 'admin', '2012-10-20 16:01:00', '2012-10-20'),
(1439, 1434, 'admin', '2012-10-20 16:01:00', '2012-10-20'),
(1440, 1435, 'admin', '2012-10-20 16:02:00', '2012-10-20'),
(1441, 1436, 'admin', '2012-10-20 16:03:00', '2012-10-20'),
(1442, 1437, 'admin', '2012-10-20 16:04:00', '2012-10-20'),
(1443, 1438, 'admin', '2012-10-20 16:07:00', '2012-10-20'),
(1444, 1439, 'admin', '2012-10-20 16:07:00', '2012-10-20'),
(1445, 1440, 'admin', '2012-10-20 16:08:00', '2012-10-20'),
(1446, 1441, 'admin', '2012-10-20 16:09:00', '2012-10-20'),
(1447, 1442, 'admin', '2012-10-20 16:09:00', '2012-10-20'),
(1448, 1443, 'admin', '2012-10-20 16:10:00', '2012-10-20'),
(1449, 1444, 'admin', '2012-10-20 16:11:00', '2012-10-20'),
(1450, 1445, 'admin', '2012-10-20 16:11:00', '2012-10-20'),
(1451, 1405, 'admin', '2012-10-20 15:32:00', '2012-10-20'),
(1452, 1406, 'admin', '2012-10-20 15:34:00', '2012-10-20'),
(1453, 1407, 'admin', '2012-10-20 15:36:00', '2012-10-20'),
(1454, 1446, 'admin', '2012-10-20 17:23:00', '2012-10-20'),
(1455, 1447, 'admin', '2012-10-20 17:26:00', '2012-10-20'),
(1456, 1448, 'admin', '2012-10-20 17:27:00', '2012-10-20'),
(1457, 1449, 'admin', '2012-10-20 17:28:00', '2012-10-20'),
(1458, 1450, 'admin', '2012-10-20 17:28:00', '2012-10-20'),
(1459, 1451, 'admin', '2012-10-20 17:29:00', '2012-10-20'),
(1460, 1452, 'admin', '2012-10-20 17:29:00', '2012-10-20'),
(1461, 1453, 'admin', '2012-10-20 17:30:00', '2012-10-20'),
(1462, 1454, 'admin', '2012-10-20 17:30:00', '2012-10-20'),
(1463, 1455, 'admin', '2012-10-20 17:31:00', '2012-10-20'),
(1464, 1456, 'admin', '2012-10-20 17:32:00', '2012-10-20'),
(1465, 1457, 'admin', '2012-10-20 17:33:00', '2012-10-20'),
(1466, 1458, 'admin', '2012-10-20 17:33:00', '2012-10-20'),
(1467, 1459, 'admin', '2012-10-20 17:34:00', '2012-10-20'),
(1468, 1460, 'admin', '2012-10-20 17:35:00', '2012-10-20'),
(1469, 1461, 'admin', '2012-10-20 17:35:00', '2012-10-20'),
(1470, 1462, 'admin', '2012-10-20 17:36:00', '2012-10-20'),
(1471, 1463, 'admin', '2012-10-20 17:36:00', '2012-10-20'),
(1472, 1464, 'admin', '2012-10-20 17:39:00', '2012-10-20'),
(1473, 1465, 'admin', '2012-10-20 17:40:00', '2012-10-20'),
(1474, 1466, 'admin', '2012-10-20 17:40:00', '2012-10-20'),
(1475, 1467, 'admin', '2012-10-20 17:41:00', '2012-10-20'),
(1476, 1468, 'admin', '2012-10-20 17:41:00', '2012-10-20'),
(1477, 1469, 'admin', '2012-10-20 17:42:00', '2012-10-20'),
(1478, 1470, 'admin', '2012-10-20 17:43:00', '2012-10-20'),
(1479, 1471, 'admin', '2012-10-20 17:44:00', '2012-10-20'),
(1480, 1472, 'admin', '2012-10-20 17:44:00', '2012-10-20'),
(1481, 1473, 'admin', '2012-10-20 17:45:00', '2012-10-20'),
(1482, 1474, 'admin', '2012-10-20 17:45:00', '2012-10-20'),
(1483, 1475, 'admin', '2012-10-20 17:46:00', '2012-10-20'),
(1484, 1476, 'admin', '2012-10-20 17:46:00', '2012-10-20'),
(1485, 1477, 'admin', '2012-10-20 17:51:00', '2012-10-20'),
(1486, 1478, 'admin', '2012-10-20 17:51:00', '2012-10-20'),
(1487, 1479, 'admin', '2012-10-20 17:52:00', '2012-10-20'),
(1488, 1480, 'admin', '2012-10-20 17:52:00', '2012-10-20'),
(1489, 1481, 'admin', '2012-10-20 17:53:00', '2012-10-20'),
(1490, 1482, 'admin', '2012-10-20 17:53:00', '2012-10-20'),
(1491, 1483, 'admin', '2012-10-20 17:54:00', '2012-10-20'),
(1492, 1484, 'admin', '2012-10-20 17:54:00', '2012-10-20'),
(1493, 1485, 'admin', '2012-10-20 17:55:00', '2012-10-20'),
(1494, 1486, 'admin', '2012-10-20 17:55:00', '2012-10-20'),
(1495, 1487, 'admin', '2012-10-20 17:56:00', '2012-10-20'),
(1496, 1488, 'admin', '2012-10-20 17:56:00', '2012-10-20'),
(1497, 1489, 'admin', '2012-10-20 17:57:00', '2012-10-20'),
(1498, 1490, 'admin', '2012-10-20 17:57:00', '2012-10-20'),
(1499, 1491, 'admin', '2012-10-20 17:58:00', '2012-10-20'),
(1500, 1492, 'admin', '2012-10-20 17:59:00', '2012-10-20'),
(1501, 1493, 'admin', '2012-10-20 17:59:00', '2012-10-20'),
(1502, 1494, 'admin', '2012-10-20 18:00:00', '2012-10-20'),
(1503, 1495, 'admin', '2012-10-20 18:00:00', '2012-10-20'),
(1504, 1496, 'admin', '2012-10-20 18:01:00', '2012-10-20'),
(1505, 1497, 'admin', '2012-10-20 18:02:00', '2012-10-20'),
(1506, 1498, 'admin', '2012-10-20 18:02:00', '2012-10-20'),
(1507, 1499, 'admin', '2012-10-20 18:03:00', '2012-10-20'),
(1508, 1500, 'admin', '2012-10-20 18:03:00', '2012-10-20'),
(1509, 1501, 'admin', '2012-10-20 18:04:00', '2012-10-20'),
(1510, 1502, 'admin', '2012-10-20 18:04:00', '2012-10-20'),
(1511, 1503, 'admin', '2012-10-20 18:04:00', '2012-10-20'),
(1512, 1504, 'admin', '2012-10-20 18:05:00', '2012-10-20'),
(1513, 1505, 'admin', '2012-10-20 18:05:00', '2012-10-20'),
(1514, 1506, 'admin', '2012-10-20 18:06:00', '2012-10-20'),
(1515, 1507, 'admin', '2012-10-20 18:07:00', '2012-10-20'),
(1516, 1508, 'admin', '2012-10-20 18:08:00', '2012-10-20'),
(1517, 1509, 'admin', '2012-10-20 18:08:00', '2012-10-20'),
(1518, 1510, 'admin', '2012-10-20 18:09:00', '2012-10-20'),
(1519, 1511, 'admin', '2012-10-20 18:10:00', '2012-10-20'),
(1520, 1512, 'admin', '2012-10-20 18:11:00', '2012-10-20'),
(1521, 1513, 'admin', '2012-10-20 18:11:00', '2012-10-20'),
(1522, 1514, 'admin', '2012-10-20 18:12:00', '2012-10-20'),
(1523, 1515, 'admin', '2012-10-20 18:14:00', '2012-10-20'),
(1524, 1516, 'admin', '2012-10-20 18:14:00', '2012-10-20'),
(1525, 1517, 'admin', '2012-10-20 18:14:00', '2012-10-20'),
(1526, 1518, 'admin', '2012-10-20 18:14:00', '2012-10-20'),
(1527, 1519, 'admin', '2012-10-20 18:15:00', '2012-10-20'),
(1528, 1520, 'admin', '2012-10-20 18:17:00', '2012-10-20'),
(1529, 1521, 'admin', '2012-10-20 18:19:00', '2012-10-20'),
(1530, 1522, 'admin', '2012-10-20 18:20:00', '2012-10-20'),
(1531, 1523, 'admin', '2012-10-20 18:20:00', '2012-10-20'),
(1532, 1524, 'admin', '2012-10-20 18:22:00', '2012-10-20'),
(1533, 1525, 'admin', '2012-10-20 18:22:00', '2012-10-20'),
(1534, 1526, 'admin', '2012-10-20 18:22:00', '2012-10-20'),
(1535, 1527, 'admin', '2012-10-20 18:22:00', '2012-10-20'),
(1536, 1528, 'admin', '2012-10-20 18:23:00', '2012-10-20'),
(1537, 1529, 'admin', '2012-10-20 18:24:00', '2012-10-20'),
(1538, 1530, 'admin', '2012-10-20 18:24:00', '2012-10-20'),
(1539, 1531, 'admin', '2012-10-20 18:26:00', '2012-10-20'),
(1540, 1532, 'admin', '2012-10-20 18:26:00', '2012-10-20'),
(1541, 1533, 'admin', '2012-10-20 18:27:00', '2012-10-20'),
(1542, 1534, 'admin', '2012-10-20 18:29:00', '2012-10-20'),
(1543, 1535, 'admin', '2012-10-20 18:30:00', '2012-10-20'),
(1544, 1536, 'admin', '2012-10-20 18:31:00', '2012-10-20'),
(1545, 1537, 'admin', '2012-10-20 18:31:00', '2012-10-20'),
(1546, 1538, 'admin', '2012-10-20 18:32:00', '2012-10-20'),
(1547, 1539, 'admin', '2012-10-20 18:33:00', '2012-10-20'),
(1548, 1540, 'admin', '2012-10-20 18:33:00', '2012-10-20'),
(1549, 1541, 'admin', '2012-10-20 18:34:00', '2012-10-20'),
(1550, 1542, 'admin', '2012-10-20 18:35:00', '2012-10-20'),
(1551, 1543, 'admin', '2012-10-20 18:35:00', '2012-10-20'),
(1552, 1544, 'admin', '2012-10-20 18:36:00', '2012-10-20'),
(1553, 1545, 'admin', '2012-10-20 18:37:00', '2012-10-20'),
(1554, 1546, 'admin', '2012-10-20 18:37:00', '2012-10-20'),
(1555, 1547, 'admin', '2012-10-20 18:37:00', '2012-10-20'),
(1556, 1548, 'admin', '2012-10-20 18:38:00', '2012-10-20');

INSERT INTO `departamento` (`idDpto`, `Descripcion`, `Usuario`, `Fecha_Creacion`) VALUES
(10, 'Compras', 'admin', '2012-10-26');

INSERT INTO `dependencia` (`idDep`, `Descripcion`, `Usuario`, `Fecha_Creacion`) VALUES
(14, 'Compras', 'admin', '2012-10-26');

INSERT INTO `dpto_dep` (`idDpto_Dep`, `idDpto`, `idDep`, `Usuario`, `Fecha_Creacion`) VALUES
(15, 10, 14, 'admin', '2012-10-26');

INSERT INTO `rol` (`idRol`, `Nombre_Rol`, `Usuario_Creador`, `Fecha_Creacion`) VALUES
(2, 'Administracion ', 'admin', '2012-10-24'),
(3, 'Garantias', 'admin', '2012-10-26'),
(4, 'Compras', 'admin', '2012-10-26'),
(5, 'PDI', 'admin', '2012-10-26'),
(6, 'Repuestos', 'admin', '2012-10-26');

INSERT INTO `menu_rol` (`idMenu_Rol`, `idMenus`, `idRol`, `Usuario_Creador`, `Fecha_Creacion`) VALUES
(18, 2, 2, 'admin', '2012-10-24'),
(19, 4, 2, 'admin', '2012-10-24'),
(20, 5, 2, 'admin', '2012-10-24'),
(21, 6, 2, 'admin', '2012-10-24'),
(22, 7, 2, 'admin', '2012-10-24'),
(23, 8, 2, 'admin', '2012-10-24'),
(24, 9, 2, 'admin', '2012-10-24'),
(25, 10, 2, 'admin', '2012-10-24'),
(26, 11, 2, 'admin', '2012-10-24'),
(27, 12, 2, 'admin', '2012-10-24'),
(28, 13, 2, 'admin', '2012-10-24'),
(29, 2, 3, 'admin', '2012-10-26'),
(30, 4, 3, 'admin', '2012-10-26'),
(31, 5, 3, 'admin', '2012-10-26'),
(32, 6, 3, 'admin', '2012-10-26'),
(33, 7, 3, 'admin', '2012-10-26'),
(34, 8, 3, 'admin', '2012-10-26'),
(35, 9, 3, 'admin', '2012-10-26'),
(36, 10, 3, 'admin', '2012-10-26'),
(37, 11, 3, 'admin', '2012-10-26'),
(38, 12, 3, 'admin', '2012-10-26'),
(39, 13, 3, 'admin', '2012-10-26'),
(40, 2, 4, 'admin', '2012-10-26'),
(41, 4, 4, 'admin', '2012-10-26'),
(42, 5, 4, 'admin', '2012-10-26'),
(43, 6, 4, 'admin', '2012-10-26'),
(44, 7, 4, 'admin', '2012-10-26'),
(45, 8, 4, 'admin', '2012-10-26'),
(46, 9, 4, 'admin', '2012-10-26'),
(47, 10, 4, 'admin', '2012-10-26'),
(48, 11, 4, 'admin', '2012-10-26'),
(49, 12, 4, 'admin', '2012-10-26'),
(50, 13, 4, 'admin', '2012-10-26'),
(51, 2, 5, 'admin', '2012-10-26'),
(52, 4, 5, 'admin', '2012-10-26'),
(53, 5, 5, 'admin', '2012-10-26'),
(54, 6, 5, 'admin', '2012-10-26'),
(55, 7, 5, 'admin', '2012-10-26'),
(56, 8, 5, 'admin', '2012-10-26'),
(57, 9, 5, 'admin', '2012-10-26'),
(58, 10, 5, 'admin', '2012-10-26'),
(59, 11, 5, 'admin', '2012-10-26'),
(60, 12, 5, 'admin', '2012-10-26'),
(61, 13, 5, 'admin', '2012-10-26'),
(62, 2, 6, 'admin', '2012-10-26'),
(63, 4, 6, 'admin', '2012-10-26'),
(64, 5, 6, 'admin', '2012-10-26'),
(65, 6, 6, 'admin', '2012-10-26'),
(66, 7, 6, 'admin', '2012-10-26'),
(67, 8, 6, 'admin', '2012-10-26'),
(68, 9, 6, 'admin', '2012-10-26'),
(69, 10, 6, 'admin', '2012-10-26'),
(70, 11, 6, 'admin', '2012-10-26'),
(71, 12, 6, 'admin', '2012-10-26'),
(72, 13, 6, 'admin', '2012-10-26');

INSERT INTO `usuario` (`idUsuario`, `Clave`, `Nombre`, `Apellido`, `Cedula`, `Usuario_Creador`, `Fecha_Creacion`) VALUES
('ddouaihi', '12345**dani', 'Daniela A.', 'Douaihi S.', 'V-22697882', 'admin', '2012-10-26'),
('jbarre', '12345**jesi', 'Jessica A.', 'Barre G.', 'V-17702580', 'admin', '2012-10-26'),
('jbustamante', '12345**jen', 'Jenny X.', 'Bustamante A.', 'V-14537954', 'admin', '2012-10-26'),
('jfernandez', '12345**jose', 'Jose D.', 'Fernandez R.', 'V-18532683', 'admin', '2012-10-26'),
('KHERNADEZ', '12345', 'KATY', 'HERNANDEZ', 'V-15000117', 'admin', '2012-10-24'),
('rlinares', '12345**ros', 'Rosmir Y.', 'Linares A.', 'V-16454488', 'admin', '2012-10-26'),
('sfernandez', '12345**fer', 'Susana T.', 'Fernandez M.', 'V-12774639', 'admin', '2012-10-26');

INSERT INTO `rol_usuario` (`idRol_Usuario`, `idUsuario`, `idRol`, `Usuario_Creador`, `Fecha_Creacion`) VALUES
(2, 'KHERNADEZ', 1, 'admin', '2012-10-24'),
(3, 'jbarre', 2, 'admin', '2012-10-26'),
(4, 'jbustamante', 2, 'admin', '2012-10-26'),
(5, 'ddouaihi', 5, 'admin', '2012-10-26'),
(6, 'rlinares', 3, 'admin', '2012-10-26'),
(7, 'jfernandez', 6, 'admin', '2012-10-26'),
(8, 'sfernandez', 4, 'admin', '2012-10-26');

INSERT INTO `usuario_dpto` (`idUsuario_Dpto`, `idDpto_Dep`, `idUsuario`, `Usuario_Creador`, `Fecha_Creacion`) VALUES
(30, 5, 'ddouaihi', 'admin', '2012-10-26'),
(31, 14, 'ddouaihi', 'admin', '2012-10-26'),
(32, 14, 'sfernandez', 'admin', '2012-10-26'),
(33, 15, 'sfernandez', 'admin', '2012-10-26'),
(34, 3, 'rlinares', 'admin', '2012-10-26'),
(35, 14, 'rlinares', 'admin', '2012-10-26'),
(36, 10, 'jbustamante', 'admin', '2012-10-26'),
(37, 11, 'jbustamante', 'admin', '2012-10-26'),
(38, 12, 'jbustamante', 'admin', '2012-10-26'),
(39, 8, 'jbustamante', 'admin', '2012-10-26'),
(40, 13, 'jbustamante', 'admin', '2012-10-26'),
(41, 9, 'jbustamante', 'admin', '2012-10-26'),
(42, 14, 'jbustamante', 'admin', '2012-10-26'),
(43, 10, 'jbarre', 'admin', '2012-10-26'),
(44, 11, 'jbarre', 'admin', '2012-10-26'),
(45, 12, 'jbarre', 'admin', '2012-10-26'),
(46, 8, 'jbarre', 'admin', '2012-10-26'),
(47, 13, 'jbarre', 'admin', '2012-10-26'),
(48, 9, 'jbarre', 'admin', '2012-10-26'),
(49, 14, 'jbarre', 'admin', '2012-10-26'),
(50, 6, 'jfernandez', 'admin', '2012-10-26'),
(51, 14, 'jfernandez', 'admin', '2012-10-26'),
(52, 1, 'admin', 'admin', '2012-10-26'),
(53, 2, 'admin', 'admin', '2012-10-26'),
(54, 3, 'admin', 'admin', '2012-10-26'),
(55, 4, 'admin', 'admin', '2012-10-26'),
(56, 5, 'admin', 'admin', '2012-10-26'),
(57, 6, 'admin', 'admin', '2012-10-26'),
(58, 7, 'admin', 'admin', '2012-10-26'),
(59, 10, 'admin', 'admin', '2012-10-26'),
(60, 11, 'admin', 'admin', '2012-10-26'),
(61, 12, 'admin', 'admin', '2012-10-26'),
(62, 8, 'admin', 'admin', '2012-10-26'),
(63, 13, 'admin', 'admin', '2012-10-26'),
(64, 9, 'admin', 'admin', '2012-10-26'),
(65, 14, 'admin', 'admin', '2012-10-26'),
(66, 15, 'admin', 'admin', '2012-10-26'),
(67, 1, 'KHERNADEZ', 'admin', '2012-10-26'),
(68, 2, 'KHERNADEZ', 'admin', '2012-10-26'),
(69, 3, 'KHERNADEZ', 'admin', '2012-10-26'),
(70, 4, 'KHERNADEZ', 'admin', '2012-10-26'),
(71, 5, 'KHERNADEZ', 'admin', '2012-10-26'),
(72, 6, 'KHERNADEZ', 'admin', '2012-10-26'),
(73, 7, 'KHERNADEZ', 'admin', '2012-10-26'),
(74, 11, 'KHERNADEZ', 'admin', '2012-10-26'),
(75, 12, 'KHERNADEZ', 'admin', '2012-10-26'),
(76, 8, 'KHERNADEZ', 'admin', '2012-10-26'),
(77, 13, 'KHERNADEZ', 'admin', '2012-10-26'),
(78, 9, 'KHERNADEZ', 'admin', '2012-10-26'),
(79, 10, 'KHERNADEZ', 'admin', '2012-10-26'),
(80, 14, 'KHERNADEZ', 'admin', '2012-10-26'),
(81, 15, 'KHERNADEZ', 'admin', '2012-10-26');
